School Year,Division Number,Division Name,School Number,School Name,Disadvantaged,FT Count,PT Count,Total Count
2025-2026,1,Accomack County,701,Accawmacke Elementary,N,             226,,             226
2025-2026,1,Accomack County,701,Accawmacke Elementary,Y,             257,,             257
2025-2026,1,Accomack County,540,Arcadia High,N,             195,,             195
2025-2026,1,Accomack County,540,Arcadia High,Y,             487,,             487
2025-2026,1,Accomack County,704,Arcadia Middle ,N,              91,,              91
2025-2026,1,Accomack County,704,Arcadia Middle ,Y,             350,,             350
2025-2026,1,Accomack County,80,Chincoteague Elementary,N,             135,,             135
2025-2026,1,Accomack County,80,Chincoteague Elementary,Y,              89,,              89
2025-2026,1,Accomack County,580,Chincoteague High,N,             136,,             136
2025-2026,1,Accomack County,580,Chincoteague High,Y,             123,,             123
2025-2026,1,Accomack County,600,Kegotank Elementary,N,             217,,             217
2025-2026,1,Accomack County,600,Kegotank Elementary,Y,             268,,             268
2025-2026,1,Accomack County,702,Metompkin Elementary,N,             166,,             166
2025-2026,1,Accomack County,702,Metompkin Elementary,Y,             217,,             217
2025-2026,1,Accomack County,70,Nandua High,N,             193,,             193
2025-2026,1,Accomack County,70,Nandua High,Y,             438,,             438
2025-2026,1,Accomack County,703,Nandua Middle,N,             107,,             107
2025-2026,1,Accomack County,703,Nandua Middle,Y,             327,,             327
2025-2026,1,Accomack County,590,Pungoteague Elementary,N,             206,,             206
2025-2026,1,Accomack County,590,Pungoteague Elementary,Y,             248,,             248
2025-2026,1,Accomack County,530,Tangier Combined,N,              22,,              22
2025-2026,1,Accomack County,530,Tangier Combined,Y,              17,,              17
2025-2026,2,Albemarle County,160,Agnor Elementary,N,             299,,             299
2025-2026,2,Albemarle County,160,Agnor Elementary,Y,             208,,             208
2025-2026,2,Albemarle County,880,Albemarle High,N,"           1,330",<,"           1,333"
2025-2026,2,Albemarle County,880,Albemarle High,Y,             575,<,             576
2025-2026,2,Albemarle County,1053,Baker-Butler Elementary,N,             501,,             501
2025-2026,2,Albemarle County,1053,Baker-Butler Elementary,Y,             185,,             185
2025-2026,2,Albemarle County,100,Broadus Wood Elementary,N,             223,,             223
2025-2026,2,Albemarle County,100,Broadus Wood Elementary,Y,              42,,              42
2025-2026,2,Albemarle County,941,Brownsville Elementary,N,             429,,             429
2025-2026,2,Albemarle County,941,Brownsville Elementary,Y,              75,,              75
2025-2026,2,Albemarle County,890,Community Lab School,N,             173,,             173
2025-2026,2,Albemarle County,890,Community Lab School,Y,<,,<
2025-2026,2,Albemarle County,340,Crozet Elementary,N,             476,,             476
2025-2026,2,Albemarle County,340,Crozet Elementary,Y,              91,,              91
2025-2026,2,Albemarle County,10,Hollymead Elementary,N,             361,,             361
2025-2026,2,Albemarle County,10,Hollymead Elementary,Y,             107,,             107
2025-2026,2,Albemarle County,250,Ivy Elementary,N,             338,,             338
2025-2026,2,Albemarle County,250,Ivy Elementary,Y,              31,,              31
2025-2026,2,Albemarle County,69,Jackson P. Burley Middle,N,             333,,             333
2025-2026,2,Albemarle County,69,Jackson P. Burley Middle,Y,             176,,             176
2025-2026,2,Albemarle County,942,Joseph T. Henley Middle,N,             784,,             784
2025-2026,2,Albemarle County,942,Joseph T. Henley Middle,Y,              88,,              88
2025-2026,2,Albemarle County,950,Journey Middle,N,             351,,             351
2025-2026,2,Albemarle County,950,Journey Middle,Y,             292,,             292
2025-2026,2,Albemarle County,1051,Lakeside Middle,N,             477,<,             479
2025-2026,2,Albemarle County,1051,Lakeside Middle,Y,             122,,             122
2025-2026,2,Albemarle County,20,Leslie H. Walton Middle,N,             250,,             250
2025-2026,2,Albemarle County,20,Leslie H. Walton Middle,Y,             114,,             114
2025-2026,2,Albemarle County,40,Mary Carr Greer Elementary,N,             253,,             253
2025-2026,2,Albemarle County,40,Mary Carr Greer Elementary,Y,             247,,             247
2025-2026,2,Albemarle County,1052,Monticello High,N,             807,<,             808
2025-2026,2,Albemarle County,1052,Monticello High,Y,             341,,             341
2025-2026,2,Albemarle County,150,Mountain View Elementary,N,             516,,             516
2025-2026,2,Albemarle County,150,Mountain View Elementary,Y,             243,,             243
2025-2026,2,Albemarle County,540,Red Hill Elementary,N,             125,,             125
2025-2026,2,Albemarle County,540,Red Hill Elementary,Y,              70,,              70
2025-2026,2,Albemarle County,30,Scottsville Elementary,N,             117,,             117
2025-2026,2,Albemarle County,30,Scottsville Elementary,Y,              96,,              96
2025-2026,2,Albemarle County,920,Stone Robinson Elementary,N,             312,,             312
2025-2026,2,Albemarle County,920,Stone Robinson Elementary,Y,             129,,             129
2025-2026,2,Albemarle County,240,Stony Point Elementary,N,             197,,             197
2025-2026,2,Albemarle County,240,Stony Point Elementary,Y,              55,,              55
2025-2026,2,Albemarle County,910,Virginia L. Murray Elementary,N,             240,,             240
2025-2026,2,Albemarle County,910,Virginia L. Murray Elementary,Y,              17,,              17
2025-2026,2,Albemarle County,140,Western Albemarle High,N,"           1,168",<,"           1,170"
2025-2026,2,Albemarle County,140,Western Albemarle High,Y,             138,<,             139
2025-2026,2,Albemarle County,930,Woodbrook Elementary,N,             216,,             216
2025-2026,2,Albemarle County,930,Woodbrook Elementary,Y,             326,,             326
2025-2026,101,Alexandria City,210,Alexandria City High,N,"           2,167",<,"           2,168"
2025-2026,101,Alexandria City,210,Alexandria City High,Y,"           2,287",,"           2,287"
2025-2026,101,Alexandria City,120,Charles Barrett Elementary,N,             219,<,             220
2025-2026,101,Alexandria City,120,Charles Barrett Elementary,Y,             276,,             276
2025-2026,101,Alexandria City,160,Cora Kelly School for Math Science and Technology,N,             142,,             142
2025-2026,101,Alexandria City,160,Cora Kelly School for Math Science and Technology,Y,             187,,             187
2025-2026,101,Alexandria City,110,Douglas MacArthur Elementary,N,             397,<,             398
2025-2026,101,Alexandria City,110,Douglas MacArthur Elementary,Y,             299,,             299
2025-2026,101,Alexandria City,360,Early Childhood Center,N,             112,,             112
2025-2026,101,Alexandria City,360,Early Childhood Center,Y,              85,,              85
2025-2026,101,Alexandria City,350,Ferdinand T. Day Elementary,N,             145,,             145
2025-2026,101,Alexandria City,350,Ferdinand T. Day Elementary,Y,             451,,             451
2025-2026,101,Alexandria City,140,Francis C. Hammond Middle,N,             596,,             596
2025-2026,101,Alexandria City,140,Francis C. Hammond Middle,Y,             996,,             996
2025-2026,101,Alexandria City,100,George Mason Elementary,N,             163,,             163
2025-2026,101,Alexandria City,100,George Mason Elementary,Y,             128,,             128
2025-2026,101,Alexandria City,130,George Washington Middle,N,             768,<,             772
2025-2026,101,Alexandria City,130,George Washington Middle,Y,             689,,             689
2025-2026,101,Alexandria City,220,James K. Polk Elementary,N,             346,,             346
2025-2026,101,Alexandria City,220,James K. Polk Elementary,Y,             432,,             432
2025-2026,101,Alexandria City,90,Jefferson-Houston PK-8 School,N,             225,<,             226
2025-2026,101,Alexandria City,90,Jefferson-Houston PK-8 School,Y,             267,,             267
2025-2026,101,Alexandria City,230,John Adams Elementary,N,             329,,             329
2025-2026,101,Alexandria City,230,John Adams Elementary,Y,             450,,             450
2025-2026,101,Alexandria City,80,Lyles-Crouch Elementary,N,             287,<,             290
2025-2026,101,Alexandria City,80,Lyles-Crouch Elementary,Y,             113,,             113
2025-2026,101,Alexandria City,30,Mount Vernon Elementary,N,             504,<,             506
2025-2026,101,Alexandria City,30,Mount Vernon Elementary,Y,             397,,             397
2025-2026,101,Alexandria City,60,Naomi L. Brooks Elementary,N,             198,<,             199
2025-2026,101,Alexandria City,60,Naomi L. Brooks Elementary,Y,             106,,             106
2025-2026,101,Alexandria City,50,Patrick Henry K-8 School,N,             376,,             376
2025-2026,101,Alexandria City,50,Patrick Henry K-8 School,Y,             685,,             685
2025-2026,101,Alexandria City,333,Samuel W. Tucker Elementary,N,             379,,             379
2025-2026,101,Alexandria City,333,Samuel W. Tucker Elementary,Y,             352,,             352
2025-2026,101,Alexandria City,190,William Ramsay Elementary,N,             162,,             162
2025-2026,101,Alexandria City,190,William Ramsay Elementary,Y,             573,,             573
2025-2026,3,Alleghany Highlands,310,Alleghany High,N,             459,,             459
2025-2026,3,Alleghany Highlands,310,Alleghany High,Y,             323,<,             324
2025-2026,3,Alleghany Highlands,110,Callaghan Elementary,N,             168,,             168
2025-2026,3,Alleghany Highlands,110,Callaghan Elementary,Y,              77,,              77
2025-2026,3,Alleghany Highlands,1040,Covington Middle,N,             306,,             306
2025-2026,3,Alleghany Highlands,1040,Covington Middle,Y,             279,,             279
2025-2026,3,Alleghany Highlands,360,Jeter-Watson Elementary,N,             255,,             255
2025-2026,3,Alleghany Highlands,360,Jeter-Watson Elementary,Y,             267,,             267
2025-2026,3,Alleghany Highlands,1041,Mountain View Elementary,N,             188,,             188
2025-2026,3,Alleghany Highlands,1041,Mountain View Elementary,Y,             225,,             225
2025-2026,3,Alleghany Highlands,90,Sharon Elementary,N,             109,,             109
2025-2026,3,Alleghany Highlands,90,Sharon Elementary,Y,              96,,              96
2025-2026,4,Amelia County,220,Amelia County Elementary,N,             400,,             400
2025-2026,4,Amelia County,220,Amelia County Elementary,Y,             371,,             371
2025-2026,4,Amelia County,10,Amelia County High,N,             256,,             256
2025-2026,4,Amelia County,10,Amelia County High,Y,             221,,             221
2025-2026,4,Amelia County,210,Amelia County Middle,N,             159,,             159
2025-2026,4,Amelia County,210,Amelia County Middle,Y,             153,,             153
2025-2026,5,Amherst County,780,Amelon Elementary,N,             233,,             233
2025-2026,5,Amherst County,780,Amelon Elementary,Y,             198,,             198
2025-2026,5,Amherst County,750,Amherst County High,N,             706,,             706
2025-2026,5,Amherst County,750,Amherst County High,Y,             480,,             480
2025-2026,5,Amherst County,790,Amherst Elementary,N,             179,,             179
2025-2026,5,Amherst County,790,Amherst Elementary,Y,             124,,             124
2025-2026,5,Amherst County,670,Amherst Middle,N,             217,,             217
2025-2026,5,Amherst County,670,Amherst Middle,Y,             162,,             162
2025-2026,5,Amherst County,770,Central Elementary,N,              98,,              98
2025-2026,5,Amherst County,770,Central Elementary,Y,             159,,             159
2025-2026,5,Amherst County,760,Elon Elementary,N,             178,,             178
2025-2026,5,Amherst County,760,Elon Elementary,Y,             101,,             101
2025-2026,5,Amherst County,500,Madison Heights Elementary,N,             172,,             172
2025-2026,5,Amherst County,500,Madison Heights Elementary,Y,             298,,             298
2025-2026,5,Amherst County,20,Monelison Middle,N,             236,,             236
2025-2026,5,Amherst County,20,Monelison Middle,Y,             242,,             242
2025-2026,5,Amherst County,740,Temperance Elementary,N,              76,,              76
2025-2026,5,Amherst County,740,Temperance Elementary,Y,              27,,              27
2025-2026,6,Appomattox County,260,Appomattox County High,N,             453,,             453
2025-2026,6,Appomattox County,260,Appomattox County High,Y,             264,,             264
2025-2026,6,Appomattox County,110,Appomattox Elementary,N,             296,,             296
2025-2026,6,Appomattox County,110,Appomattox Elementary,Y,             215,,             215
2025-2026,6,Appomattox County,160,Appomattox Middle,N,             344,,             344
2025-2026,6,Appomattox County,160,Appomattox Middle,Y,             226,,             226
2025-2026,6,Appomattox County,250,Appomattox Primary,N,             330,,             330
2025-2026,6,Appomattox County,250,Appomattox Primary,Y,             258,,             258
2025-2026,7,Arlington County,350,Abingdon Elementary,N,             618,,             618
2025-2026,7,Arlington County,350,Abingdon Elementary,Y,              99,,              99
2025-2026,7,Arlington County,160,Alice West Fleet Elementary,N,             389,,             389
2025-2026,7,Arlington County,160,Alice West Fleet Elementary,Y,             220,,             220
2025-2026,7,Arlington County,618,Arlington Community High,N,             118,,             118
2025-2026,7,Arlington County,618,Arlington Community High,Y,              25,,              25
2025-2026,7,Arlington County,629,Arlington Science Focus School,N,             482,,             482
2025-2026,7,Arlington County,629,Arlington Science Focus School,Y,              96,,              96
2025-2026,7,Arlington County,470,Arlington Traditional,N,             429,,             429
2025-2026,7,Arlington County,470,Arlington Traditional,Y,             195,,             195
2025-2026,7,Arlington County,490,Ashlawn Elementary,N,             421,,             421
2025-2026,7,Arlington County,490,Ashlawn Elementary,Y,             107,,             107
2025-2026,7,Arlington County,150,Barcroft Elementary,N,             378,,             378
2025-2026,7,Arlington County,150,Barcroft Elementary,Y,              86,,              86
2025-2026,7,Arlington County,250,Barrett Elementary,N,             335,,             335
2025-2026,7,Arlington County,250,Barrett Elementary,Y,             126,,             126
2025-2026,7,Arlington County,615,Campbell Elementary,N,             340,,             340
2025-2026,7,Arlington County,615,Campbell Elementary,Y,              74,,              74
2025-2026,7,Arlington County,380,Cardinal Elementary,N,             635,,             635
2025-2026,7,Arlington County,380,Cardinal Elementary,Y,              55,,              55
2025-2026,7,Arlington County,90,Carlin Springs Elementary,N,             358,,             358
2025-2026,7,Arlington County,90,Carlin Springs Elementary,Y,             152,,             152
2025-2026,7,Arlington County,622,Claremont Immersion,N,             366,,             366
2025-2026,7,Arlington County,622,Claremont Immersion,Y,             198,,             198
2025-2026,7,Arlington County,626,Discovery Elementary,N,             453,,             453
2025-2026,7,Arlington County,626,Discovery Elementary,Y,              19,,              19
2025-2026,7,Arlington County,628,Dorothy Hamm Middle,N,             811,<,             812
2025-2026,7,Arlington County,628,Dorothy Hamm Middle,Y,             203,,             203
2025-2026,7,Arlington County,200,Dr. Charles R. Drew Elementary,N,             331,,             331
2025-2026,7,Arlington County,200,Dr. Charles R. Drew Elementary,Y,             105,,             105
2025-2026,7,Arlington County,111,Escuela Key Elementary,N,             422,,             422
2025-2026,7,Arlington County,111,Escuela Key Elementary,Y,             152,,             152
2025-2026,7,Arlington County,100,Glebe Elementary,N,             496,,             496
2025-2026,7,Arlington County,100,Glebe Elementary,Y,              81,,              81
2025-2026,7,Arlington County,611,Gunston Middle,N,             785,,             785
2025-2026,7,Arlington County,611,Gunston Middle,Y,             345,,             345
2025-2026,7,Arlington County,614,Hoffman-Boston Elementary,N,             331,,             331
2025-2026,7,Arlington County,614,Hoffman-Boston Elementary,Y,             239,,             239
2025-2026,7,Arlington County,613,Innovation Elementary ,N,             313,,             313
2025-2026,7,Arlington County,613,Innovation Elementary ,Y,             194,,             194
2025-2026,7,Arlington County,37,Integration Station,N,              39,,              39
2025-2026,7,Arlington County,37,Integration Station,Y,<,,<
2025-2026,7,Arlington County,440,Jamestown Elementary,N,             443,,             443
2025-2026,7,Arlington County,440,Jamestown Elementary,Y,<,,<
2025-2026,7,Arlington County,180,Jefferson Middle,N,             820,,             820
2025-2026,7,Arlington County,180,Jefferson Middle,Y,             300,,             300
2025-2026,7,Arlington County,500,Kenmore Middle,N,             757,,             757
2025-2026,7,Arlington County,500,Kenmore Middle,Y,             307,,             307
2025-2026,7,Arlington County,460,Long Branch Elementary,N,             326,,             326
2025-2026,7,Arlington County,460,Long Branch Elementary,Y,             132,,             132
2025-2026,7,Arlington County,627,Montessori Public School of Arlington,N,             364,,             364
2025-2026,7,Arlington County,627,Montessori Public School of Arlington,Y,             156,,             156
2025-2026,7,Arlington County,410,Nottingham Elementary,N,             344,,             344
2025-2026,7,Arlington County,410,Nottingham Elementary,Y,              18,,              18
2025-2026,7,Arlington County,360,Oakridge Elementary,N,             438,,             438
2025-2026,7,Arlington County,360,Oakridge Elementary,Y,             176,,             176
2025-2026,7,Arlington County,510,Randolph Elementary,N,             343,,             343
2025-2026,7,Arlington County,510,Randolph Elementary,Y,              87,,              87
2025-2026,7,Arlington County,240,Swanson Middle,N,             764,,             764
2025-2026,7,Arlington County,240,Swanson Middle,Y,             204,,             204
2025-2026,7,Arlington County,420,Taylor Elementary,N,             479,,             479
2025-2026,7,Arlington County,420,Taylor Elementary,Y,              37,,              37
2025-2026,7,Arlington County,211,Tuckahoe Elementary,N,             443,,             443
2025-2026,7,Arlington County,211,Tuckahoe Elementary,Y,              14,,              14
2025-2026,7,Arlington County,450,Wakefield High,N,"           1,889",<,"           1,890"
2025-2026,7,Arlington County,450,Wakefield High,Y,             646,<,             647
2025-2026,7,Arlington County,80,Washington-Liberty High,N,"           2,216",,"           2,216"
2025-2026,7,Arlington County,80,Washington-Liberty High,Y,             835,,             835
2025-2026,7,Arlington County,480,Williamsburg Middle,N,             884,,             884
2025-2026,7,Arlington County,480,Williamsburg Middle,Y,              40,,              40
2025-2026,7,Arlington County,330,Yorktown High,N,"           2,184",,"           2,184"
2025-2026,7,Arlington County,330,Yorktown High,Y,             390,,             390
2025-2026,8,Augusta County,660,Buffalo Gap High,N,             273,,             273
2025-2026,8,Augusta County,660,Buffalo Gap High,Y,             102,,             102
2025-2026,8,Augusta County,650,Buffalo Gap Middle,N,             201,,             201
2025-2026,8,Augusta County,650,Buffalo Gap Middle,Y,              94,,              94
2025-2026,8,Augusta County,30,Cassell Elementary,N,             388,,             388
2025-2026,8,Augusta County,30,Cassell Elementary,Y,             235,,             235
2025-2026,8,Augusta County,140,Churchville Elementary,N,             270,,             270
2025-2026,8,Augusta County,140,Churchville Elementary,Y,             156,,             156
2025-2026,8,Augusta County,370,Craigsville Elementary,N,              42,,              42
2025-2026,8,Augusta County,370,Craigsville Elementary,Y,              69,,              69
2025-2026,8,Augusta County,842,Edward G. Clymore Elementary,N,             517,,             517
2025-2026,8,Augusta County,842,Edward G. Clymore Elementary,Y,             288,,             288
2025-2026,8,Augusta County,670,Fort Defiance High,N,             486,<,             488
2025-2026,8,Augusta County,670,Fort Defiance High,Y,             232,,             232
2025-2026,8,Augusta County,843,Guy K. Stump Elementary,N,             295,,             295
2025-2026,8,Augusta County,843,Guy K. Stump Elementary,Y,             156,,             156
2025-2026,8,Augusta County,40,North River Elementary,N,             125,,             125
2025-2026,8,Augusta County,40,North River Elementary,Y,              90,,              90
2025-2026,8,Augusta County,740,Riverheads Elementary,N,             458,,             458
2025-2026,8,Augusta County,740,Riverheads Elementary,Y,             271,,             271
2025-2026,8,Augusta County,680,Riverheads High,N,             313,,             313
2025-2026,8,Augusta County,680,Riverheads High,Y,             130,,             130
2025-2026,8,Augusta County,70,Riverheads Middle,N,             258,,             258
2025-2026,8,Augusta County,70,Riverheads Middle,Y,             115,,             115
2025-2026,8,Augusta County,90,S. Gordon Stewart Middle,N,             324,,             324
2025-2026,8,Augusta County,90,S. Gordon Stewart Middle,Y,             186,,             186
2025-2026,8,Augusta County,440,Stuarts Draft Elementary,N,             410,,             410
2025-2026,8,Augusta County,440,Stuarts Draft Elementary,Y,             245,,             245
2025-2026,8,Augusta County,730,Stuarts Draft High,N,             451,,             451
2025-2026,8,Augusta County,730,Stuarts Draft High,Y,             197,,             197
2025-2026,8,Augusta County,60,Stuarts Draft Middle,N,             335,,             335
2025-2026,8,Augusta County,60,Stuarts Draft Middle,Y,             179,,             179
2025-2026,8,Augusta County,640,Wilson Elementary,N,             417,,             417
2025-2026,8,Augusta County,640,Wilson Elementary,Y,             265,,             265
2025-2026,8,Augusta County,720,Wilson Memorial High,N,             541,,             541
2025-2026,8,Augusta County,720,Wilson Memorial High,Y,             272,,             272
2025-2026,8,Augusta County,844,Wilson Middle,N,             413,<,             414
2025-2026,8,Augusta County,844,Wilson Middle,Y,             202,,             202
2025-2026,9,Bath County,140,Bath County High,N,             113,,             113
2025-2026,9,Bath County,140,Bath County High,Y,              66,,              66
2025-2026,9,Bath County,120,Millboro Elementary,N,              74,,              74
2025-2026,9,Bath County,120,Millboro Elementary,Y,              73,,              73
2025-2026,9,Bath County,150,Valley Elementary,N,              86,,              86
2025-2026,9,Bath County,150,Valley Elementary,Y,             110,,             110
2025-2026,10,Bedford County,480,Bedford Elementary,N,             195,,             195
2025-2026,10,Bedford County,480,Bedford Elementary,Y,             255,,             255
2025-2026,10,Bedford County,1200,Bedford Primary,N,             162,,             162
2025-2026,10,Bedford County,1200,Bedford Primary,Y,              92,,              92
2025-2026,10,Bedford County,30,Big Island Elementary,N,              95,,              95
2025-2026,10,Bedford County,30,Big Island Elementary,Y,              47,,              47
2025-2026,10,Bedford County,160,Boonsboro Elementary,N,             239,,             239
2025-2026,10,Bedford County,160,Boonsboro Elementary,Y,              52,,              52
2025-2026,10,Bedford County,500,Forest Elementary,N,             329,,             329
2025-2026,10,Bedford County,500,Forest Elementary,Y,              51,,              51
2025-2026,10,Bedford County,1211,Forest Middle,N,             724,,             724
2025-2026,10,Bedford County,1211,Forest Middle,Y,             173,,             173
2025-2026,10,Bedford County,1214,Goodview Elementary,N,             286,,             286
2025-2026,10,Bedford County,1214,Goodview Elementary,Y,             206,,             206
2025-2026,10,Bedford County,980,Huddleston Elementary,N,             127,,             127
2025-2026,10,Bedford County,980,Huddleston Elementary,Y,              97,,              97
2025-2026,10,Bedford County,1212,Jefferson Forest High,N,"           1,058",,"           1,058"
2025-2026,10,Bedford County,1212,Jefferson Forest High,Y,             218,,             218
2025-2026,10,Bedford County,1180,Liberty High,N,             402,,             402
2025-2026,10,Bedford County,1180,Liberty High,Y,             288,,             288
2025-2026,10,Bedford County,490,Liberty Middle,N,             246,,             246
2025-2026,10,Bedford County,490,Liberty Middle,Y,             266,,             266
2025-2026,10,Bedford County,970,Moneta Elementary,N,             132,,             132
2025-2026,10,Bedford County,970,Moneta Elementary,Y,              81,,              81
2025-2026,10,Bedford County,180,Montvale Elementary,N,             124,,             124
2025-2026,10,Bedford County,180,Montvale Elementary,Y,             114,,             114
2025-2026,10,Bedford County,610,New London Academy Elementary,N,             247,,             247
2025-2026,10,Bedford County,610,New London Academy Elementary,Y,              82,,              82
2025-2026,10,Bedford County,1170,Otter River Elementary,N,             121,,             121
2025-2026,10,Bedford County,1170,Otter River Elementary,Y,              41,,              41
2025-2026,10,Bedford County,1190,Staunton River High,N,             454,,             454
2025-2026,10,Bedford County,1190,Staunton River High,Y,             314,,             314
2025-2026,10,Bedford County,1191,Staunton River Middle,N,             329,,             329
2025-2026,10,Bedford County,1191,Staunton River Middle,Y,             257,,             257
2025-2026,10,Bedford County,640,Stewartsville Elementary,N,             154,,             154
2025-2026,10,Bedford County,640,Stewartsville Elementary,Y,             112,,             112
2025-2026,10,Bedford County,1213,Thomas Jefferson Elementary,N,             457,,             457
2025-2026,10,Bedford County,1213,Thomas Jefferson Elementary,Y,              93,,              93
2025-2026,11,Bland County,250,Bland County Elementary ,N,             131,,             131
2025-2026,11,Bland County,250,Bland County Elementary ,Y,             152,,             152
2025-2026,11,Bland County,260,Bland County High,N,             265,<,             266
2025-2026,11,Bland County,260,Bland County High,Y,             240,<,             241
2025-2026,12,Botetourt County,220,Breckinridge Elementary,N,             148,,             148
2025-2026,12,Botetourt County,220,Breckinridge Elementary,Y,              69,,              69
2025-2026,12,Botetourt County,20,Buchanan Elementary,N,             178,,             178
2025-2026,12,Botetourt County,20,Buchanan Elementary,Y,             102,,             102
2025-2026,12,Botetourt County,420,Central Academy Middle,N,             229,,             229
2025-2026,12,Botetourt County,420,Central Academy Middle,Y,             118,,             118
2025-2026,12,Botetourt County,390,Cloverdale Elementary,N,             182,,             182
2025-2026,12,Botetourt County,390,Cloverdale Elementary,Y,              71,,              71
2025-2026,12,Botetourt County,400,Colonial Elementary,N,             302,,             302
2025-2026,12,Botetourt County,400,Colonial Elementary,Y,             150,,             150
2025-2026,12,Botetourt County,30,Eagle Rock Elementary,N,              68,,              68
2025-2026,12,Botetourt County,30,Eagle Rock Elementary,Y,              63,,              63
2025-2026,12,Botetourt County,460,Greenfield Elementary,N,             306,,             306
2025-2026,12,Botetourt County,460,Greenfield Elementary,Y,             125,,             125
2025-2026,12,Botetourt County,430,James River High,N,             340,,             340
2025-2026,12,Botetourt County,430,James River High,Y,             142,,             142
2025-2026,12,Botetourt County,440,Lord Botetourt High,N,             690,,             690
2025-2026,12,Botetourt County,440,Lord Botetourt High,Y,             241,,             241
2025-2026,12,Botetourt County,450,Read Mountain Middle,N,             452,,             452
2025-2026,12,Botetourt County,450,Read Mountain Middle,Y,             204,,             204
2025-2026,12,Botetourt County,40,Troutville Elementary,N,             170,,             170
2025-2026,12,Botetourt County,40,Troutville Elementary,Y,              88,,              88
2025-2026,102,Bristol City,80,Virginia High,N,             257,,             257
2025-2026,102,Bristol City,80,Virginia High,Y,             382,,             382
2025-2026,102,Bristol City,202,Virginia Intermediate School,N,             192,,             192
2025-2026,102,Bristol City,202,Virginia Intermediate School,Y,             461,,             461
2025-2026,102,Bristol City,10,Virginia Middle,N,             149,,             149
2025-2026,102,Bristol City,10,Virginia Middle,Y,             290,,             290
2025-2026,102,Bristol City,200,Virginia Primary School,N,             152,,             152
2025-2026,102,Bristol City,200,Virginia Primary School,Y,             250,,             250
2025-2026,13,Brunswick County,650,Brunswick High,N,              99,,              99
2025-2026,13,Brunswick County,650,Brunswick High,Y,             307,,             307
2025-2026,13,Brunswick County,660,James S. Russell Middle,N,              50,,              50
2025-2026,13,Brunswick County,660,James S. Russell Middle,Y,             134,,             134
2025-2026,13,Brunswick County,690,Meherrin Powellton Elementary,N,              66,,              66
2025-2026,13,Brunswick County,690,Meherrin Powellton Elementary,Y,             161,,             161
2025-2026,13,Brunswick County,700,Red Oak-Sturgeon Elementary,N,              60,,              60
2025-2026,13,Brunswick County,700,Red Oak-Sturgeon Elementary,Y,             187,,             187
2025-2026,13,Brunswick County,720,Totaro Elementary,N,              60,,              60
2025-2026,13,Brunswick County,720,Totaro Elementary,Y,             296,,             296
2025-2026,14,Buchanan County,90,Council Elementary/Middle,N,             112,,             112
2025-2026,14,Buchanan County,90,Council Elementary/Middle,Y,              90,,              90
2025-2026,14,Buchanan County,1000,Council High ,N,              39,,              39
2025-2026,14,Buchanan County,1000,Council High ,Y,              70,,              70
2025-2026,14,Buchanan County,990,Grundy High,N,             150,,             150
2025-2026,14,Buchanan County,990,Grundy High,Y,             181,,             181
2025-2026,14,Buchanan County,120,Hurley Elementary/Middle,N,             154,,             154
2025-2026,14,Buchanan County,120,Hurley Elementary/Middle,Y,             131,,             131
2025-2026,14,Buchanan County,1020,Hurley High,N,              75,,              75
2025-2026,14,Buchanan County,1020,Hurley High,Y,             127,,             127
2025-2026,14,Buchanan County,1040,Riverview Elementary/Middle,N,             479,,             479
2025-2026,14,Buchanan County,1040,Riverview Elementary/Middle,Y,             273,,             273
2025-2026,14,Buchanan County,1041,Twin Valley Elementary/Middle,N,             140,,             140
2025-2026,14,Buchanan County,1041,Twin Valley Elementary/Middle,Y,              99,,              99
2025-2026,14,Buchanan County,1042,Twin Valley High,N,              65,,              65
2025-2026,14,Buchanan County,1042,Twin Valley High,Y,             102,,             102
2025-2026,15,Buckingham County,724,Buckingham Co Elementary,N,             154,,             154
2025-2026,15,Buckingham County,724,Buckingham Co Elementary,Y,             193,,             193
2025-2026,15,Buckingham County,20,Buckingham Co Prekindergarten Center,N,              48,,              48
2025-2026,15,Buckingham County,20,Buckingham Co Prekindergarten Center,Y,              42,,              42
2025-2026,15,Buckingham County,723,Buckingham Co Primary,N,             136,,             136
2025-2026,15,Buckingham County,723,Buckingham Co Primary,Y,             209,,             209
2025-2026,15,Buckingham County,700,Buckingham County High,N,             322,,             322
2025-2026,15,Buckingham County,700,Buckingham County High,Y,             267,,             267
2025-2026,15,Buckingham County,721,Buckingham County Middle,N,             183,,             183
2025-2026,15,Buckingham County,721,Buckingham County Middle,Y,             202,,             202
2025-2026,103,Buena Vista City,40,Enderly Heights Elementary,N,             113,,             113
2025-2026,103,Buena Vista City,40,Enderly Heights Elementary,Y,             155,,             155
2025-2026,103,Buena Vista City,70,F.W. Kling Jr. Elementary,N,             127,,             127
2025-2026,103,Buena Vista City,70,F.W. Kling Jr. Elementary,Y,              52,,              52
2025-2026,103,Buena Vista City,62,Parry McCluer High,N,             137,,             137
2025-2026,103,Buena Vista City,62,Parry McCluer High,Y,             172,,             172
2025-2026,103,Buena Vista City,61,Parry McCluer Middle,N,              50,,              50
2025-2026,103,Buena Vista City,61,Parry McCluer Middle,Y,              75,,              75
2025-2026,16,Campbell County,560,Altavista Elementary,N,             243,,             243
2025-2026,16,Campbell County,560,Altavista Elementary,Y,             260,,             260
2025-2026,16,Campbell County,200,Altavista High,N,             311,,             311
2025-2026,16,Campbell County,200,Altavista High,Y,             251,,             251
2025-2026,16,Campbell County,650,Brookneal Elementary,N,             169,,             169
2025-2026,16,Campbell County,650,Brookneal Elementary,Y,             254,,             254
2025-2026,16,Campbell County,720,Brookville High,N,             663,,             663
2025-2026,16,Campbell County,720,Brookville High,Y,             291,,             291
2025-2026,16,Campbell County,20,Brookville Middle,N,             409,,             409
2025-2026,16,Campbell County,20,Brookville Middle,Y,             225,,             225
2025-2026,16,Campbell County,130,Concord Elementary,N,             253,,             253
2025-2026,16,Campbell County,130,Concord Elementary,Y,             150,,             150
2025-2026,16,Campbell County,690,Leesville Road Elementary,N,             394,,             394
2025-2026,16,Campbell County,690,Leesville Road Elementary,Y,             249,,             249
2025-2026,16,Campbell County,821,Rustburg Elementary,N,             198,,             198
2025-2026,16,Campbell County,821,Rustburg Elementary,Y,             240,,             240
2025-2026,16,Campbell County,222,Rustburg High,N,             525,,             525
2025-2026,16,Campbell County,222,Rustburg High,Y,             305,,             305
2025-2026,16,Campbell County,211,Rustburg Middle,N,             337,,             337
2025-2026,16,Campbell County,211,Rustburg Middle,Y,             247,,             247
2025-2026,16,Campbell County,60,Tomahawk Elementary,N,             430,,             430
2025-2026,16,Campbell County,60,Tomahawk Elementary,Y,             280,,             280
2025-2026,16,Campbell County,542,William Campbell High,N,             199,,             199
2025-2026,16,Campbell County,542,William Campbell High,Y,             187,,             187
2025-2026,16,Campbell County,710,Yellow Branch Elementary,N,             311,,             311
2025-2026,16,Campbell County,710,Yellow Branch Elementary,Y,             275,,             275
2025-2026,17,Caroline County,620,Bowling Green Elementary,N,             371,,             371
2025-2026,17,Caroline County,620,Bowling Green Elementary,Y,             449,,             449
2025-2026,17,Caroline County,460,Caroline High,N,             792,,             792
2025-2026,17,Caroline County,460,Caroline High,Y,             485,,             485
2025-2026,17,Caroline County,450,Caroline Middle,N,             568,,             568
2025-2026,17,Caroline County,450,Caroline Middle,Y,             407,,             407
2025-2026,17,Caroline County,9020,Lewis and Clark Elementary,N,             619,,             619
2025-2026,17,Caroline County,9020,Lewis and Clark Elementary,Y,             387,,             387
2025-2026,17,Caroline County,630,Madison Elementary,N,             207,,             207
2025-2026,17,Caroline County,630,Madison Elementary,Y,             235,,             235
2025-2026,18,Carroll County,1230,Carroll County High,N,             526,,             526
2025-2026,18,Carroll County,1230,Carroll County High,Y,             484,,             484
2025-2026,18,Carroll County,450,Carroll County Middle,N,             369,,             369
2025-2026,18,Carroll County,450,Carroll County Middle,Y,             408,,             408
2025-2026,18,Carroll County,1180,Fancy Gap Elementary,N,              74,,              74
2025-2026,18,Carroll County,1180,Fancy Gap Elementary,Y,              55,,              55
2025-2026,18,Carroll County,1150,Gladesboro Elementary,N,              61,,              61
2025-2026,18,Carroll County,1150,Gladesboro Elementary,Y,              44,,              44
2025-2026,18,Carroll County,1210,Gladeville Elementary,N,              85,,              85
2025-2026,18,Carroll County,1210,Gladeville Elementary,Y,             167,,             167
2025-2026,18,Carroll County,1170,Hillsville Elementary,N,             216,,             216
2025-2026,18,Carroll County,1170,Hillsville Elementary,Y,             239,,             239
2025-2026,18,Carroll County,1160,Laurel Elementary,N,              96,,              96
2025-2026,18,Carroll County,1160,Laurel Elementary,Y,             112,,             112
2025-2026,18,Carroll County,1130,Oakland Elementary,N,              76,,              76
2025-2026,18,Carroll County,1130,Oakland Elementary,Y,             106,,             106
2025-2026,18,Carroll County,1110,St. Paul,N,             110,,             110
2025-2026,18,Carroll County,1110,St. Paul,Y,             139,,             139
2025-2026,19,Charles City County,80,Charles City County Elementary,N,             131,,             131
2025-2026,19,Charles City County,80,Charles City County Elementary,Y,             185,,             185
2025-2026,19,Charles City County,100,Charles City County High,N,              88,,              88
2025-2026,19,Charles City County,100,Charles City County High,Y,             112,,             112
2025-2026,20,Charlotte County,470,Bacon District Elementary,N,              79,,              79
2025-2026,20,Charlotte County,470,Bacon District Elementary,Y,              84,,              84
2025-2026,20,Charlotte County,210,Central Middle,N,             196,,             196
2025-2026,20,Charlotte County,210,Central Middle,Y,             176,,             176
2025-2026,20,Charlotte County,100,Eureka Elementary,N,             208,,             208
2025-2026,20,Charlotte County,100,Eureka Elementary,Y,             254,,             254
2025-2026,20,Charlotte County,450,Phenix Elementary,N,              93,,              93
2025-2026,20,Charlotte County,450,Phenix Elementary,Y,             117,,             117
2025-2026,20,Charlotte County,460,Randolph-Henry High,N,             283,,             283
2025-2026,20,Charlotte County,460,Randolph-Henry High,Y,             187,,             187
2025-2026,104,Charlottesville City,140,Charlottesville High,N,             887,<,             890
2025-2026,104,Charlottesville City,140,Charlottesville High,Y,             556,,             556
2025-2026,104,Charlottesville City,100,Charlottesville Middle,N,             345,<,             346
2025-2026,104,Charlottesville City,100,Charlottesville Middle,Y,             227,,             227
2025-2026,104,Charlottesville City,90,Greenbrier Elementary,N,             173,,             173
2025-2026,104,Charlottesville City,90,Greenbrier Elementary,Y,              92,,              92
2025-2026,104,Charlottesville City,120,Jackson-Via Elementary,N,             182,,             182
2025-2026,104,Charlottesville City,120,Jackson-Via Elementary,Y,             176,,             176
2025-2026,104,Charlottesville City,50,Summit Elementary,N,              90,,              90
2025-2026,104,Charlottesville City,50,Summit Elementary,Y,             200,,             200
2025-2026,104,Charlottesville City,70,Sunrise Elementary,N,             220,,             220
2025-2026,104,Charlottesville City,70,Sunrise Elementary,Y,              86,,              86
2025-2026,104,Charlottesville City,10,Tall Oaks Elementary,N,             143,,             143
2025-2026,104,Charlottesville City,10,Tall Oaks Elementary,Y,             135,,             135
2025-2026,104,Charlottesville City,40,Trailblazer Elementary,N,             186,,             186
2025-2026,104,Charlottesville City,40,Trailblazer Elementary,Y,             101,,             101
2025-2026,104,Charlottesville City,110,Walker Upper Elementary,N,             308,,             308
2025-2026,104,Charlottesville City,110,Walker Upper Elementary,Y,             250,,             250
2025-2026,136,Chesapeake City,35,B.M. Williams Elementary,N,             474,,             474
2025-2026,136,Chesapeake City,35,B.M. Williams Elementary,Y,             260,,             260
2025-2026,136,Chesapeake City,860,Butts Road Intermediate,N,             501,,             501
2025-2026,136,Chesapeake City,860,Butts Road Intermediate,Y,              62,,              62
2025-2026,136,Chesapeake City,770,Butts Road Primary,N,             436,,             436
2025-2026,136,Chesapeake City,770,Butts Road Primary,Y,              73,,              73
2025-2026,136,Chesapeake City,90,Camelot Elementary,N,             248,,             248
2025-2026,136,Chesapeake City,90,Camelot Elementary,Y,             255,,             255
2025-2026,136,Chesapeake City,900,Cedar Road Elementary,N,             841,,             841
2025-2026,136,Chesapeake City,900,Cedar Road Elementary,Y,             155,,             155
2025-2026,136,Chesapeake City,45,Crestwood Elementary School,N,             413,,             413
2025-2026,136,Chesapeake City,45,Crestwood Elementary School,Y,             383,,             383
2025-2026,136,Chesapeake City,560,Crestwood Middle,N,             293,,             293
2025-2026,136,Chesapeake City,560,Crestwood Middle,Y,             248,,             248
2025-2026,136,Chesapeake City,660,Deep Creek Central Elementary,N,             679,,             679
2025-2026,136,Chesapeake City,660,Deep Creek Central Elementary,Y,             201,,             201
2025-2026,136,Chesapeake City,210,Deep Creek Elementary,N,             539,,             539
2025-2026,136,Chesapeake City,210,Deep Creek Elementary,Y,             247,,             247
2025-2026,136,Chesapeake City,100,Deep Creek High,N,"           1,106",,"           1,106"
2025-2026,136,Chesapeake City,100,Deep Creek High,Y,             536,,             536
2025-2026,136,Chesapeake City,610,Deep Creek Middle,N,             537,,             537
2025-2026,136,Chesapeake City,610,Deep Creek Middle,Y,             266,,             266
2025-2026,136,Chesapeake City,640,Edwin W. Chittum Elementary,N,             575,,             575
2025-2026,136,Chesapeake City,640,Edwin W. Chittum Elementary,Y,             120,,             120
2025-2026,136,Chesapeake City,720,G.A. Treakle Elementary,N,             180,,             180
2025-2026,136,Chesapeake City,720,G.A. Treakle Elementary,Y,             218,,             218
2025-2026,136,Chesapeake City,50,George W. Carver Intermediate,N,             215,,             215
2025-2026,136,Chesapeake City,50,George W. Carver Intermediate,Y,             280,,             280
2025-2026,136,Chesapeake City,820,Georgetown Primary,N,             349,,             349
2025-2026,136,Chesapeake City,820,Georgetown Primary,Y,             362,,             362
2025-2026,136,Chesapeake City,950,Grassfield Elementary,N,"           1,087",,"           1,087"
2025-2026,136,Chesapeake City,950,Grassfield Elementary,Y,             185,,             185
2025-2026,136,Chesapeake City,960,Grassfield High,N,"           2,033",,"           2,033"
2025-2026,136,Chesapeake City,960,Grassfield High,Y,             292,,             292
2025-2026,136,Chesapeake City,120,Great Bridge High,N,"           1,225",,"           1,225"
2025-2026,136,Chesapeake City,120,Great Bridge High,Y,             238,,             238
2025-2026,136,Chesapeake City,850,Great Bridge Intermediate,N,             627,,             627
2025-2026,136,Chesapeake City,850,Great Bridge Intermediate,Y,             101,,             101
2025-2026,136,Chesapeake City,590,Great Bridge Middle,N,"           1,131",,"           1,131"
2025-2026,136,Chesapeake City,590,Great Bridge Middle,Y,             180,,             180
2025-2026,136,Chesapeake City,680,Great Bridge Primary,N,             474,,             474
2025-2026,136,Chesapeake City,680,Great Bridge Primary,Y,             109,,             109
2025-2026,136,Chesapeake City,870,Greenbrier Intermediate,N,             484,,             484
2025-2026,136,Chesapeake City,870,Greenbrier Intermediate,Y,             193,,             193
2025-2026,136,Chesapeake City,972,Greenbrier Middle,N,             566,,             566
2025-2026,136,Chesapeake City,972,Greenbrier Middle,Y,             195,,             195
2025-2026,136,Chesapeake City,140,Greenbrier Primary,N,             543,,             543
2025-2026,136,Chesapeake City,140,Greenbrier Primary,Y,             176,,             176
2025-2026,136,Chesapeake City,340,Hickory Elementary,N,             633,,             633
2025-2026,136,Chesapeake City,340,Hickory Elementary,Y,             105,,             105
2025-2026,136,Chesapeake City,890,Hickory High,N,"           1,443",,"           1,443"
2025-2026,136,Chesapeake City,890,Hickory High,Y,             166,,             166
2025-2026,136,Chesapeake City,280,Hickory Middle,N,"           1,173",,"           1,173"
2025-2026,136,Chesapeake City,280,Hickory Middle,Y,             157,,             157
2025-2026,136,Chesapeake City,920,Hugo A. Owens Middle,N,"           1,014",,"           1,014"
2025-2026,136,Chesapeake City,920,Hugo A. Owens Middle,Y,             276,,             276
2025-2026,136,Chesapeake City,830,Indian River High,N,"           1,019",,"           1,019"
2025-2026,136,Chesapeake City,830,Indian River High,Y,             615,,             615
2025-2026,136,Chesapeake City,710,Indian River Middle,N,             369,,             369
2025-2026,136,Chesapeake City,710,Indian River Middle,Y,             340,,             340
2025-2026,136,Chesapeake City,973,Jolliff Middle,N,             518,,             518
2025-2026,136,Chesapeake City,973,Jolliff Middle,Y,             213,,             213
2025-2026,136,Chesapeake City,160,Norfolk Highlands Primary,N,             160,,             160
2025-2026,136,Chesapeake City,160,Norfolk Highlands Primary,Y,             143,,             143
2025-2026,136,Chesapeake City,80,Oscar F. Smith High,N,"           1,190",,"           1,190"
2025-2026,136,Chesapeake City,80,Oscar F. Smith High,Y,"           1,001",,"           1,001"
2025-2026,136,Chesapeake City,10,Oscar Smith Middle,N,             385,,             385
2025-2026,136,Chesapeake City,10,Oscar Smith Middle,Y,             626,,             626
2025-2026,136,Chesapeake City,730,Portlock Primary,N,             234,,             234
2025-2026,136,Chesapeake City,730,Portlock Primary,Y,             286,,             286
2025-2026,136,Chesapeake City,200,Rena B. Wright Primary,N,              93,,              93
2025-2026,136,Chesapeake City,200,Rena B. Wright Primary,Y,             203,,             203
2025-2026,136,Chesapeake City,620,Southeastern Elementary,N,             691,,             691
2025-2026,136,Chesapeake City,620,Southeastern Elementary,Y,             100,,             100
2025-2026,136,Chesapeake City,600,Southwestern Elementary,N,             285,,             285
2025-2026,136,Chesapeake City,600,Southwestern Elementary,Y,             275,,             275
2025-2026,136,Chesapeake City,750,Sparrow Road Intermediate,N,             227,,             227
2025-2026,136,Chesapeake City,750,Sparrow Road Intermediate,Y,             212,,             212
2025-2026,136,Chesapeake City,40,Thurgood Marshall Elementary,N,             110,,             110
2025-2026,136,Chesapeake City,40,Thurgood Marshall Elementary,Y,             317,,             317
2025-2026,136,Chesapeake City,971,Truitt Intermediate,N,              92,,              92
2025-2026,136,Chesapeake City,971,Truitt Intermediate,Y,             174,,             174
2025-2026,136,Chesapeake City,840,Western Branch High,N,"           1,556",,"           1,556"
2025-2026,136,Chesapeake City,840,Western Branch High,Y,             588,,             588
2025-2026,136,Chesapeake City,810,Western Branch Intermediate,N,             619,,             619
2025-2026,136,Chesapeake City,810,Western Branch Intermediate,Y,             227,,             227
2025-2026,136,Chesapeake City,740,Western Branch Middle,N,             594,,             594
2025-2026,136,Chesapeake City,740,Western Branch Middle,Y,             270,,             270
2025-2026,136,Chesapeake City,110,Western Branch Primary,N,             531,,             531
2025-2026,136,Chesapeake City,110,Western Branch Primary,Y,             243,,             243
2025-2026,21,Chesterfield County,620,A.M. Davis Elementary,N,             496,,             496
2025-2026,21,Chesterfield County,620,A.M. Davis Elementary,Y,             185,,             185
2025-2026,21,Chesterfield County,861,Alberta Smith Elementary,N,             583,,             583
2025-2026,21,Chesterfield County,861,Alberta Smith Elementary,Y,              94,,              94
2025-2026,21,Chesterfield County,631,Bailey Bridge Middle,N,             987,,             987
2025-2026,21,Chesterfield County,631,Bailey Bridge Middle,Y,             289,,             289
2025-2026,21,Chesterfield County,660,Bellwood Elementary,N,             364,,             364
2025-2026,21,Chesterfield County,660,Bellwood Elementary,Y,             165,,             165
2025-2026,21,Chesterfield County,430,Bensley Elementary,N,             426,,             426
2025-2026,21,Chesterfield County,430,Bensley Elementary,Y,             189,,             189
2025-2026,21,Chesterfield County,510,Bettie Weaver Elementary,N,             583,,             583
2025-2026,21,Chesterfield County,510,Bettie Weaver Elementary,Y,              27,,              27
2025-2026,21,Chesterfield County,130,Beulah Elementary,N,             595,,             595
2025-2026,21,Chesterfield County,130,Beulah Elementary,Y,             254,,             254
2025-2026,21,Chesterfield County,20,Bon Air Elementary,N,             359,,             359
2025-2026,21,Chesterfield County,20,Bon Air Elementary,Y,              93,,              93
2025-2026,21,Chesterfield County,50,C.C. Wells Elementary,N,             469,,             469
2025-2026,21,Chesterfield County,50,C.C. Wells Elementary,Y,             104,,             104
2025-2026,21,Chesterfield County,492,C.E. Curtis Elementary,N,             634,,             634
2025-2026,21,Chesterfield County,492,C.E. Curtis Elementary,Y,             188,,             188
2025-2026,21,Chesterfield County,30,Carver College and Career Academy,N,             180,,             180
2025-2026,21,Chesterfield County,30,Carver College and Career Academy,Y,              83,,              83
2025-2026,21,Chesterfield County,420,Carver Middle,N,             691,,             691
2025-2026,21,Chesterfield County,420,Carver Middle,Y,             214,,             214
2025-2026,21,Chesterfield County,33,Chester Early Childhood Learning Academy,N,             269,,             269
2025-2026,21,Chesterfield County,33,Chester Early Childhood Learning Academy,Y,              70,,              70
2025-2026,21,Chesterfield County,93,Chesterfield Virtual School,N,             345,,             345
2025-2026,21,Chesterfield County,93,Chesterfield Virtual School,Y,<,,<
2025-2026,21,Chesterfield County,150,Clover Hill Elementary,N,             683,,             683
2025-2026,21,Chesterfield County,150,Clover Hill Elementary,Y,             146,,             146
2025-2026,21,Chesterfield County,740,Clover Hill High,N,"           1,410",<,"           1,412"
2025-2026,21,Chesterfield County,740,Clover Hill High,Y,             374,,             374
2025-2026,21,Chesterfield County,840,Cosby High,N,"           2,253",              10,"           2,263"
2025-2026,21,Chesterfield County,840,Cosby High,Y,             288,,             288
2025-2026,21,Chesterfield County,560,Crestwood Elementary,N,             495,,             495
2025-2026,21,Chesterfield County,560,Crestwood Elementary,Y,             125,,             125
2025-2026,21,Chesterfield County,94,Deep Creek Middle,N,"           1,280",<,"           1,281"
2025-2026,21,Chesterfield County,94,Deep Creek Middle,Y,             130,,             130
2025-2026,21,Chesterfield County,480,Ecoff Elementary,N,             572,,             572
2025-2026,21,Chesterfield County,480,Ecoff Elementary,Y,             145,,             145
2025-2026,21,Chesterfield County,870,Elizabeth Davis Middle,N,"           1,054",<,"           1,055"
2025-2026,21,Chesterfield County,870,Elizabeth Davis Middle,Y,             300,,             300
2025-2026,21,Chesterfield County,850,Elizabeth Scott Elementary,N,             490,,             490
2025-2026,21,Chesterfield County,850,Elizabeth Scott Elementary,Y,             202,,             202
2025-2026,21,Chesterfield County,390,Enon Elementary,N,             575,,             575
2025-2026,21,Chesterfield County,390,Enon Elementary,Y,             123,,             123
2025-2026,21,Chesterfield County,350,Ettrick Elementary,N,             453,,             453
2025-2026,21,Chesterfield County,350,Ettrick Elementary,Y,             129,,             129
2025-2026,21,Chesterfield County,300,Evergreen Elementary,N,             630,,             630
2025-2026,21,Chesterfield County,300,Evergreen Elementary,Y,             163,,             163
2025-2026,21,Chesterfield County,590,Falling Creek Elementary,N,             585,,             585
2025-2026,21,Chesterfield County,590,Falling Creek Elementary,Y,             232,,             232
2025-2026,21,Chesterfield County,670,Falling Creek Middle,N,"           1,038",,"           1,038"
2025-2026,21,Chesterfield County,670,Falling Creek Middle,Y,             404,,             404
2025-2026,21,Chesterfield County,180,Grange Hall Elementary,N,             623,,             623
2025-2026,21,Chesterfield County,180,Grange Hall Elementary,Y,              68,,              68
2025-2026,21,Chesterfield County,70,Greenfield Elementary,N,             444,,             444
2025-2026,21,Chesterfield County,70,Greenfield Elementary,Y,              98,,              98
2025-2026,21,Chesterfield County,460,Harrowgate Elementary,N,             417,,             417
2025-2026,21,Chesterfield County,460,Harrowgate Elementary,Y,              94,,              94
2025-2026,21,Chesterfield County,60,Hopkins Road Elementary,N,             526,,             526
2025-2026,21,Chesterfield County,60,Hopkins Road Elementary,Y,             246,,             246
2025-2026,21,Chesterfield County,550,J.A. Chalkley Elementary,N,             605,,             605
2025-2026,21,Chesterfield County,550,J.A. Chalkley Elementary,Y,             265,,             265
2025-2026,21,Chesterfield County,650,J.B. Watkins Elementary,N,             881,,             881
2025-2026,21,Chesterfield County,650,J.B. Watkins Elementary,Y,             101,,             101
2025-2026,21,Chesterfield County,500,J.G. Hening Elementary,N,             629,,             629
2025-2026,21,Chesterfield County,500,J.G. Hening Elementary,Y,             241,,             241
2025-2026,21,Chesterfield County,400,Jacobs Road Elementary,N,             557,,             557
2025-2026,21,Chesterfield County,400,Jacobs Road Elementary,Y,             158,,             158
2025-2026,21,Chesterfield County,770,James River High,N,"           1,394",<,"           1,403"
2025-2026,21,Chesterfield County,770,James River High,Y,             383,,             383
2025-2026,21,Chesterfield County,10,Lloyd C. Bird High,N,"           1,522",<,"           1,524"
2025-2026,21,Chesterfield County,10,Lloyd C. Bird High,Y,             569,,             569
2025-2026,21,Chesterfield County,632,Manchester High,N,"           1,708",,"           1,708"
2025-2026,21,Chesterfield County,632,Manchester High,Y,             466,,             466
2025-2026,21,Chesterfield County,600,Manchester Middle,N,             790,<,             791
2025-2026,21,Chesterfield County,600,Manchester Middle,Y,             269,,             269
2025-2026,21,Chesterfield County,780,Marguerite F. Christian Elementary,N,             468,,             468
2025-2026,21,Chesterfield County,780,Marguerite F. Christian Elementary,Y,             158,,             158
2025-2026,21,Chesterfield County,370,Matoaca Elementary,N,             560,,             560
2025-2026,21,Chesterfield County,370,Matoaca Elementary,Y,             142,,             142
2025-2026,21,Chesterfield County,530,Matoaca High,N,"           1,280",<,"           1,282"
2025-2026,21,Chesterfield County,530,Matoaca High,Y,             334,<,             335
2025-2026,21,Chesterfield County,110,Matoaca Middle,N,             616,,             616
2025-2026,21,Chesterfield County,110,Matoaca Middle,Y,             146,,             146
2025-2026,21,Chesterfield County,580,Meadowbrook High,N,"           1,292",<,"           1,293"
2025-2026,21,Chesterfield County,580,Meadowbrook High,Y,             546,,             546
2025-2026,21,Chesterfield County,320,Midlothian High,N,"           1,889",,"           1,889"
2025-2026,21,Chesterfield County,320,Midlothian High,Y,             215,,             215
2025-2026,21,Chesterfield County,40,Midlothian Middle,N,"           1,224",<,"           1,225"
2025-2026,21,Chesterfield County,40,Midlothian Middle,Y,             140,,             140
2025-2026,21,Chesterfield County,280,Monacan High,N,"           1,371",<,"           1,372"
2025-2026,21,Chesterfield County,280,Monacan High,Y,             271,<,             272
2025-2026,21,Chesterfield County,92,Moseley Elementary,N,             927,,             927
2025-2026,21,Chesterfield County,92,Moseley Elementary,Y,              81,,              81
2025-2026,21,Chesterfield County,360,O.B. Gates Elementary,N,             494,,             494
2025-2026,21,Chesterfield County,360,O.B. Gates Elementary,Y,              90,,              90
2025-2026,21,Chesterfield County,90,Old Hundred Elementary,N,             925,,             925
2025-2026,21,Chesterfield County,90,Old Hundred Elementary,Y,              98,,              98
2025-2026,21,Chesterfield County,380,Providence Elementary,N,             498,,             498
2025-2026,21,Chesterfield County,380,Providence Elementary,Y,             141,,             141
2025-2026,21,Chesterfield County,690,Providence Middle,N,             719,<,             720
2025-2026,21,Chesterfield County,690,Providence Middle,Y,             301,,             301
2025-2026,21,Chesterfield County,700,Reams Road Elementary,N,             473,,             473
2025-2026,21,Chesterfield County,700,Reams Road Elementary,Y,             149,,             149
2025-2026,21,Chesterfield County,730,Robious Elementary,N,             588,,             588
2025-2026,21,Chesterfield County,730,Robious Elementary,Y,              73,,              73
2025-2026,21,Chesterfield County,760,Robious Middle,N,             872,,             872
2025-2026,21,Chesterfield County,760,Robious Middle,Y,             203,,             203
2025-2026,21,Chesterfield County,720,Salem Church Elementary,N,             416,,             416
2025-2026,21,Chesterfield County,720,Salem Church Elementary,Y,             165,,             165
2025-2026,21,Chesterfield County,722,Salem Church Middle,N,             599,<,             600
2025-2026,21,Chesterfield County,722,Salem Church Middle,Y,             253,,             253
2025-2026,21,Chesterfield County,800,Spring Run Elementary,N,             656,,             656
2025-2026,21,Chesterfield County,800,Spring Run Elementary,Y,             162,,             162
2025-2026,21,Chesterfield County,340,Swift Creek Elementary,N,             629,,             629
2025-2026,21,Chesterfield County,340,Swift Creek Elementary,Y,             113,,             113
2025-2026,21,Chesterfield County,270,Swift Creek Middle,N,             762,<,             764
2025-2026,21,Chesterfield County,270,Swift Creek Middle,Y,             171,,             171
2025-2026,21,Chesterfield County,410,Thelma Crenshaw Elementary,N,             516,,             516
2025-2026,21,Chesterfield County,410,Thelma Crenshaw Elementary,Y,             174,,             174
2025-2026,21,Chesterfield County,610,Thomas Dale High,N,"           2,032",<,"           2,041"
2025-2026,21,Chesterfield County,610,Thomas Dale High,Y,             538,,             538
2025-2026,21,Chesterfield County,880,Tomahawk Creek Middle,N,             843,,             843
2025-2026,21,Chesterfield County,880,Tomahawk Creek Middle,Y,             109,,             109
2025-2026,21,Chesterfield County,290,W.W. Gordon Elementary,N,             538,,             538
2025-2026,21,Chesterfield County,290,W.W. Gordon Elementary,Y,              61,,              61
2025-2026,21,Chesterfield County,860,Winterpock Elementary,N,             775,,             775
2025-2026,21,Chesterfield County,860,Winterpock Elementary,Y,              70,,              70
2025-2026,21,Chesterfield County,440,Woolridge Elementary,N,             705,,             705
2025-2026,21,Chesterfield County,440,Woolridge Elementary,Y,              68,,              68
2025-2026,22,Clarke County,250,Boyce Elementary,N,             173,,             173
2025-2026,22,Clarke County,250,Boyce Elementary,Y,             105,<,             106
2025-2026,22,Clarke County,10,Clarke County High,N,             473,,             473
2025-2026,22,Clarke County,10,Clarke County High,Y,             184,,             184
2025-2026,22,Clarke County,290,D.G. Cooley Elementary,N,             335,<,             336
2025-2026,22,Clarke County,290,D.G. Cooley Elementary,Y,             165,,             165
2025-2026,22,Clarke County,280,Johnson-Williams Middle,N,             275,,             275
2025-2026,22,Clarke County,280,Johnson-Williams Middle,Y,             145,,             145
2025-2026,202,Colonial Beach,22,Colonial Beach Elementary,N,             167,,             167
2025-2026,202,Colonial Beach,22,Colonial Beach Elementary,Y,             214,,             214
2025-2026,202,Colonial Beach,21,Colonial Beach High,N,              70,,              70
2025-2026,202,Colonial Beach,21,Colonial Beach High,Y,             131,,             131
2025-2026,106,Colonial Heights City,40,Colonial Heights High,N,             447,,             447
2025-2026,106,Colonial Heights City,40,Colonial Heights High,Y,             436,,             436
2025-2026,106,Colonial Heights City,20,Colonial Heights Middle,N,             288,,             288
2025-2026,106,Colonial Heights City,20,Colonial Heights Middle,Y,             412,,             412
2025-2026,106,Colonial Heights City,50,Lakeview Elementary,N,             141,,             141
2025-2026,106,Colonial Heights City,50,Lakeview Elementary,Y,             281,,             281
2025-2026,106,Colonial Heights City,30,North Elementary,N,             110,,             110
2025-2026,106,Colonial Heights City,30,North Elementary,Y,             213,,             213
2025-2026,106,Colonial Heights City,60,Tussing Elementary,N,             312,,             312
2025-2026,106,Colonial Heights City,60,Tussing Elementary,Y,             345,,             345
2025-2026,23,Craig County,11,Craig County High,N,             141,,             141
2025-2026,23,Craig County,11,Craig County High,Y,             132,,             132
2025-2026,23,Craig County,10,McCleary Elementary,N,             132,,             132
2025-2026,23,Craig County,10,McCleary Elementary,Y,             105,,             105
2025-2026,24,Culpeper County,240,A.G. Richardson Elementary,N,             375,,             375
2025-2026,24,Culpeper County,240,A.G. Richardson Elementary,Y,             237,,             237
2025-2026,24,Culpeper County,480,Culpeper County High,N,             761,,             761
2025-2026,24,Culpeper County,480,Culpeper County High,Y,             425,,             425
2025-2026,24,Culpeper County,20,Culpeper Middle,N,             681,,             681
2025-2026,24,Culpeper County,20,Culpeper Middle,Y,             389,,             389
2025-2026,24,Culpeper County,50,Eastern View High,N,             942,,             942
2025-2026,24,Culpeper County,50,Eastern View High,Y,             517,,             517
2025-2026,24,Culpeper County,450,Emerald Hill Elementary,N,             511,,             511
2025-2026,24,Culpeper County,450,Emerald Hill Elementary,Y,             200,,             200
2025-2026,24,Culpeper County,470,Farmington Elementary,N,             213,,             213
2025-2026,24,Culpeper County,470,Farmington Elementary,Y,             240,,             240
2025-2026,24,Culpeper County,581,Floyd T. Binns Middle,N,             511,,             511
2025-2026,24,Culpeper County,581,Floyd T. Binns Middle,Y,             337,,             337
2025-2026,24,Culpeper County,10,Pearl Sample Elementary,N,             402,,             402
2025-2026,24,Culpeper County,10,Pearl Sample Elementary,Y,             295,,             295
2025-2026,24,Culpeper County,460,Sycamore Park Elementary,N,             297,,             297
2025-2026,24,Culpeper County,460,Sycamore Park Elementary,Y,             384,,             384
2025-2026,24,Culpeper County,40,Yowell Elementary,N,             364,,             364
2025-2026,24,Culpeper County,40,Yowell Elementary,Y,             269,,             269
2025-2026,25,Cumberland County,140,Cumberland Elementary,N,             231,,             231
2025-2026,25,Cumberland County,140,Cumberland Elementary,Y,             296,,             296
2025-2026,25,Cumberland County,151,Cumberland High,N,             164,,             164
2025-2026,25,Cumberland County,151,Cumberland High,Y,             172,,             172
2025-2026,25,Cumberland County,152,Cumberland Middle,N,             145,,             145
2025-2026,25,Cumberland County,152,Cumberland Middle,Y,             217,,             217
2025-2026,108,Danville City,55,Arnett Hills Elementary,N,             117,,             117
2025-2026,108,Danville City,55,Arnett Hills Elementary,Y,             424,,             424
2025-2026,108,Danville City,490,Edwin A. Gibson Elementary,N,              86,,              86
2025-2026,108,Danville City,490,Edwin A. Gibson Elementary,Y,             349,,             349
2025-2026,108,Danville City,20,Forest Hills Elementary,N,              97,,              97
2025-2026,108,Danville City,20,Forest Hills Elementary,Y,             134,,             134
2025-2026,108,Danville City,1374,Galileo Magnet High,N,             133,,             133
2025-2026,108,Danville City,1374,Galileo Magnet High,Y,             129,,             129
2025-2026,108,Danville City,210,George Washington High,N,             392,,             392
2025-2026,108,Danville City,210,George Washington High,Y,             769,,             769
2025-2026,108,Danville City,200,Grove Park Preschool,N,              63,,              63
2025-2026,108,Danville City,200,Grove Park Preschool,Y,              86,,              86
2025-2026,108,Danville City,260,O. Trent Bonner Middle,N,             153,,             153
2025-2026,108,Danville City,260,O. Trent Bonner Middle,Y,             354,,             354
2025-2026,108,Danville City,250,Park Avenue Elementary,N,             103,,             103
2025-2026,108,Danville City,250,Park Avenue Elementary,Y,             269,,             269
2025-2026,108,Danville City,139,R.I.S.E Academy at the John M. Langston Campus,N,              27,,              27
2025-2026,108,Danville City,139,R.I.S.E Academy at the John M. Langston Campus,Y,             146,,             146
2025-2026,108,Danville City,40,Schoolfield Elementary,N,             132,,             132
2025-2026,108,Danville City,40,Schoolfield Elementary,Y,             371,,             371
2025-2026,108,Danville City,30,The Northside Preschool,N,              71,,              71
2025-2026,108,Danville City,30,The Northside Preschool,Y,              84,,              84
2025-2026,108,Danville City,1372,Westwood Middle,N,             177,,             177
2025-2026,108,Danville City,1372,Westwood Middle,Y,             464,,             464
2025-2026,108,Danville City,220,Woodberry Hills Elementary,N,              65,,              65
2025-2026,108,Danville City,220,Woodberry Hills Elementary,Y,             278,,             278
2025-2026,26,Dickenson County,281,Ridgeview Elementary ,N,             257,,             257
2025-2026,26,Dickenson County,281,Ridgeview Elementary ,Y,             371,,             371
2025-2026,26,Dickenson County,275,Ridgeview High,N,             270,,             270
2025-2026,26,Dickenson County,275,Ridgeview High,Y,             277,,             277
2025-2026,26,Dickenson County,280,Ridgeview Middle,N,             257,,             257
2025-2026,26,Dickenson County,280,Ridgeview Middle,Y,             293,,             293
2025-2026,27,Dinwiddie County,500,Dinwiddie County High,N,             741,,             741
2025-2026,27,Dinwiddie County,500,Dinwiddie County High,Y,             473,,             473
2025-2026,27,Dinwiddie County,471,Dinwiddie County Middle,N,             497,,             497
2025-2026,27,Dinwiddie County,471,Dinwiddie County Middle,Y,             406,,             406
2025-2026,27,Dinwiddie County,310,Dinwiddie Elementary,N,             216,,             216
2025-2026,27,Dinwiddie County,310,Dinwiddie Elementary,Y,             146,,             146
2025-2026,27,Dinwiddie County,250,Midway Elementary,N,             236,,             236
2025-2026,27,Dinwiddie County,250,Midway Elementary,Y,             108,,             108
2025-2026,27,Dinwiddie County,10,Southside Elementary,N,             241,,             241
2025-2026,27,Dinwiddie County,10,Southside Elementary,Y,             178,,             178
2025-2026,27,Dinwiddie County,180,Sunnyside Elementary,N,             160,,             160
2025-2026,27,Dinwiddie County,180,Sunnyside Elementary,Y,             120,,             120
2025-2026,27,Dinwiddie County,520,Sutherland Elementary,N,             290,,             290
2025-2026,27,Dinwiddie County,520,Sutherland Elementary,Y,             224,,             224
2025-2026,28,Essex County,10,Essex High,N,             171,,             171
2025-2026,28,Essex County,10,Essex High,Y,             201,,             201
2025-2026,28,Essex County,150,James H. Cary Intermediate ,N,             120,,             120
2025-2026,28,Essex County,150,James H. Cary Intermediate ,Y,             188,,             188
2025-2026,28,Essex County,160,Tappahannock Elementary,N,             153,,             153
2025-2026,28,Essex County,160,Tappahannock Elementary,Y,             275,,             275
2025-2026,29,Fairfax County,2203,Aldrin Elementary,N,             321,<,             325
2025-2026,29,Fairfax County,2203,Aldrin Elementary,Y,             114,<,             117
2025-2026,29,Fairfax County,660,Annandale High,N,"           1,194",,"           1,194"
2025-2026,29,Fairfax County,660,Annandale High,Y,             832,,             832
2025-2026,29,Fairfax County,1360,Annandale Terrace Elementary,N,             273,<,             275
2025-2026,29,Fairfax County,1360,Annandale Terrace Elementary,Y,             405,<,             406
2025-2026,29,Fairfax County,110,Archer Elementary,N,             452,<,             453
2025-2026,29,Fairfax County,110,Archer Elementary,Y,              85,<,              87
2025-2026,29,Fairfax County,1530,Armstrong Elementary,N,             261,,             261
2025-2026,29,Fairfax County,1530,Armstrong Elementary,Y,              56,,              56
2025-2026,29,Fairfax County,550,Bailey's Elementary School for the Arts and Sciences,N,             387,<,             393
2025-2026,29,Fairfax County,550,Bailey's Elementary School for the Arts and Sciences,Y,             460,<,             462
2025-2026,29,Fairfax County,2459,Bailey's Upper Elementary School for the Arts and Sciences,N,             293,,             293
2025-2026,29,Fairfax County,2459,Bailey's Upper Elementary School for the Arts and Sciences,Y,             250,,             250
2025-2026,29,Fairfax County,1730,Beech Tree Elementary,N,             207,<,             210
2025-2026,29,Fairfax County,1730,Beech Tree Elementary,Y,             148,<,             149
2025-2026,29,Fairfax County,560,Belle View Elementary,N,             284,<,             285
2025-2026,29,Fairfax County,560,Belle View Elementary,Y,             139,<,             140
2025-2026,29,Fairfax County,720,Belvedere Elementary,N,             292,<,             297
2025-2026,29,Fairfax County,720,Belvedere Elementary,Y,             299,<,             300
2025-2026,29,Fairfax County,2000,Bonnie Brae Elementary,N,             525,              42,             567
2025-2026,29,Fairfax County,2000,Bonnie Brae Elementary,Y,             181,<,             183
2025-2026,29,Fairfax County,1090,Braddock Elementary,N,             464,<,             465
2025-2026,29,Fairfax County,1090,Braddock Elementary,Y,             456,<,             458
2025-2026,29,Fairfax County,940,Bren Mar Park Elementary,N,             257,<,             262
2025-2026,29,Fairfax County,940,Bren Mar Park Elementary,Y,             211,,             211
2025-2026,29,Fairfax County,1790,Brookfield Elementary,N,             321,<,             323
2025-2026,29,Fairfax County,1790,Brookfield Elementary,Y,             355,<,             356
2025-2026,29,Fairfax County,2201,Bryant High,N,              87,,              87
2025-2026,29,Fairfax County,2201,Bryant High,Y,             109,,             109
2025-2026,29,Fairfax County,700,Bucknell Elementary,N,             217,              12,             229
2025-2026,29,Fairfax County,700,Bucknell Elementary,Y,             197,<,             199
2025-2026,29,Fairfax County,2251,Bull Run Early Childhood Resource Center,N,             210,,             210
2025-2026,29,Fairfax County,2251,Bull Run Early Childhood Resource Center,Y,              20,,              20
2025-2026,29,Fairfax County,2225,Bull Run Elementary,N,             370,<,             373
2025-2026,29,Fairfax County,2225,Bull Run Elementary,Y,             325,<,             326
2025-2026,29,Fairfax County,680,Bush Hill Elementary,N,             487,              10,             497
2025-2026,29,Fairfax County,680,Bush Hill Elementary,Y,             168,<,             175
2025-2026,29,Fairfax County,1940,Camelot Elementary,N,             327,<,             336
2025-2026,29,Fairfax County,1940,Camelot Elementary,Y,             236,<,             240
2025-2026,29,Fairfax County,620,Cameron Elementary,N,             303,<,             304
2025-2026,29,Fairfax County,620,Cameron Elementary,Y,             337,<,             339
2025-2026,29,Fairfax County,1590,Canterbury Woods Elementary,N,             625,<,             628
2025-2026,29,Fairfax County,1590,Canterbury Woods Elementary,Y,             109,<,             110
2025-2026,29,Fairfax County,1690,Cardinal Forest Elementary,N,             521,              11,             532
2025-2026,29,Fairfax County,1690,Cardinal Forest Elementary,Y,             193,<,             199
2025-2026,29,Fairfax County,2222,Carson Middle,N,"           1,054",<,"           1,057"
2025-2026,29,Fairfax County,2222,Carson Middle,Y,             285,<,             286
2025-2026,29,Fairfax County,2090,Centre Ridge Elementary,N,             342,              28,             370
2025-2026,29,Fairfax County,2090,Centre Ridge Elementary,Y,             306,<,             310
2025-2026,29,Fairfax County,2205,Centreville Elementary,N,             456,,             456
2025-2026,29,Fairfax County,2205,Centreville Elementary,Y,             282,<,             284
2025-2026,29,Fairfax County,200,Centreville High,N,"           1,526",,"           1,526"
2025-2026,29,Fairfax County,200,Centreville High,Y,             680,,             680
2025-2026,29,Fairfax County,131,Chantilly High,N,"           2,324",<,"           2,325"
2025-2026,29,Fairfax County,131,Chantilly High,Y,             599,,             599
2025-2026,29,Fairfax County,480,Cherry Run Elementary,N,             436,              14,             450
2025-2026,29,Fairfax County,480,Cherry Run Elementary,Y,              35,<,              41
2025-2026,29,Fairfax County,100,Chesterbrook Elementary,N,             519,<,             520
2025-2026,29,Fairfax County,100,Chesterbrook Elementary,Y,              10,,              10
2025-2026,29,Fairfax County,1050,Churchill Road Elementary,N,             603,<,             604
2025-2026,29,Fairfax County,1050,Churchill Road Elementary,Y,              21,,              21
2025-2026,29,Fairfax County,260,Clearview Elementary,N,             252,              10,             262
2025-2026,29,Fairfax County,260,Clearview Elementary,Y,             323,<,             332
2025-2026,29,Fairfax County,1870,Clermont Elementary,N,             454,<,             455
2025-2026,29,Fairfax County,1870,Clermont Elementary,Y,             102,,             102
2025-2026,29,Fairfax County,2347,Coates Elementary,N,             537,<,             541
2025-2026,29,Fairfax County,2347,Coates Elementary,Y,             476,<,             477
2025-2026,29,Fairfax County,1510,Columbia Elementary,N,             237,              10,             247
2025-2026,29,Fairfax County,1510,Columbia Elementary,Y,             120,<,             123
2025-2026,29,Fairfax County,2234,Colvin Run Elementary,N,             735,<,             744
2025-2026,29,Fairfax County,2234,Colvin Run Elementary,Y,              26,,              26
2025-2026,29,Fairfax County,1190,Cooper Middle,N,             979,<,             980
2025-2026,29,Fairfax County,1190,Cooper Middle,Y,              41,,              41
2025-2026,29,Fairfax County,870,Crestwood Elementary,N,             275,<,             276
2025-2026,29,Fairfax County,870,Crestwood Elementary,Y,             283,,             283
2025-2026,29,Fairfax County,2020,Crossfield Elementary,N,             472,<,             476
2025-2026,29,Fairfax County,2020,Crossfield Elementary,Y,              37,,              37
2025-2026,29,Fairfax County,1600,Cub Run Elementary,N,             481,              13,             494
2025-2026,29,Fairfax County,1600,Cub Run Elementary,Y,             157,<,             159
2025-2026,29,Fairfax County,1700,Cunningham Park Elementary,N,             274,<,             275
2025-2026,29,Fairfax County,1700,Cunningham Park Elementary,Y,             121,<,             122
2025-2026,29,Fairfax County,2229,Daniels Run Elementary,N,             456,              20,             476
2025-2026,29,Fairfax County,2229,Daniels Run Elementary,Y,             287,<,             291
2025-2026,29,Fairfax County,2204,Deer Park Elementary,N,             339,<,             344
2025-2026,29,Fairfax County,2204,Deer Park Elementary,Y,             199,<,             203
2025-2026,29,Fairfax County,220,Dogwood Elementary,N,             289,              10,             299
2025-2026,29,Fairfax County,220,Dogwood Elementary,Y,             425,<,             428
2025-2026,29,Fairfax County,2010,Dranesville Elementary,N,             324,<,             328
2025-2026,29,Fairfax County,2010,Dranesville Elementary,Y,             248,<,             252
2025-2026,29,Fairfax County,2238,Dunn Loring Early Childhood Resource Center,N,             211,,             211
2025-2026,29,Fairfax County,2238,Dunn Loring Early Childhood Resource Center,Y,              24,,              24
2025-2026,29,Fairfax County,2243,Eagle View Elementary,N,             341,<,             348
2025-2026,29,Fairfax County,2243,Eagle View Elementary,Y,             300,<,             306
2025-2026,29,Fairfax County,1270,Edison High,N,"           1,408",<,"           1,409"
2025-2026,29,Fairfax County,1270,Edison High,Y,             818,,             818
2025-2026,29,Fairfax County,190,Fairfax County Adult High,N,             108,,             108
2025-2026,29,Fairfax County,190,Fairfax County Adult High,Y,              38,,              38
2025-2026,29,Fairfax County,20,Fairfax High,N,"           1,580",<,"           1,582"
2025-2026,29,Fairfax County,20,Fairfax High,Y,             833,,             833
2025-2026,29,Fairfax County,1480,Fairfax Villa Elementary,N,             346,              10,             356
2025-2026,29,Fairfax County,1480,Fairfax Villa Elementary,Y,             188,<,             195
2025-2026,29,Fairfax County,1630,Fairhill Elementary,N,             378,<,             383
2025-2026,29,Fairfax County,1630,Fairhill Elementary,Y,             165,,             165
2025-2026,29,Fairfax County,290,Fairview Elementary,N,             660,,             660
2025-2026,29,Fairfax County,290,Fairview Elementary,Y,              76,,              76
2025-2026,29,Fairfax County,1100,Falls Church High,N,"           1,107",,"           1,107"
2025-2026,29,Fairfax County,1100,Falls Church High,Y,             915,,             915
2025-2026,29,Fairfax County,730,Flint Hill Elementary,N,             546,,             546
2025-2026,29,Fairfax County,730,Flint Hill Elementary,Y,              44,,              44
2025-2026,29,Fairfax County,740,Floris Elementary,N,             599,<,             603
2025-2026,29,Fairfax County,740,Floris Elementary,Y,             103,,             103
2025-2026,29,Fairfax County,70,Forest Edge Elementary,N,             220,<,             222
2025-2026,29,Fairfax County,70,Forest Edge Elementary,Y,             245,<,             246
2025-2026,29,Fairfax County,1450,Forestdale Elementary,N,             296,<,             299
2025-2026,29,Fairfax County,1450,Forestdale Elementary,Y,             237,<,             238
2025-2026,29,Fairfax County,370,Forestville Elementary,N,             511,<,             513
2025-2026,29,Fairfax County,370,Forestville Elementary,Y,              42,<,              43
2025-2026,29,Fairfax County,2224,Fort Belvoir Elementary,N,             403,<,             409
2025-2026,29,Fairfax County,2224,Fort Belvoir Elementary,Y,             231,<,             236
2025-2026,29,Fairfax County,2458,Fort Belvoir Upper Elementary,N,             553,<,             554
2025-2026,29,Fairfax County,2458,Fort Belvoir Upper Elementary,Y,             231,,             231
2025-2026,29,Fairfax County,1920,Fort Hunt Elementary,N,             421,<,             423
2025-2026,29,Fairfax County,1920,Fort Hunt Elementary,Y,             151,,             151
2025-2026,29,Fairfax County,390,Fox Mill Elementary,N,             567,<,             569
2025-2026,29,Fairfax County,390,Fox Mill Elementary,Y,              66,,              66
2025-2026,29,Fairfax County,320,Franconia Elementary,N,             349,<,             351
2025-2026,29,Fairfax County,320,Franconia Elementary,Y,             144,,             144
2025-2026,29,Fairfax County,440,Franklin Middle,N,             614,<,             615
2025-2026,29,Fairfax County,440,Franklin Middle,Y,             177,<,             179
2025-2026,29,Fairfax County,490,Freedom Hill Elementary,N,             284,              12,             296
2025-2026,29,Fairfax County,490,Freedom Hill Elementary,Y,             205,<,             209
2025-2026,29,Fairfax County,1410,Frost Middle,N,"           1,052",<,"           1,055"
2025-2026,29,Fairfax County,1410,Frost Middle,Y,             182,,             182
2025-2026,29,Fairfax County,630,Garfield Elementary,N,             145,<,             148
2025-2026,29,Fairfax County,630,Garfield Elementary,Y,             156,<,             158
2025-2026,29,Fairfax County,1170,Glasgow Middle,N,             865,<,             866
2025-2026,29,Fairfax County,1170,Glasgow Middle,Y,             882,,             882
2025-2026,29,Fairfax County,970,Glen Forest Elementary,N,             363,<,             368
2025-2026,29,Fairfax County,970,Glen Forest Elementary,Y,             394,<,             400
2025-2026,29,Fairfax County,530,Graham Road Elementary,N,             121,<,             122
2025-2026,29,Fairfax County,530,Graham Road Elementary,Y,             278,,             278
2025-2026,29,Fairfax County,570,Great Falls Elementary,N,             452,,             452
2025-2026,29,Fairfax County,570,Great Falls Elementary,Y,              33,,              33
2025-2026,29,Fairfax County,1840,Greenbriar East Elementary,N,             537,              12,             549
2025-2026,29,Fairfax County,1840,Greenbriar East Elementary,Y,             329,<,             336
2025-2026,29,Fairfax County,1500,Greenbriar West Elementary,N,             469,<,             471
2025-2026,29,Fairfax County,1500,Greenbriar West Elementary,Y,             138,,             138
2025-2026,29,Fairfax County,330,Groveton Elementary,N,             318,,             318
2025-2026,29,Fairfax County,330,Groveton Elementary,Y,             399,,             399
2025-2026,29,Fairfax County,690,Gunston Elementary,N,             346,<,             348
2025-2026,29,Fairfax County,690,Gunston Elementary,Y,             180,,             180
2025-2026,29,Fairfax County,2210,Halley Elementary,N,             345,<,             353
2025-2026,29,Fairfax County,2210,Halley Elementary,Y,             242,<,             247
2025-2026,29,Fairfax County,750,Haycock Elementary,N,             789,<,             791
2025-2026,29,Fairfax County,750,Haycock Elementary,Y,              36,,              36
2025-2026,29,Fairfax County,1740,Hayfield Elementary,N,             465,,             465
2025-2026,29,Fairfax County,1740,Hayfield Elementary,Y,             114,,             114
2025-2026,29,Fairfax County,1800,Hayfield Secondary,N,"           2,059",<,"           2,061"
2025-2026,29,Fairfax County,1800,Hayfield Secondary,Y,"           1,011",<,"           1,012"
2025-2026,29,Fairfax County,1250,Herndon Elementary,N,             336,,             336
2025-2026,29,Fairfax County,1250,Herndon Elementary,Y,             428,,             428
2025-2026,29,Fairfax County,32,Herndon High,N,"           1,099",<,"           1,100"
2025-2026,29,Fairfax County,32,Herndon High,Y,             998,,             998
2025-2026,29,Fairfax County,33,Herndon Middle,N,             500,              19,             519
2025-2026,29,Fairfax County,33,Herndon Middle,Y,             384,<,             387
2025-2026,29,Fairfax County,1330,Hollin Meadows Elementary,N,             273,<,             274
2025-2026,29,Fairfax County,1330,Hollin Meadows Elementary,Y,             301,,             301
2025-2026,29,Fairfax County,1521,Holmes Middle,N,             466,<,             469
2025-2026,29,Fairfax County,1521,Holmes Middle,Y,             424,,             424
2025-2026,29,Fairfax County,350,Hughes Middle,N,             620,<,             621
2025-2026,29,Fairfax County,350,Hughes Middle,Y,             379,<,             380
2025-2026,29,Fairfax County,1880,Hunt Valley Elementary,N,             572,<,             573
2025-2026,29,Fairfax County,1880,Hunt Valley Elementary,Y,              84,,              84
2025-2026,29,Fairfax County,1950,Hunters Woods Elementary School for the Arts and Sciences,N,             568,<,             570
2025-2026,29,Fairfax County,1950,Hunters Woods Elementary School for the Arts and Sciences,Y,             161,,             161
2025-2026,29,Fairfax County,1980,Hutchison Elementary,N,             337,<,             339
2025-2026,29,Fairfax County,1980,Hutchison Elementary,Y,             599,<,             600
2025-2026,29,Fairfax County,1420,Hybla Valley Elementary,N,             247,,             247
2025-2026,29,Fairfax County,1420,Hybla Valley Elementary,Y,             591,<,             594
2025-2026,29,Fairfax County,1120,Irving Middle,N,"           1,022",              17,"           1,039"
2025-2026,29,Fairfax County,1120,Irving Middle,Y,             195,<,             201
2025-2026,29,Fairfax County,2235,Island Creek Elementary,N,             559,<,             568
2025-2026,29,Fairfax County,2235,Island Creek Elementary,Y,             117,<,             119
2025-2026,29,Fairfax County,673,Jackson Middle,N,             505,,             505
2025-2026,29,Fairfax County,673,Jackson Middle,Y,             517,,             517
2025-2026,29,Fairfax County,1110,Johnson Middle,N,             747,<,             749
2025-2026,29,Fairfax County,1110,Johnson Middle,Y,             396,,             396
2025-2026,29,Fairfax County,1070,Justice High,N,"           1,164",,"           1,164"
2025-2026,29,Fairfax County,1070,Justice High,Y,"           1,055",,"           1,055"
2025-2026,29,Fairfax County,1240,Keene Mill Elementary,N,             578,,             578
2025-2026,29,Fairfax County,1240,Keene Mill Elementary,Y,             164,<,             166
2025-2026,29,Fairfax County,980,Kent Gardens Elementary,N,             855,<,             856
2025-2026,29,Fairfax County,980,Kent Gardens Elementary,Y,              47,,              47
2025-2026,29,Fairfax County,1901,Key Center,N,              35,,              35
2025-2026,29,Fairfax County,1901,Key Center,Y,<,,<
2025-2026,29,Fairfax County,1900,Key Middle,N,             367,<,             369
2025-2026,29,Fairfax County,1900,Key Middle,Y,             296,,             296
2025-2026,29,Fairfax County,1761,Kilmer Center,N,              35,,              35
2025-2026,29,Fairfax County,1761,Kilmer Center,Y,              16,,              16
2025-2026,29,Fairfax County,1760,Kilmer Middle,N,             927,              19,             946
2025-2026,29,Fairfax County,1760,Kilmer Middle,Y,             230,,             230
2025-2026,29,Fairfax County,1890,Kings Glen Elementary,N,             351,,             351
2025-2026,29,Fairfax County,1890,Kings Glen Elementary,Y,             123,,             123
2025-2026,29,Fairfax County,1440,Kings Park Elementary,N,             520,              12,             532
2025-2026,29,Fairfax County,1440,Kings Park Elementary,Y,             145,<,             150
2025-2026,29,Fairfax County,1570,Lake Anne Elementary,N,             315,<,             321
2025-2026,29,Fairfax County,1570,Lake Anne Elementary,Y,             249,<,             255
2025-2026,29,Fairfax County,90,Lake Braddock Secondary,N,"           3,444",              11,"           3,455"
2025-2026,29,Fairfax County,90,Lake Braddock Secondary,Y,             937,,             937
2025-2026,29,Fairfax County,2209,Lane Elementary,N,             506,<,             507
2025-2026,29,Fairfax County,2209,Lane Elementary,Y,             179,,             179
2025-2026,29,Fairfax County,1460,Langley High,N,"           2,095",<,"           2,096"
2025-2026,29,Fairfax County,1460,Langley High,Y,             100,,             100
2025-2026,29,Fairfax County,2348,Laurel Hill Elementary,N,             553,<,             554
2025-2026,29,Fairfax County,2348,Laurel Hill Elementary,Y,             206,,             206
2025-2026,29,Fairfax County,1970,Laurel Ridge Elementary,N,             739,<,             747
2025-2026,29,Fairfax County,1970,Laurel Ridge Elementary,Y,              83,,              83
2025-2026,29,Fairfax County,1850,Lees Corner Elementary,N,             369,,             369
2025-2026,29,Fairfax County,1850,Lees Corner Elementary,Y,              90,<,              92
2025-2026,29,Fairfax County,770,Lemon Road Elementary,N,             495,<,             502
2025-2026,29,Fairfax County,770,Lemon Road Elementary,Y,             109,<,             111
2025-2026,29,Fairfax County,1020,Lewis High,N,             874,<,             875
2025-2026,29,Fairfax County,1020,Lewis High,Y,             681,,             681
2025-2026,29,Fairfax County,2233,Liberty Middle,N,             588,<,             591
2025-2026,29,Fairfax County,2233,Liberty Middle,Y,             303,<,             305
2025-2026,29,Fairfax County,1400,Little Run Elementary,N,             188,              11,             199
2025-2026,29,Fairfax County,1400,Little Run Elementary,Y,              77,<,              79
2025-2026,29,Fairfax County,1830,London Towne Elementary,N,             344,<,             347
2025-2026,29,Fairfax County,1830,London Towne Elementary,Y,             285,<,             287
2025-2026,29,Fairfax County,1150,Longfellow Middle,N,"           1,065",<,"           1,068"
2025-2026,29,Fairfax County,1150,Longfellow Middle,Y,             151,,             151
2025-2026,29,Fairfax County,2236,Lorton Station Elementary,N,             344,<,             345
2025-2026,29,Fairfax County,2236,Lorton Station Elementary,Y,             338,,             338
2025-2026,29,Fairfax County,890,Lynbrook Elementary,N,             184,,             184
2025-2026,29,Fairfax County,890,Lynbrook Elementary,Y,             387,<,             388
2025-2026,29,Fairfax County,1060,Madison High,N,"           1,898",<,"           1,899"
2025-2026,29,Fairfax County,1060,Madison High,Y,             213,,             213
2025-2026,29,Fairfax County,1210,Mantua Elementary,N,             763,              11,             774
2025-2026,29,Fairfax County,1210,Mantua Elementary,Y,             128,<,             129
2025-2026,29,Fairfax County,1290,Marshall High,N,"           1,670",<,"           1,671"
2025-2026,29,Fairfax County,1290,Marshall High,Y,             531,,             531
2025-2026,29,Fairfax County,1200,Marshall Road Elementary,N,             481,<,             482
2025-2026,29,Fairfax County,1200,Marshall Road Elementary,Y,             200,,             200
2025-2026,29,Fairfax County,2410,Mason Crest Elementary,N,             321,<,             330
2025-2026,29,Fairfax County,2410,Mason Crest Elementary,Y,             347,<,             352
2025-2026,29,Fairfax County,790,McLean High,N,"           2,059",,"           2,059"
2025-2026,29,Fairfax County,790,McLean High,Y,             313,,             313
2025-2026,29,Fairfax County,2231,McNair Elementary,N,             312,<,             321
2025-2026,29,Fairfax County,2231,McNair Elementary,Y,             238,<,             240
2025-2026,29,Fairfax County,2200,McNair Upper Elementary,N,             385,,             385
2025-2026,29,Fairfax County,2200,McNair Upper Elementary,Y,             202,,             202
2025-2026,29,Fairfax County,1390,Mosaic Elementary,N,             652,<,             654
2025-2026,29,Fairfax County,1390,Mosaic Elementary,Y,             236,,             236
2025-2026,29,Fairfax County,510,Mount Eagle Elementary,N,             169,<,             170
2025-2026,29,Fairfax County,510,Mount Eagle Elementary,Y,             184,<,             186
2025-2026,29,Fairfax County,420,Mount Vernon High,N,             789,<,             790
2025-2026,29,Fairfax County,420,Mount Vernon High,Y,             979,<,             980
2025-2026,29,Fairfax County,1640,Mount Vernon Woods Elementary,N,             179,<,             184
2025-2026,29,Fairfax County,1640,Mount Vernon Woods Elementary,Y,             298,<,             300
2025-2026,29,Fairfax County,2211,Mountain View High,N,              89,,              89
2025-2026,29,Fairfax County,2211,Mountain View High,Y,              98,,              98
2025-2026,29,Fairfax County,800,Navy Elementary,N,             740,<,             745
2025-2026,29,Fairfax County,800,Navy Elementary,Y,              85,<,              86
2025-2026,29,Fairfax County,470,Newington Forest Elementary,N,             425,<,             426
2025-2026,29,Fairfax County,470,Newington Forest Elementary,Y,             150,,             150
2025-2026,29,Fairfax County,930,North Springfield Elementary,N,             238,<,             243
2025-2026,29,Fairfax County,930,North Springfield Elementary,Y,             213,<,             220
2025-2026,29,Fairfax County,430,Oak Hill Elementary,N,             600,              10,             610
2025-2026,29,Fairfax County,430,Oak Hill Elementary,Y,              72,<,              74
2025-2026,29,Fairfax County,1860,Oak View Elementary,N,             677,<,             683
2025-2026,29,Fairfax County,1860,Oak View Elementary,Y,              98,,              98
2025-2026,29,Fairfax County,140,Oakton Elementary,N,             662,,             662
2025-2026,29,Fairfax County,140,Oakton Elementary,Y,             102,,             102
2025-2026,29,Fairfax County,1710,Oakton High,N,"           2,279",,"           2,279"
2025-2026,29,Fairfax County,1710,Oakton High,Y,             449,,             449
2025-2026,29,Fairfax County,1650,Olde Creek Elementary,N,             325,<,             326
2025-2026,29,Fairfax County,1650,Olde Creek Elementary,Y,              51,,              51
2025-2026,29,Fairfax County,150,Orange Hunt Elementary,N,             758,<,             761
2025-2026,29,Fairfax County,150,Orange Hunt Elementary,Y,              89,,              89
2025-2026,29,Fairfax County,1030,Parklawn Elementary,N,             334,<,             335
2025-2026,29,Fairfax County,1030,Parklawn Elementary,Y,             615,<,             620
2025-2026,29,Fairfax County,2440,Pimmit Early Childhood Resource Center,N,              27,              10,              37
2025-2026,29,Fairfax County,2440,Pimmit Early Childhood Resource Center,Y,<,<,<
2025-2026,29,Fairfax County,820,Pine Spring Elementary,N,             328,<,             331
2025-2026,29,Fairfax County,820,Pine Spring Elementary,Y,             281,<,             283
2025-2026,29,Fairfax County,1130,Poe Middle,N,             449,<,             450
2025-2026,29,Fairfax County,1130,Poe Middle,Y,             418,<,             419
2025-2026,29,Fairfax County,2080,Poplar Tree Elementary,N,             598,<,             604
2025-2026,29,Fairfax County,2080,Poplar Tree Elementary,Y,              86,<,              87
2025-2026,29,Fairfax County,2237,Powell Elementary,N,             654,<,             659
2025-2026,29,Fairfax County,2237,Powell Elementary,Y,             201,<,             202
2025-2026,29,Fairfax County,2230,Providence Elementary,N,             501,<,             503
2025-2026,29,Fairfax County,2230,Providence Elementary,Y,             456,<,             457
2025-2026,29,Fairfax County,1310,Ravensworth Elementary,N,             438,<,             442
2025-2026,29,Fairfax County,1310,Ravensworth Elementary,Y,              94,<,              97
2025-2026,29,Fairfax County,1820,Riverside Elementary,N,             371,              13,             384
2025-2026,29,Fairfax County,1820,Riverside Elementary,Y,             342,<,             345
2025-2026,29,Fairfax County,1960,Robinson Secondary,N,"           3,258",              26,"           3,284"
2025-2026,29,Fairfax County,1960,Robinson Secondary,Y,             515,,             515
2025-2026,29,Fairfax County,300,Rocky Run Middle,N,             712,              21,             733
2025-2026,29,Fairfax County,300,Rocky Run Middle,Y,             186,,             186
2025-2026,29,Fairfax County,1770,Rolling Valley Elementary,N,             402,<,             403
2025-2026,29,Fairfax County,1770,Rolling Valley Elementary,Y,             131,<,             132
2025-2026,29,Fairfax County,950,Rose Hill Elementary,N,             386,<,             389
2025-2026,29,Fairfax County,950,Rose Hill Elementary,Y,             287,<,             291
2025-2026,29,Fairfax County,1300,Sandburg Middle,N,             726,<,             732
2025-2026,29,Fairfax County,1300,Sandburg Middle,Y,             661,<,             664
2025-2026,29,Fairfax County,2030,Sangster Elementary,N,             865,,             865
2025-2026,29,Fairfax County,2030,Sangster Elementary,Y,              61,<,              62
2025-2026,29,Fairfax County,2040,Saratoga Elementary,N,             364,<,             365
2025-2026,29,Fairfax County,2040,Saratoga Elementary,Y,             259,,             259
2025-2026,29,Fairfax County,80,Sherman Elementary,N,             268,<,             270
2025-2026,29,Fairfax County,80,Sherman Elementary,Y,              17,,              17
2025-2026,29,Fairfax County,1660,Shrevewood Elementary,N,             314,<,             316
2025-2026,29,Fairfax County,1660,Shrevewood Elementary,Y,             211,<,             213
2025-2026,29,Fairfax County,1680,Silverbrook Elementary,N,             708,<,             713
2025-2026,29,Fairfax County,1680,Silverbrook Elementary,Y,              83,<,              85
2025-2026,29,Fairfax County,710,Sleepy Hollow Elementary,N,             237,<,             240
2025-2026,29,Fairfax County,710,Sleepy Hollow Elementary,Y,             217,,             217
2025-2026,29,Fairfax County,2241,South County High,N,"           1,590",,"           1,590"
2025-2026,29,Fairfax County,2241,South County High,Y,             461,,             461
2025-2026,29,Fairfax County,2420,South County Middle,N,             720,<,             723
2025-2026,29,Fairfax County,2420,South County Middle,Y,             231,,             231
2025-2026,29,Fairfax County,1990,South Lakes High,N,"           1,674",,"           1,674"
2025-2026,29,Fairfax County,1990,South Lakes High,Y,             767,,             767
2025-2026,29,Fairfax County,1620,Spring Hill Elementary,N,             887,<,             889
2025-2026,29,Fairfax County,1620,Spring Hill Elementary,Y,             136,<,             137
2025-2026,29,Fairfax County,960,Springfield Estates Elementary,N,             382,<,             384
2025-2026,29,Fairfax County,960,Springfield Estates Elementary,Y,             231,<,             234
2025-2026,29,Fairfax County,1380,Stenwood Elementary,N,             494,<,             501
2025-2026,29,Fairfax County,1380,Stenwood Elementary,Y,              54,<,              56
2025-2026,29,Fairfax County,2070,Stone Middle,N,             412,,             412
2025-2026,29,Fairfax County,2070,Stone Middle,Y,             276,<,             277
2025-2026,29,Fairfax County,1350,Stratford Landing Elementary,N,             482,<,             488
2025-2026,29,Fairfax County,1350,Stratford Landing Elementary,Y,             172,<,             174
2025-2026,29,Fairfax County,280,Sunrise Valley Elementary,N,             478,,             478
2025-2026,29,Fairfax County,280,Sunrise Valley Elementary,Y,              70,<,              71
2025-2026,29,Fairfax County,170,Terra Centre Elementary,N,             514,<,             515
2025-2026,29,Fairfax County,170,Terra Centre Elementary,Y,              81,,              81
2025-2026,29,Fairfax County,250,Terraset Elementary,N,             381,<,             385
2025-2026,29,Fairfax County,250,Terraset Elementary,Y,             215,<,             216
2025-2026,29,Fairfax County,1371,Thomas Jefferson High for Science and Technology,N,"           1,834",,"           1,834"
2025-2026,29,Fairfax County,1371,Thomas Jefferson High for Science and Technology,Y,             291,,             291
2025-2026,29,Fairfax County,1140,Thoreau Middle,N,"           1,008",<,"           1,016"
2025-2026,29,Fairfax County,1140,Thoreau Middle,Y,             265,,             265
2025-2026,29,Fairfax County,830,Timber Lane Elementary,N,             247,<,             255
2025-2026,29,Fairfax County,830,Timber Lane Elementary,Y,             330,<,             332
2025-2026,29,Fairfax County,1160,Twain Middle,N,             691,<,             694
2025-2026,29,Fairfax County,1160,Twain Middle,Y,             356,,             356
2025-2026,29,Fairfax County,1540,Union Mill Elementary,N,             745,<,             746
2025-2026,29,Fairfax County,1540,Union Mill Elementary,Y,             102,,             102
2025-2026,29,Fairfax County,120,Vienna Elementary,N,             340,<,             341
2025-2026,29,Fairfax County,120,Vienna Elementary,Y,              27,,              27
2025-2026,29,Fairfax County,2252,Virginia Hills Early Childhood Resource Center,N,             194,,             194
2025-2026,29,Fairfax County,2252,Virginia Hills Early Childhood Resource Center,Y,              23,,              23
2025-2026,29,Fairfax County,2050,Virginia Run Elementary,N,             407,<,             414
2025-2026,29,Fairfax County,2050,Virginia Run Elementary,Y,             276,<,             281
2025-2026,29,Fairfax County,850,Wakefield Forest Elementary,N,             549,<,             551
2025-2026,29,Fairfax County,850,Wakefield Forest Elementary,Y,              46,,              46
2025-2026,29,Fairfax County,2100,Waples Mill Elementary,N,             625,<,             631
2025-2026,29,Fairfax County,2100,Waples Mill Elementary,Y,              82,,              82
2025-2026,29,Fairfax County,1320,Washington Mill Elementary,N,             335,<,             337
2025-2026,29,Fairfax County,1320,Washington Mill Elementary,Y,             255,,             255
2025-2026,29,Fairfax County,1080,Waynewood Elementary,N,             696,<,             698
2025-2026,29,Fairfax County,1080,Waynewood Elementary,Y,              20,,              20
2025-2026,29,Fairfax County,900,West Potomac High,N,"           1,383",<,"           1,384"
2025-2026,29,Fairfax County,900,West Potomac High,Y,"           1,249",,"           1,249"
2025-2026,29,Fairfax County,1430,West Springfield Elementary,N,             411,              19,             430
2025-2026,29,Fairfax County,1430,West Springfield Elementary,Y,              67,<,              71
2025-2026,29,Fairfax County,1610,West Springfield High,N,"           2,369",<,"           2,371"
2025-2026,29,Fairfax County,1610,West Springfield High,Y,             486,,             486
2025-2026,29,Fairfax County,1580,Westbriar Elementary,N,             718,<,             719
2025-2026,29,Fairfax County,1580,Westbriar Elementary,Y,              98,,              98
2025-2026,29,Fairfax County,2228,Westfield High,N,"           1,780",,"           1,780"
2025-2026,29,Fairfax County,2228,Westfield High,Y,             992,<,             993
2025-2026,29,Fairfax County,1670,Westgate Elementary,N,             384,<,             385
2025-2026,29,Fairfax County,1670,Westgate Elementary,Y,             191,,             191
2025-2026,29,Fairfax County,580,Westlawn Elementary,N,             397,<,             398
2025-2026,29,Fairfax County,580,Westlawn Elementary,Y,             353,<,             354
2025-2026,29,Fairfax County,520,Weyanoke Elementary,N,             254,,             254
2025-2026,29,Fairfax County,520,Weyanoke Elementary,Y,             302,<,             305
2025-2026,29,Fairfax County,400,White Oaks Elementary,N,             521,<,             528
2025-2026,29,Fairfax County,400,White Oaks Elementary,Y,             189,,             189
2025-2026,29,Fairfax County,1550,Whitman Middle,N,             414,<,             416
2025-2026,29,Fairfax County,1550,Whitman Middle,Y,             379,,             379
2025-2026,29,Fairfax County,2060,Willow Springs Elementary,N,             638,<,             641
2025-2026,29,Fairfax County,2060,Willow Springs Elementary,Y,             140,,             140
2025-2026,29,Fairfax County,1810,Wolftrap Elementary,N,             488,,             488
2025-2026,29,Fairfax County,1810,Wolftrap Elementary,Y,              11,,              11
2025-2026,29,Fairfax County,650,Woodburn Elementary,N,             150,,             150
2025-2026,29,Fairfax County,650,Woodburn Elementary,Y,             297,<,             298
2025-2026,29,Fairfax County,380,Woodlawn Elementary,N,             219,<,             224
2025-2026,29,Fairfax County,380,Woodlawn Elementary,Y,             200,<,             202
2025-2026,29,Fairfax County,590,Woodley Hills Elementary,N,             220,<,             226
2025-2026,29,Fairfax County,590,Woodley Hills Elementary,Y,             263,<,             264
2025-2026,29,Fairfax County,1260,Woodson High,N,"           2,147",<,"           2,149"
2025-2026,29,Fairfax County,1260,Woodson High,Y,             359,,             359
2025-2026,109,Falls Church City,270,Jessie Thackrey Preschool,N,              54,,              54
2025-2026,109,Falls Church City,270,Jessie Thackrey Preschool,Y,              16,,              16
2025-2026,109,Falls Church City,252,Mary Ellen Henderson Middle School,N,             563,,             563
2025-2026,109,Falls Church City,252,Mary Ellen Henderson Middle School,Y,              94,,              94
2025-2026,109,Falls Church City,251,Meridian High School,N,             775,,             775
2025-2026,109,Falls Church City,251,Meridian High School,Y,             138,,             138
2025-2026,109,Falls Church City,240,Mount Daniel Elementary School,N,             408,,             408
2025-2026,109,Falls Church City,240,Mount Daniel Elementary School,Y,              81,,              81
2025-2026,109,Falls Church City,260,Oak Street Elementary School,N,             473,,             473
2025-2026,109,Falls Church City,260,Oak Street Elementary School,Y,              73,,              73
2025-2026,30,Fauquier County,854,Auburn Middle,N,             521,,             521
2025-2026,30,Fauquier County,854,Auburn Middle,Y,              77,,              77
2025-2026,30,Fauquier County,460,C. Hunter Ritchie Elementary,N,             399,,             399
2025-2026,30,Fauquier County,460,C. Hunter Ritchie Elementary,Y,              66,,              66
2025-2026,30,Fauquier County,730,C.M. Bradley Elementary,N,             277,,             277
2025-2026,30,Fauquier County,730,C.M. Bradley Elementary,Y,              99,,              99
2025-2026,30,Fauquier County,520,Cedar Lee Middle,N,             510,,             510
2025-2026,30,Fauquier County,520,Cedar Lee Middle,Y,             366,,             366
2025-2026,30,Fauquier County,120,Claude Thompson Elementary,N,             132,,             132
2025-2026,30,Fauquier County,120,Claude Thompson Elementary,Y,             133,,             133
2025-2026,30,Fauquier County,701,Fauquier High,N,             821,,             821
2025-2026,30,Fauquier County,701,Fauquier High,Y,             321,,             321
2025-2026,30,Fauquier County,450,Grace Miller Elementary,N,             283,,             283
2025-2026,30,Fauquier County,450,Grace Miller Elementary,Y,             204,,             204
2025-2026,30,Fauquier County,511,Greenville Elementary,N,             395,,             395
2025-2026,30,Fauquier County,511,Greenville Elementary,Y,              50,,              50
2025-2026,30,Fauquier County,750,H.M. Pearson Elementary,N,             228,,             228
2025-2026,30,Fauquier County,750,H.M. Pearson Elementary,Y,             161,,             161
2025-2026,30,Fauquier County,853,James G. Brumfield Elementary,N,             291,,             291
2025-2026,30,Fauquier County,853,James G. Brumfield Elementary,Y,             143,,             143
2025-2026,30,Fauquier County,510,Kettle Run High,N,"           1,054",,"           1,054"
2025-2026,30,Fauquier County,510,Kettle Run High,Y,             145,,             145
2025-2026,30,Fauquier County,851,Liberty High,N,             788,,             788
2025-2026,30,Fauquier County,851,Liberty High,Y,             488,,             488
2025-2026,30,Fauquier County,530,Margaret M. Pierce Elementary,N,             327,,             327
2025-2026,30,Fauquier County,530,Margaret M. Pierce Elementary,Y,             205,,             205
2025-2026,30,Fauquier County,10,Marshall Middle,N,             311,,             311
2025-2026,30,Fauquier County,10,Marshall Middle,Y,             119,,             119
2025-2026,30,Fauquier County,20,Mary Walter Elementary,N,             215,,             215
2025-2026,30,Fauquier County,20,Mary Walter Elementary,Y,             188,,             188
2025-2026,30,Fauquier County,720,P.B. Smith Elementary,N,             394,,             394
2025-2026,30,Fauquier County,720,P.B. Smith Elementary,Y,              55,,              55
2025-2026,30,Fauquier County,670,W.C. Taylor Middle,N,             457,,             457
2025-2026,30,Fauquier County,670,W.C. Taylor Middle,Y,             123,,             123
2025-2026,30,Fauquier County,740,W.G. Coleman Elementary,N,             250,,             250
2025-2026,30,Fauquier County,740,W.G. Coleman Elementary,Y,             118,,             118
2025-2026,31,Floyd County,90,Check Elementary,N,             162,,             162
2025-2026,31,Floyd County,90,Check Elementary,Y,             101,,             101
2025-2026,31,Floyd County,660,Floyd County High,N,             406,<,             407
2025-2026,31,Floyd County,660,Floyd County High,Y,             254,<,             256
2025-2026,31,Floyd County,360,Floyd Elementary,N,             273,<,             279
2025-2026,31,Floyd County,360,Floyd Elementary,Y,             167,,             167
2025-2026,31,Floyd County,650,Indian Valley Elementary,N,              70,,              70
2025-2026,31,Floyd County,650,Indian Valley Elementary,Y,              53,,              53
2025-2026,31,Floyd County,500,Willis Elementary,N,             109,,             109
2025-2026,31,Floyd County,500,Willis Elementary,Y,              74,,              74
2025-2026,32,Fluvanna County,300,Carysbrook Elementary,N,             312,,             312
2025-2026,32,Fluvanna County,300,Carysbrook Elementary,Y,             179,,             179
2025-2026,32,Fluvanna County,310,Central Elementary,N,             434,,             434
2025-2026,32,Fluvanna County,310,Central Elementary,Y,             306,,             306
2025-2026,32,Fluvanna County,260,Fluvanna County High,N,             928,,             928
2025-2026,32,Fluvanna County,260,Fluvanna County High,Y,             407,,             407
2025-2026,32,Fluvanna County,320,Fluvanna Middle,N,             500,,             500
2025-2026,32,Fluvanna County,320,Fluvanna Middle,Y,             240,,             240
2025-2026,135,Franklin City,20,Franklin High,N,             184,,             184
2025-2026,135,Franklin City,20,Franklin High,Y,             298,,             298
2025-2026,135,Franklin City,10,S.P. Morton Elementary,N,             355,,             355
2025-2026,135,Franklin City,10,S.P. Morton Elementary,Y,             224,,             224
2025-2026,33,Franklin County,31,Benjamin Franklin Middle,N,             691,,             691
2025-2026,33,Franklin County,31,Benjamin Franklin Middle,Y,             652,,             652
2025-2026,33,Franklin County,1370,Boones Mill Elementary,N,             189,,             189
2025-2026,33,Franklin County,1370,Boones Mill Elementary,Y,             100,,             100
2025-2026,33,Franklin County,350,Callaway Elementary,N,              99,,              99
2025-2026,33,Franklin County,350,Callaway Elementary,Y,             121,,             121
2025-2026,33,Franklin County,20,Dudley Elementary,N,             172,,             172
2025-2026,33,Franklin County,20,Dudley Elementary,Y,             144,,             144
2025-2026,33,Franklin County,1360,Ferrum Elementary,N,             139,,             139
2025-2026,33,Franklin County,1360,Ferrum Elementary,Y,             166,,             166
2025-2026,33,Franklin County,1311,Franklin County High,N,"           1,048",,"           1,048"
2025-2026,33,Franklin County,1311,Franklin County High,Y,             810,,             810
2025-2026,33,Franklin County,690,Glade Hill Elementary,N,             109,,             109
2025-2026,33,Franklin County,690,Glade Hill Elementary,Y,             126,,             126
2025-2026,33,Franklin County,660,Lee M. Waid Elementary,N,             159,,             159
2025-2026,33,Franklin County,660,Lee M. Waid Elementary,Y,             205,,             205
2025-2026,33,Franklin County,1380,Rocky Mount Elementary,N,             123,,             123
2025-2026,33,Franklin County,1380,Rocky Mount Elementary,Y,             192,,             192
2025-2026,33,Franklin County,1170,Snow Creek Elementary,N,              97,,              97
2025-2026,33,Franklin County,1170,Snow Creek Elementary,Y,             119,,             119
2025-2026,33,Franklin County,960,Sontag Elementary,N,              96,,              96
2025-2026,33,Franklin County,960,Sontag Elementary,Y,             153,,             153
2025-2026,33,Franklin County,980,Windy Gap Elementary,N,             205,,             205
2025-2026,33,Franklin County,980,Windy Gap Elementary,Y,             147,,             147
2025-2026,34,Frederick County,586,Admiral Richard E. Byrd Middle,N,             562,,             562
2025-2026,34,Frederick County,586,Admiral Richard E. Byrd Middle,Y,             278,,             278
2025-2026,34,Frederick County,10,Apple Pie Ridge Elementary,N,             233,,             233
2025-2026,34,Frederick County,10,Apple Pie Ridge Elementary,Y,             146,,             146
2025-2026,34,Frederick County,320,Armel Elementary,N,             406,,             406
2025-2026,34,Frederick County,320,Armel Elementary,Y,             154,,             154
2025-2026,34,Frederick County,20,Bass-Hoover Elementary,N,             371,,             371
2025-2026,34,Frederick County,20,Bass-Hoover Elementary,Y,             256,,             256
2025-2026,34,Frederick County,587,Evendale Elementary,N,             335,,             335
2025-2026,34,Frederick County,587,Evendale Elementary,Y,             248,,             248
2025-2026,34,Frederick County,460,Frederick County Middle,N,             454,,             454
2025-2026,34,Frederick County,460,Frederick County Middle,Y,             244,,             244
2025-2026,34,Frederick County,380,Gainesboro Elementary,N,             289,,             289
2025-2026,34,Frederick County,380,Gainesboro Elementary,Y,             181,,             181
2025-2026,34,Frederick County,590,Greenwood Mill Elementary,N,             366,,             366
2025-2026,34,Frederick County,590,Greenwood Mill Elementary,Y,             231,,             231
2025-2026,34,Frederick County,40,Indian Hollow Elementary,N,             245,,             245
2025-2026,34,Frederick County,40,Indian Hollow Elementary,Y,             165,,             165
2025-2026,34,Frederick County,30,James Wood High,N,"           1,015",<,"           1,016"
2025-2026,34,Frederick County,30,James Wood High,Y,             395,,             395
2025-2026,34,Frederick County,420,James Wood Middle,N,             539,,             539
2025-2026,34,Frederick County,420,James Wood Middle,Y,             337,,             337
2025-2026,34,Frederick County,591,Jordan Springs Elementary,N,             460,,             460
2025-2026,34,Frederick County,591,Jordan Springs Elementary,Y,             217,,             217
2025-2026,34,Frederick County,340,Middletown Elementary,N,             462,,             462
2025-2026,34,Frederick County,340,Middletown Elementary,Y,             251,,             251
2025-2026,34,Frederick County,584,Millbrook High,N,             921,,             921
2025-2026,34,Frederick County,584,Millbrook High,Y,             615,,             615
2025-2026,34,Frederick County,583,Orchard View Elementary,N,             289,,             289
2025-2026,34,Frederick County,583,Orchard View Elementary,Y,             164,,             164
2025-2026,34,Frederick County,582,Redbud Run Elementary,N,             349,,             349
2025-2026,34,Frederick County,582,Redbud Run Elementary,Y,             267,,             267
2025-2026,34,Frederick County,480,Robert E. Aylor Middle,N,             625,,             625
2025-2026,34,Frederick County,480,Robert E. Aylor Middle,Y,             304,,             304
2025-2026,34,Frederick County,581,Sherando High,N,"           1,102",,"           1,102"
2025-2026,34,Frederick County,581,Sherando High,Y,             479,,             479
2025-2026,34,Frederick County,410,Stonewall Elementary,N,             215,,             215
2025-2026,34,Frederick County,410,Stonewall Elementary,Y,             188,,             188
2025-2026,110,Fredericksburg City,20,Gladys West Elementary,N,             264,,             264
2025-2026,110,Fredericksburg City,20,Gladys West Elementary,Y,             322,,             322
2025-2026,110,Fredericksburg City,50,Hugh Mercer Elementary,N,             206,,             206
2025-2026,110,Fredericksburg City,50,Hugh Mercer Elementary,Y,             333,,             333
2025-2026,110,Fredericksburg City,40,James Monroe High,N,             511,,             511
2025-2026,110,Fredericksburg City,40,James Monroe High,Y,             481,,             481
2025-2026,110,Fredericksburg City,272,Lafayette Elementary,N,             217,,             217
2025-2026,110,Fredericksburg City,272,Lafayette Elementary,Y,             301,,             301
2025-2026,110,Fredericksburg City,30,Walker-Grant Early Childhood Center,N,              73,,              73
2025-2026,110,Fredericksburg City,30,Walker-Grant Early Childhood Center,Y,              79,,              79
2025-2026,110,Fredericksburg City,273,Walker-Grant Middle,N,             359,,             359
2025-2026,110,Fredericksburg City,273,Walker-Grant Middle,Y,             464,,             464
2025-2026,111,Galax City,10,Galax Elementary,N,             246,,             246
2025-2026,111,Galax City,10,Galax Elementary,Y,             396,,             396
2025-2026,111,Galax City,31,Galax High,N,             198,,             198
2025-2026,111,Galax City,31,Galax High,Y,             218,,             218
2025-2026,111,Galax City,32,Galax Middle,N,             138,,             138
2025-2026,111,Galax City,32,Galax Middle,Y,             190,,             190
2025-2026,35,Giles County,10,Eastern Elementary/Middle ,N,             298,,             298
2025-2026,35,Giles County,10,Eastern Elementary/Middle ,Y,             139,,             139
2025-2026,35,Giles County,112,Giles County K-12 Virtual School,N,"           1,566",,"           1,566"
2025-2026,35,Giles County,112,Giles County K-12 Virtual School,Y,             431,,             431
2025-2026,35,Giles County,461,Giles High,N,             347,,             347
2025-2026,35,Giles County,461,Giles High,Y,             193,,             193
2025-2026,35,Giles County,390,Macy Mcclaugherty Elementary/Middle,N,             270,,             270
2025-2026,35,Giles County,390,Macy Mcclaugherty Elementary/Middle,Y,             139,,             139
2025-2026,35,Giles County,400,Narrows Elementary/Middle ,N,             335,,             335
2025-2026,35,Giles County,400,Narrows Elementary/Middle ,Y,             174,,             174
2025-2026,35,Giles County,470,Narrows High,N,             177,,             177
2025-2026,35,Giles County,470,Narrows High,Y,             116,,             116
2025-2026,36,Gloucester County,250,Abingdon Elementary,N,             204,<,             205
2025-2026,36,Gloucester County,250,Abingdon Elementary,Y,             221,<,             226
2025-2026,36,Gloucester County,240,Achilles Elementary,N,             223,<,             226
2025-2026,36,Gloucester County,240,Achilles Elementary,Y,             170,<,             174
2025-2026,36,Gloucester County,381,Bethel Elementary,N,             269,<,             271
2025-2026,36,Gloucester County,381,Bethel Elementary,Y,             222,<,             226
2025-2026,36,Gloucester County,100,Botetourt Elementary,N,             274,<,             276
2025-2026,36,Gloucester County,100,Botetourt Elementary,Y,             228,<,             234
2025-2026,36,Gloucester County,260,Gloucester High,N,             918,,             918
2025-2026,36,Gloucester County,260,Gloucester High,Y,             555,,             555
2025-2026,36,Gloucester County,802,Page Middle,N,             306,,             306
2025-2026,36,Gloucester County,802,Page Middle,Y,             264,,             264
2025-2026,36,Gloucester County,280,Peasley Middle,N,             314,,             314
2025-2026,36,Gloucester County,280,Peasley Middle,Y,             232,,             232
2025-2026,36,Gloucester County,270,Petsworth Elementary,N,             185,<,             186
2025-2026,36,Gloucester County,270,Petsworth Elementary,Y,             186,<,             187
2025-2026,37,Goochland County,120,Byrd Elementary,N,             207,,             207
2025-2026,37,Goochland County,120,Byrd Elementary,Y,              99,,              99
2025-2026,37,Goochland County,360,Goochland Elementary,N,             380,,             380
2025-2026,37,Goochland County,360,Goochland Elementary,Y,             154,,             154
2025-2026,37,Goochland County,220,Goochland High,N,             645,,             645
2025-2026,37,Goochland County,220,Goochland High,Y,             218,,             218
2025-2026,37,Goochland County,340,Goochland Middle,N,             455,,             455
2025-2026,37,Goochland County,340,Goochland Middle,Y,             163,,             163
2025-2026,37,Goochland County,260,Randolph Elementary,N,             277,,             277
2025-2026,37,Goochland County,260,Randolph Elementary,Y,              91,,              91
2025-2026,38,Grayson County,480,Fairview Elementary,N,              60,,              60
2025-2026,38,Grayson County,480,Fairview Elementary,Y,              80,,              80
2025-2026,38,Grayson County,911,Fries Elementary,N,              72,,              72
2025-2026,38,Grayson County,911,Fries Elementary,Y,             147,,             147
2025-2026,38,Grayson County,421,Grayson County High,N,             196,,             196
2025-2026,38,Grayson County,421,Grayson County High,Y,             262,,             262
2025-2026,38,Grayson County,430,Grayson Highlands,N,              74,,              74
2025-2026,38,Grayson County,430,Grayson Highlands,Y,              86,,              86
2025-2026,38,Grayson County,422,Independence Elementary,N,             109,,             109
2025-2026,38,Grayson County,422,Independence Elementary,Y,             144,,             144
2025-2026,38,Grayson County,11,Independence Middle,N,              97,,              97
2025-2026,38,Grayson County,11,Independence Middle,Y,             196,,             196
2025-2026,39,Greene County,20,Nathanael Greene Elementary,N,             190,,             190
2025-2026,39,Greene County,20,Nathanael Greene Elementary,Y,             145,,             145
2025-2026,39,Greene County,10,Nathanael Greene Primary,N,             191,,             191
2025-2026,39,Greene County,10,Nathanael Greene Primary,Y,             161,,             161
2025-2026,39,Greene County,30,Ruckersville Elementary,N,             401,,             401
2025-2026,39,Greene County,30,Ruckersville Elementary,Y,             175,,             175
2025-2026,39,Greene County,72,William Monroe High,N,             483,<,             485
2025-2026,39,Greene County,72,William Monroe High,Y,             456,<,             458
2025-2026,39,Greene County,71,William Monroe Middle,N,             271,<,             273
2025-2026,39,Greene County,71,William Monroe Middle,Y,             345,,             345
2025-2026,40,Greensville County,190,Edward W. Wyatt Middle,N,              49,,              49
2025-2026,40,Greensville County,190,Edward W. Wyatt Middle,Y,             363,,             363
2025-2026,40,Greensville County,200,Greensville County High,N,              53,,              53
2025-2026,40,Greensville County,200,Greensville County High,Y,             521,,             521
2025-2026,40,Greensville County,50,Greensville Elementary,N,             181,,             181
2025-2026,40,Greensville County,50,Greensville Elementary,Y,             782,,             782
2025-2026,41,Halifax County,1560,Clays Mill Elementary,N,             104,,             104
2025-2026,41,Halifax County,1560,Clays Mill Elementary,Y,             116,,             116
2025-2026,41,Halifax County,20,Cluster Springs Elementary,N,             301,,             301
2025-2026,41,Halifax County,20,Cluster Springs Elementary,Y,             279,,             279
2025-2026,41,Halifax County,10,Halifax County High,N,             615,,             615
2025-2026,41,Halifax County,10,Halifax County High,Y,             596,,             596
2025-2026,41,Halifax County,1480,Halifax County Middle,N,             389,,             389
2025-2026,41,Halifax County,1480,Halifax County Middle,Y,             467,,             467
2025-2026,41,Halifax County,1550,Meadville Elementary,N,              90,,              90
2025-2026,41,Halifax County,1550,Meadville Elementary,Y,              99,,              99
2025-2026,41,Halifax County,1510,Scottsburg Elementary,N,              80,,              80
2025-2026,41,Halifax County,1510,Scottsburg Elementary,Y,             129,,             129
2025-2026,41,Halifax County,1521,Sinai Elementary,N,              53,,              53
2025-2026,41,Halifax County,1521,Sinai Elementary,Y,             197,,             197
2025-2026,41,Halifax County,30,South Boston Elementary,N,             239,,             239
2025-2026,41,Halifax County,30,South Boston Elementary,Y,             405,,             405
2025-2026,41,Halifax County,950,South Boston/Halifax Early Learning Center,N,              54,,              54
2025-2026,41,Halifax County,950,South Boston/Halifax Early Learning Center,Y,              60,,              60
2025-2026,41,Halifax County,1490,Sydnor Jennings Elementary,N,              59,,              59
2025-2026,41,Halifax County,1490,Sydnor Jennings Elementary,Y,              87,,              87
2025-2026,112,Hampton City,500,A.W.E. Bassette Elementary,N,             207,,             207
2025-2026,112,Hampton City,500,A.W.E. Bassette Elementary,Y,             300,,             300
2025-2026,112,Hampton City,160,Aberdeen Elementary,N,             190,,             190
2025-2026,112,Hampton City,160,Aberdeen Elementary,Y,             271,,             271
2025-2026,112,Hampton City,470,Albert W. Patrick III Elementary,N,             151,,             151
2025-2026,112,Hampton City,470,Albert W. Patrick III Elementary,Y,             216,,             216
2025-2026,112,Hampton City,260,Alfred S. Forrest Elementary,N,             207,,             207
2025-2026,112,Hampton City,260,Alfred S. Forrest Elementary,Y,             287,,             287
2025-2026,112,Hampton City,120,Armstrong Elementary,N,             207,,             207
2025-2026,112,Hampton City,120,Armstrong Elementary,Y,              92,,              92
2025-2026,112,Hampton City,330,Barron Elementary,N,             249,,             249
2025-2026,112,Hampton City,330,Barron Elementary,Y,             148,,             148
2025-2026,112,Hampton City,350,Benjamin Syms Middle,N,             400,,             400
2025-2026,112,Hampton City,350,Benjamin Syms Middle,Y,             497,,             497
2025-2026,112,Hampton City,430,Bethel High,N,             749,,             749
2025-2026,112,Hampton City,430,Bethel High,Y,             867,,             867
2025-2026,112,Hampton City,450,C. Alton Lindsay Middle,N,             227,,             227
2025-2026,112,Hampton City,450,C. Alton Lindsay Middle,Y,             414,,             414
2025-2026,112,Hampton City,460,Captain John Smith Elementary,N,             166,,             166
2025-2026,112,Hampton City,460,Captain John Smith Elementary,Y,             248,,             248
2025-2026,112,Hampton City,300,Cesar Tarrant Middle,N,             237,,             237
2025-2026,112,Hampton City,300,Cesar Tarrant Middle,Y,             475,,             475
2025-2026,112,Hampton City,420,Christopher C. Kraft Elementary ,N,             188,,             188
2025-2026,112,Hampton City,420,Christopher C. Kraft Elementary ,Y,             262,,             262
2025-2026,112,Hampton City,30,Francis Asbury Elementary,N,             229,,             229
2025-2026,112,Hampton City,30,Francis Asbury Elementary,Y,             180,,             180
2025-2026,112,Hampton City,70,Francis W. Jones Magnet Middle,N,             368,,             368
2025-2026,112,Hampton City,70,Francis W. Jones Magnet Middle,Y,             253,,             253
2025-2026,112,Hampton City,650,George P. Phenix Elementary,N,             871,,             871
2025-2026,112,Hampton City,650,George P. Phenix Elementary,Y,             596,,             596
2025-2026,112,Hampton City,280,Hampton High,N,             498,,             498
2025-2026,112,Hampton City,280,Hampton High,Y,             773,<,             774
2025-2026,112,Hampton City,640,Hunter B. Andrews,N,             449,,             449
2025-2026,112,Hampton City,640,Hunter B. Andrews,Y,             572,,             572
2025-2026,112,Hampton City,250,Jane H. Bryan Elementary,N,             164,,             164
2025-2026,112,Hampton City,250,Jane H. Bryan Elementary,Y,             209,,             209
2025-2026,112,Hampton City,320,Kecoughtan High,N,             882,<,             883
2025-2026,112,Hampton City,320,Kecoughtan High,Y,             685,,             685
2025-2026,112,Hampton City,490,Luther W. Machen Elementary ,N,             151,,             151
2025-2026,112,Hampton City,490,Luther W. Machen Elementary ,Y,             285,,             285
2025-2026,112,Hampton City,440,Mary S. Peake Elementary,N,             129,,             129
2025-2026,112,Hampton City,440,Mary S. Peake Elementary,Y,             271,,             271
2025-2026,112,Hampton City,270,Mary T. Christian Elementary,N,             119,,             119
2025-2026,112,Hampton City,270,Mary T. Christian Elementary,Y,             191,,             191
2025-2026,112,Hampton City,360,Mary W. Jackson Elementary,N,             207,,             207
2025-2026,112,Hampton City,360,Mary W. Jackson Elementary,Y,             121,,             121
2025-2026,112,Hampton City,210,Moton Early Childhood Center,N,             150,,             150
2025-2026,112,Hampton City,210,Moton Early Childhood Center,Y,              45,,              45
2025-2026,112,Hampton City,410,Paul Burbank Elementary,N,             199,,             199
2025-2026,112,Hampton City,410,Paul Burbank Elementary,Y,             214,,             214
2025-2026,112,Hampton City,370,Phillips Elementary,N,             210,,             210
2025-2026,112,Hampton City,370,Phillips Elementary,Y,             203,,             203
2025-2026,112,Hampton City,50,Phoebus High,N,             642,,             642
2025-2026,112,Hampton City,50,Phoebus High,Y,             743,,             743
2025-2026,112,Hampton City,180,Samuel P. Langley Elementary,N,             288,,             288
2025-2026,112,Hampton City,180,Samuel P. Langley Elementary,Y,             176,,             176
2025-2026,112,Hampton City,380,Thomas Eaton Middle,N,             282,,             282
2025-2026,112,Hampton City,380,Thomas Eaton Middle,Y,             254,,             254
2025-2026,112,Hampton City,80,William Mason Cooper Elementary,N,             239,,             239
2025-2026,112,Hampton City,80,William Mason Cooper Elementary,Y,             178,,             178
2025-2026,42,Hanover County,160,Ashland Elementary,N,             342,,             342
2025-2026,42,Hanover County,160,Ashland Elementary,Y,             346,,             346
2025-2026,42,Hanover County,62,Atlee High,N,"           1,201",,"           1,201"
2025-2026,42,Hanover County,62,Atlee High,Y,             269,,             269
2025-2026,42,Hanover County,360,Battlefield Park Elementary,N,             301,,             301
2025-2026,42,Hanover County,360,Battlefield Park Elementary,Y,             101,,             101
2025-2026,42,Hanover County,20,Beaverdam Elementary,N,             195,,             195
2025-2026,42,Hanover County,20,Beaverdam Elementary,Y,             138,,             138
2025-2026,42,Hanover County,440,Bell Creek Middle,N,             493,<,             494
2025-2026,42,Hanover County,440,Bell Creek Middle,Y,             388,,             388
2025-2026,42,Hanover County,61,Chickahominy Middle,N,             888,,             888
2025-2026,42,Hanover County,61,Chickahominy Middle,Y,             252,,             252
2025-2026,42,Hanover County,70,Cold Harbor Elementary,N,             260,,             260
2025-2026,42,Hanover County,70,Cold Harbor Elementary,Y,             199,,             199
2025-2026,42,Hanover County,551,Cool Spring Elementary,N,             724,,             724
2025-2026,42,Hanover County,551,Cool Spring Elementary,Y,             117,,             117
2025-2026,42,Hanover County,430,Elmont Elementary,N,             172,,             172
2025-2026,42,Hanover County,430,Elmont Elementary,Y,             193,,             193
2025-2026,42,Hanover County,554,Hanover High,N,"           1,143",,"           1,143"
2025-2026,42,Hanover County,554,Hanover High,Y,             233,,             233
2025-2026,42,Hanover County,200,Kersey Creek Elementary,N,             561,,             561
2025-2026,42,Hanover County,200,Kersey Creek Elementary,Y,             117,,             117
2025-2026,42,Hanover County,210,Laurel Meadow Elementary,N,             341,,             341
2025-2026,42,Hanover County,210,Laurel Meadow Elementary,Y,             239,,             239
2025-2026,42,Hanover County,450,Liberty Middle,N,             443,,             443
2025-2026,42,Hanover County,450,Liberty Middle,Y,             486,,             486
2025-2026,42,Hanover County,420,Mechanicsville Elementary,N,             205,,             205
2025-2026,42,Hanover County,420,Mechanicsville Elementary,Y,             351,,             351
2025-2026,42,Hanover County,370,Mechanicsville High,N,             766,,             766
2025-2026,42,Hanover County,370,Mechanicsville High,Y,             450,,             450
2025-2026,42,Hanover County,553,Oak Knoll Middle,N,             752,,             752
2025-2026,42,Hanover County,553,Oak Knoll Middle,Y,             160,,             160
2025-2026,42,Hanover County,400,Patrick Henry High,N,             698,<,             699
2025-2026,42,Hanover County,400,Patrick Henry High,Y,             468,,             468
2025-2026,42,Hanover County,410,Pearson's Corner Elementary,N,             450,,             450
2025-2026,42,Hanover County,410,Pearson's Corner Elementary,Y,              77,,              77
2025-2026,42,Hanover County,552,Pole Green Elementary,N,             405,,             405
2025-2026,42,Hanover County,552,Pole Green Elementary,Y,             130,,             130
2025-2026,42,Hanover County,30,Rural Point Elementary,N,             542,,             542
2025-2026,42,Hanover County,30,Rural Point Elementary,Y,              87,,              87
2025-2026,42,Hanover County,40,South Anna Elementary,N,             318,,             318
2025-2026,42,Hanover County,40,South Anna Elementary,Y,             144,,             144
2025-2026,42,Hanover County,290,Washington-Henry Elementary ,N,             264,,             264
2025-2026,42,Hanover County,290,Washington-Henry Elementary ,Y,             118,,             118
2025-2026,113,Harrisonburg City,120,Bluestone Elementary,N,             317,,             317
2025-2026,113,Harrisonburg City,120,Bluestone Elementary,Y,             334,,             334
2025-2026,113,Harrisonburg City,450,Elon Rhodes Early Learning Center,N,              85,,              85
2025-2026,113,Harrisonburg City,450,Elon Rhodes Early Learning Center,Y,              96,,              96
2025-2026,113,Harrisonburg City,12,Harrisonburg High,N,             588,<,             592
2025-2026,113,Harrisonburg City,12,Harrisonburg High,Y,             389,,             389
2025-2026,113,Harrisonburg City,50,Keister Elementary,N,             314,,             314
2025-2026,113,Harrisonburg City,50,Keister Elementary,Y,             168,,             168
2025-2026,113,Harrisonburg City,20,Rocktown High,N,             563,,             563
2025-2026,113,Harrisonburg City,20,Rocktown High,Y,             453,,             453
2025-2026,113,Harrisonburg City,111,Skyline Middle,N,             354,,             354
2025-2026,113,Harrisonburg City,111,Skyline Middle,Y,             374,,             374
2025-2026,113,Harrisonburg City,110,Smithland Elementary,N,             245,,             245
2025-2026,113,Harrisonburg City,110,Smithland Elementary,Y,             263,,             263
2025-2026,113,Harrisonburg City,60,Spotswood Elementary,N,             223,,             223
2025-2026,113,Harrisonburg City,60,Spotswood Elementary,Y,             199,,             199
2025-2026,113,Harrisonburg City,191,Stone Spring Elementary,N,             256,,             256
2025-2026,113,Harrisonburg City,191,Stone Spring Elementary,Y,             275,,             275
2025-2026,113,Harrisonburg City,80,Thomas Harrison Middle,N,             429,,             429
2025-2026,113,Harrisonburg City,80,Thomas Harrison Middle,Y,             318,,             318
2025-2026,113,Harrisonburg City,30,Waterman Elementary,N,             271,,             271
2025-2026,113,Harrisonburg City,30,Waterman Elementary,Y,             221,,             221
2025-2026,43,Henrico County,450,Anthony P. Mehfoud Elementary,N,             168,,             168
2025-2026,43,Henrico County,450,Anthony P. Mehfoud Elementary,Y,             118,,             118
2025-2026,43,Henrico County,320,Arthur Ashe Jr. Elementary ,N,             199,,             199
2025-2026,43,Henrico County,320,Arthur Ashe Jr. Elementary ,Y,             235,,             235
2025-2026,43,Henrico County,500,Brookland Middle,N,             470,,             470
2025-2026,43,Henrico County,500,Brookland Middle,Y,             601,,             601
2025-2026,43,Henrico County,120,Cashell Donahoe Elementary,N,             224,,             224
2025-2026,43,Henrico County,120,Cashell Donahoe Elementary,Y,             274,,             274
2025-2026,43,Henrico County,590,Chamberlayne Elementary,N,             177,,             177
2025-2026,43,Henrico County,590,Chamberlayne Elementary,Y,             252,,             252
2025-2026,43,Henrico County,530,Charles M. Johnson Elementary,N,             201,,             201
2025-2026,43,Henrico County,530,Charles M. Johnson Elementary,Y,             213,,             213
2025-2026,43,Henrico County,93,Colonial Trail Elementary,N,             574,,             574
2025-2026,43,Henrico County,93,Colonial Trail Elementary,Y,             158,,             158
2025-2026,43,Henrico County,400,Crestview Elementary,N,             260,,             260
2025-2026,43,Henrico County,400,Crestview Elementary,Y,             111,,             111
2025-2026,43,Henrico County,82,David A. Kaechele Elementary ,N,             382,,             382
2025-2026,43,Henrico County,82,David A. Kaechele Elementary ,Y,              53,,              53
2025-2026,43,Henrico County,160,Deep Run High,N,"           1,741",,"           1,741"
2025-2026,43,Henrico County,160,Deep Run High,Y,             270,,             270
2025-2026,43,Henrico County,410,Douglas S. Freeman High,N,"           1,240",,"           1,240"
2025-2026,43,Henrico County,410,Douglas S. Freeman High,Y,             590,,             590
2025-2026,43,Henrico County,700,Dumbarton Elementary,N,             312,,             312
2025-2026,43,Henrico County,700,Dumbarton Elementary,Y,             372,,             372
2025-2026,43,Henrico County,300,Echo Lake Elementary,N,             355,,             355
2025-2026,43,Henrico County,300,Echo Lake Elementary,Y,             144,,             144
2025-2026,43,Henrico County,680,Elizabeth Holladay Elementary,N,             371,,             371
2025-2026,43,Henrico County,680,Elizabeth Holladay Elementary,Y,             496,,             496
2025-2026,43,Henrico County,92,Elko Middle,N,             309,,             309
2025-2026,43,Henrico County,92,Elko Middle,Y,             395,,             395
2025-2026,43,Henrico County,200,Fair Oaks Elementary,N,             105,,             105
2025-2026,43,Henrico County,200,Fair Oaks Elementary,Y,             242,,             242
2025-2026,43,Henrico County,510,Fairfield Middle,N,             410,,             410
2025-2026,43,Henrico County,510,Fairfield Middle,Y,             589,,             589
2025-2026,43,Henrico County,150,Gayton Elementary,N,             528,,             528
2025-2026,43,Henrico County,150,Gayton Elementary,Y,              86,,              86
2025-2026,43,Henrico County,470,George F. Baker Elementary,N,             164,,             164
2025-2026,43,Henrico County,470,George F. Baker Elementary,Y,             266,,             266
2025-2026,43,Henrico County,390,George H. Moody Middle,N,             746,,             746
2025-2026,43,Henrico County,390,George H. Moody Middle,Y,             306,,             306
2025-2026,43,Henrico County,20,Glen Allen Elementary,N,             453,,             453
2025-2026,43,Henrico County,20,Glen Allen Elementary,Y,             129,,             129
2025-2026,43,Henrico County,96,Glen Allen High,N,"           1,431",,"           1,431"
2025-2026,43,Henrico County,96,Glen Allen High,Y,             483,,             483
2025-2026,43,Henrico County,380,Glen Lea Elementary,N,              90,,              90
2025-2026,43,Henrico County,380,Glen Lea Elementary,Y,             375,,             375
2025-2026,43,Henrico County,260,Greenwood Elementary ,N,             430,,             430
2025-2026,43,Henrico County,260,Greenwood Elementary ,Y,             266,,             266
2025-2026,43,Henrico County,420,Harold Macon Ratcliffe Elementary,N,             119,,             119
2025-2026,43,Henrico County,420,Harold Macon Ratcliffe Elementary,Y,             283,,             283
2025-2026,43,Henrico County,94,Harvie Elementary,N,             177,,             177
2025-2026,43,Henrico County,94,Harvie Elementary,Y,             286,,             286
2025-2026,43,Henrico County,610,Henrico High,N,             580,,             580
2025-2026,43,Henrico County,610,Henrico High,Y,             662,,             662
2025-2026,43,Henrico County,83,Henrico Virtual Academy,N,             236,,             236
2025-2026,43,Henrico County,83,Henrico Virtual Academy,Y,             281,,             281
2025-2026,43,Henrico County,330,Henry D. Ward Elementary,N,             243,,             243
2025-2026,43,Henrico County,330,Henry D. Ward Elementary,Y,             299,,             299
2025-2026,43,Henrico County,670,Hermitage High,N,             884,,             884
2025-2026,43,Henrico County,670,Hermitage High,Y,             806,,             806
2025-2026,43,Henrico County,640,Highland Springs Elementary,N,              89,,              89
2025-2026,43,Henrico County,640,Highland Springs Elementary,Y,             347,,             347
2025-2026,43,Henrico County,190,Highland Springs High,N,             877,,             877
2025-2026,43,Henrico County,190,Highland Springs High,Y,             947,,             947
2025-2026,43,Henrico County,95,Holman Middle ,N,             573,,             573
2025-2026,43,Henrico County,95,Holman Middle ,Y,             299,,             299
2025-2026,43,Henrico County,100,Hungary Creek Middle ,N,             600,,             600
2025-2026,43,Henrico County,100,Hungary Creek Middle ,Y,             249,,             249
2025-2026,43,Henrico County,620,Jackson Davis Elementary,N,             333,,             333
2025-2026,43,Henrico County,620,Jackson Davis Elementary,Y,             188,,             188
2025-2026,43,Henrico County,660,Jacob L. Adams Elementary,N,             146,,             146
2025-2026,43,Henrico County,660,Jacob L. Adams Elementary,Y,             262,,             262
2025-2026,43,Henrico County,600,John Randolph Tucker High,N,"           1,319",,"           1,319"
2025-2026,43,Henrico County,600,John Randolph Tucker High,Y,             779,,             779
2025-2026,43,Henrico County,130,John Rolfe Middle,N,             355,,             355
2025-2026,43,Henrico County,130,John Rolfe Middle,Y,             460,,             460
2025-2026,43,Henrico County,250,L. Douglas Wilder Middle,N,             363,,             363
2025-2026,43,Henrico County,250,L. Douglas Wilder Middle,Y,             411,,             411
2025-2026,43,Henrico County,430,Laburnum Elementary,N,             128,,             128
2025-2026,43,Henrico County,430,Laburnum Elementary,Y,             322,,             322
2025-2026,43,Henrico County,370,Lakeside Elementary,N,             175,,             175
2025-2026,43,Henrico County,370,Lakeside Elementary,Y,             209,,             209
2025-2026,43,Henrico County,50,Longdale Elementary,N,             199,,             199
2025-2026,43,Henrico County,50,Longdale Elementary,Y,             286,,             286
2025-2026,43,Henrico County,490,Maude Trevvett Elementary,N,             305,,             305
2025-2026,43,Henrico County,490,Maude Trevvett Elementary,Y,             247,,             247
2025-2026,43,Henrico County,540,Maybeury Elementary,N,             471,,             471
2025-2026,43,Henrico County,540,Maybeury Elementary,Y,             210,,             210
2025-2026,43,Henrico County,140,Mills E. Godwin High,N,"           1,360",,"           1,360"
2025-2026,43,Henrico County,140,Mills E. Godwin High,Y,             366,,             366
2025-2026,43,Henrico County,210,Montrose Elementary,N,             115,,             115
2025-2026,43,Henrico County,210,Montrose Elementary,Y,             220,,             220
2025-2026,43,Henrico County,270,Nuckols Farm Elementary,N,             532,,             532
2025-2026,43,Henrico County,270,Nuckols Farm Elementary,Y,              79,,              79
2025-2026,43,Henrico County,440,Pemberton Elementary,N,             268,,             268
2025-2026,43,Henrico County,440,Pemberton Elementary,Y,              62,,              62
2025-2026,43,Henrico County,570,Pinchbeck Elementary,N,             330,,             330
2025-2026,43,Henrico County,570,Pinchbeck Elementary,Y,             180,,             180
2025-2026,43,Henrico County,280,Pocahontas Middle,N,             705,,             705
2025-2026,43,Henrico County,280,Pocahontas Middle,Y,             199,,             199
2025-2026,43,Henrico County,690,Quioccasin Middle,N,             562,,             562
2025-2026,43,Henrico County,690,Quioccasin Middle,Y,             443,,             443
2025-2026,43,Henrico County,630,R.C. Longan Elementary,N,             195,,             195
2025-2026,43,Henrico County,630,R.C. Longan Elementary,Y,             242,,             242
2025-2026,43,Henrico County,90,Ridge Elementary,N,             238,,             238
2025-2026,43,Henrico County,90,Ridge Elementary,Y,             294,,             294
2025-2026,43,Henrico County,240,Rivers Edge Elementary,N,             655,,             655
2025-2026,43,Henrico County,240,Rivers Edge Elementary,Y,              79,,              79
2025-2026,43,Henrico County,650,Ruby F. Carver Elementary,N,             288,,             288
2025-2026,43,Henrico County,650,Ruby F. Carver Elementary,Y,             238,,             238
2025-2026,43,Henrico County,220,Sandston Elementary,N,              87,,              87
2025-2026,43,Henrico County,220,Sandston Elementary,Y,              91,,              91
2025-2026,43,Henrico County,550,Seven Pines Elementary,N,             198,,             198
2025-2026,43,Henrico County,550,Seven Pines Elementary,Y,             221,,             221
2025-2026,43,Henrico County,710,Shady Grove Elementary,N,             524,,             524
2025-2026,43,Henrico County,710,Shady Grove Elementary,Y,              69,,              69
2025-2026,43,Henrico County,60,Short Pump Elementary,N,             470,,             470
2025-2026,43,Henrico County,60,Short Pump Elementary,Y,             111,,             111
2025-2026,43,Henrico County,80,Short Pump Middle,N,             908,,             908
2025-2026,43,Henrico County,80,Short Pump Middle,Y,             167,,             167
2025-2026,43,Henrico County,480,Skipwith Elementary,N,             304,,             304
2025-2026,43,Henrico County,480,Skipwith Elementary,Y,             314,,             314
2025-2026,43,Henrico County,230,Springfield Park Elementary,N,             395,,             395
2025-2026,43,Henrico County,230,Springfield Park Elementary,Y,             216,,             216
2025-2026,43,Henrico County,10,Three Chopt Elementary,N,             219,,             219
2025-2026,43,Henrico County,10,Three Chopt Elementary,Y,             103,,             103
2025-2026,43,Henrico County,360,Tuckahoe Elementary,N,             646,,             646
2025-2026,43,Henrico County,360,Tuckahoe Elementary,Y,              35,,              35
2025-2026,43,Henrico County,520,Tuckahoe Middle,N,             881,,             881
2025-2026,43,Henrico County,520,Tuckahoe Middle,Y,             338,,             338
2025-2026,43,Henrico County,310,Twin Hickory Elementary,N,             470,,             470
2025-2026,43,Henrico County,310,Twin Hickory Elementary,Y,              81,,              81
2025-2026,43,Henrico County,290,Varina Elementary,N,             133,,             133
2025-2026,43,Henrico County,290,Varina Elementary,Y,             127,,             127
2025-2026,43,Henrico County,580,Varina High,N,             659,,             659
2025-2026,43,Henrico County,580,Varina High,Y,             713,,             713
2025-2026,44,Henry County,361,Axton Elementary,N,              96,,              96
2025-2026,44,Henry County,361,Axton Elementary,Y,             248,,             248
2025-2026,44,Henry County,10,Bassett High,N,             369,,             369
2025-2026,44,Henry County,10,Bassett High,Y,             688,,             688
2025-2026,44,Henry County,590,Campbell Court Elementary,N,              47,,              47
2025-2026,44,Henry County,590,Campbell Court Elementary,Y,             209,,             209
2025-2026,44,Henry County,530,Drewry Mason Elementary,N,             127,,             127
2025-2026,44,Henry County,530,Drewry Mason Elementary,Y,             253,,             253
2025-2026,44,Henry County,620,Fieldale-Collinsville Middle ,N,             243,,             243
2025-2026,44,Henry County,620,Fieldale-Collinsville Middle ,Y,             540,,             540
2025-2026,44,Henry County,480,G.W. Carver Elementary ,N,             117,,             117
2025-2026,44,Henry County,480,G.W. Carver Elementary ,Y,             333,,             333
2025-2026,44,Henry County,670,Laurel Park Middle ,N,             269,,             269
2025-2026,44,Henry County,670,Laurel Park Middle ,Y,             451,,             451
2025-2026,44,Henry County,20,Magna Vista High,N,             409,,             409
2025-2026,44,Henry County,20,Magna Vista High,Y,             698,,             698
2025-2026,44,Henry County,661,Meadow View Elementary,N,             192,,             192
2025-2026,44,Henry County,661,Meadow View Elementary,Y,             455,,             455
2025-2026,44,Henry County,872,Mount Olivet Elementary ,N,              72,,              72
2025-2026,44,Henry County,872,Mount Olivet Elementary ,Y,             187,,             187
2025-2026,44,Henry County,740,Rich Acres Elementary,N,              60,,              60
2025-2026,44,Henry County,740,Rich Acres Elementary,Y,             193,,             193
2025-2026,44,Henry County,220,Sanville Elementary,N,              69,,              69
2025-2026,44,Henry County,220,Sanville Elementary,Y,             151,,             151
2025-2026,44,Henry County,760,Stanleytown Elementary,N,              81,,              81
2025-2026,44,Henry County,760,Stanleytown Elementary,Y,             180,,             180
2025-2026,45,Highland County,110,Highland Elementary,N,              63,,              63
2025-2026,45,Highland County,110,Highland Elementary,Y,              46,,              46
2025-2026,45,Highland County,220,Highland High,N,              68,,              68
2025-2026,45,Highland County,220,Highland High,Y,              43,,              43
2025-2026,114,Hopewell City,110,Carter G. Woodson Middle,N,             240,,             240
2025-2026,114,Hopewell City,110,Carter G. Woodson Middle,Y,             542,,             542
2025-2026,114,Hopewell City,40,Dupont Elementary,N,             162,,             162
2025-2026,114,Hopewell City,40,Dupont Elementary,Y,             408,,             408
2025-2026,114,Hopewell City,140,Harry E. James Elementary,N,             141,,             141
2025-2026,114,Hopewell City,140,Harry E. James Elementary,Y,             389,,             389
2025-2026,114,Hopewell City,120,Hopewell High,N,             337,,             337
2025-2026,114,Hopewell City,120,Hopewell High,Y,             734,,             734
2025-2026,114,Hopewell City,70,Patrick Copeland Elementary,N,             194,,             194
2025-2026,114,Hopewell City,70,Patrick Copeland Elementary,Y,             399,,             399
2025-2026,114,Hopewell City,151,Woodlawn Pre-School Learning Center,N,             193,,             193
2025-2026,114,Hopewell City,151,Woodlawn Pre-School Learning Center,Y,              96,,              96
2025-2026,46,Isle of Wight County,421,Carrollton Elementary,N,             358,,             358
2025-2026,46,Isle of Wight County,421,Carrollton Elementary,Y,             192,,             192
2025-2026,46,Isle of Wight County,280,Carrsville Elementary,N,             157,,             157
2025-2026,46,Isle of Wight County,280,Carrsville Elementary,Y,              82,,              82
2025-2026,46,Isle of Wight County,422,Georgie D. Tyler Middle,N,             277,,             277
2025-2026,46,Isle of Wight County,422,Georgie D. Tyler Middle,Y,             112,,             112
2025-2026,46,Isle of Wight County,320,Hardy Elementary,N,             403,,             403
2025-2026,46,Isle of Wight County,320,Hardy Elementary,Y,             241,,             241
2025-2026,46,Isle of Wight County,40,Smithfield High,N,             876,,             876
2025-2026,46,Isle of Wight County,40,Smithfield High,Y,             404,,             404
2025-2026,46,Isle of Wight County,50,Smithfield Middle,N,             396,,             396
2025-2026,46,Isle of Wight County,50,Smithfield Middle,Y,             194,,             194
2025-2026,46,Isle of Wight County,424,Westside Elementary,N,             447,,             447
2025-2026,46,Isle of Wight County,424,Westside Elementary,Y,             213,,             213
2025-2026,46,Isle of Wight County,240,Windsor Elementary,N,             423,,             423
2025-2026,46,Isle of Wight County,240,Windsor Elementary,Y,             205,,             205
2025-2026,46,Isle of Wight County,250,Windsor High,N,             364,,             364
2025-2026,46,Isle of Wight County,250,Windsor High,Y,             130,,             130
2025-2026,48,King George County,100,King George Elementary,N,             458,,             458
2025-2026,48,King George County,100,King George Elementary,Y,             240,,             240
2025-2026,48,King George County,120,King George High,N,             962,<,             965
2025-2026,48,King George County,120,King George High,Y,             501,,             501
2025-2026,48,King George County,10,King George Middle,N,             626,,             626
2025-2026,48,King George County,10,King George Middle,Y,             427,,             427
2025-2026,48,King George County,50,Potomac Elementary,N,             334,,             334
2025-2026,48,King George County,50,Potomac Elementary,Y,             198,,             198
2025-2026,48,King George County,221,Sealston Elementary ,N,             465,,             465
2025-2026,48,King George County,221,Sealston Elementary ,Y,             209,,             209
2025-2026,50,King William County,180,Acquinton Elementary,N,             289,,             289
2025-2026,50,King William County,180,Acquinton Elementary,Y,             194,,             194
2025-2026,50,King William County,190,Cool Spring Primary,N,             324,,             324
2025-2026,50,King William County,190,Cool Spring Primary,Y,             180,,             180
2025-2026,50,King William County,160,Hamilton Holmes Middle,N,             289,,             289
2025-2026,50,King William County,160,Hamilton Holmes Middle,Y,             152,,             152
2025-2026,50,King William County,130,King William High,N,             455,,             455
2025-2026,50,King William County,130,King William High,Y,             213,,             213
2025-2026,49,King and Queen County,280,Central High,N,             127,,             127
2025-2026,49,King and Queen County,280,Central High,Y,             118,,             118
2025-2026,49,King and Queen County,200,King & Queen Elementary,N,              80,,              80
2025-2026,49,King and Queen County,200,King & Queen Elementary,Y,              82,,              82
2025-2026,49,King and Queen County,290,Lawson-Marriott Elementary,N,              74,,              74
2025-2026,49,King and Queen County,290,Lawson-Marriott Elementary,Y,              92,,              92
2025-2026,51,Lancaster County,310,Lancaster Early Childhood Education Center,N,              31,,              31
2025-2026,51,Lancaster County,310,Lancaster Early Childhood Education Center,Y,              58,,              58
2025-2026,51,Lancaster County,110,Lancaster Elementary,N,             133,,             133
2025-2026,51,Lancaster County,110,Lancaster Elementary,Y,             397,,             397
2025-2026,51,Lancaster County,10,Lancaster High,N,             137,,             137
2025-2026,51,Lancaster County,10,Lancaster High,Y,             257,,             257
2025-2026,52,Lee County,160,Dryden Elementary,N,              99,,              99
2025-2026,52,Lee County,160,Dryden Elementary,Y,             178,,             178
2025-2026,52,Lee County,330,Elk Knob Elementary,N,             154,,             154
2025-2026,52,Lee County,330,Elk Knob Elementary,Y,             152,,             152
2025-2026,52,Lee County,820,Elydale Middle,N,              28,,              28
2025-2026,52,Lee County,820,Elydale Middle,Y,              96,,              96
2025-2026,52,Lee County,630,Flatwoods Elementary,N,             226,,             226
2025-2026,52,Lee County,630,Flatwoods Elementary,Y,             174,,             174
2025-2026,52,Lee County,470,Jonesville Middle,N,              47,,              47
2025-2026,52,Lee County,470,Jonesville Middle,Y,             171,,             171
2025-2026,52,Lee County,300,Lee High,N,              41,,              41
2025-2026,52,Lee County,300,Lee High,Y,             584,,             584
2025-2026,52,Lee County,290,Pennington Middle,N,              51,,              51
2025-2026,52,Lee County,290,Pennington Middle,Y,             219,,             219
2025-2026,52,Lee County,670,Rose Hill Elementary,N,              99,,              99
2025-2026,52,Lee County,670,Rose Hill Elementary,Y,             116,,             116
2025-2026,52,Lee County,200,St. Charles Elementary,N,              71,,              71
2025-2026,52,Lee County,200,St. Charles Elementary,Y,              68,,              68
2025-2026,52,Lee County,880,Thomas Walker High,N,              32,,              32
2025-2026,52,Lee County,880,Thomas Walker High,Y,             244,,             244
2025-2026,137,Lexington City,1390,Harrington Waddell Elementary,N,             220,,             220
2025-2026,137,Lexington City,1390,Harrington Waddell Elementary,Y,              96,,              96
2025-2026,137,Lexington City,1440,Lylburn Downing Middle,N,             138,,             138
2025-2026,137,Lexington City,1440,Lylburn Downing Middle,Y,              54,,              54
2025-2026,137,Lexington City,22,Rockbridge County High,Y,<,,<
2025-2026,53,Loudoun County,510,Aldie Elementary,N,              64,,              64
2025-2026,53,Loudoun County,510,Aldie Elementary,Y,              25,,              25
2025-2026,53,Loudoun County,150,Algonkian Elementary,N,             361,,             361
2025-2026,53,Loudoun County,150,Algonkian Elementary,Y,             100,,             100
2025-2026,53,Loudoun County,610,Arcola Elementary,N,             521,,             521
2025-2026,53,Loudoun County,610,Arcola Elementary,Y,             168,,             168
2025-2026,53,Loudoun County,170,Ashburn Elementary,N,             420,,             420
2025-2026,53,Loudoun County,170,Ashburn Elementary,Y,             130,,             130
2025-2026,53,Loudoun County,220,Ball's Bluff Elementary,N,             320,,             320
2025-2026,53,Loudoun County,220,Ball's Bluff Elementary,Y,             142,,             142
2025-2026,53,Loudoun County,650,Banneker Elementary,N,              89,,              89
2025-2026,53,Loudoun County,650,Banneker Elementary,Y,              54,,              54
2025-2026,53,Loudoun County,940,Belmont Ridge Middle,N,             825,<,             826
2025-2026,53,Loudoun County,940,Belmont Ridge Middle,Y,             224,,             224
2025-2026,53,Loudoun County,300,Belmont Station Elementary ,N,             421,,             421
2025-2026,53,Loudoun County,300,Belmont Station Elementary ,Y,             139,,             139
2025-2026,53,Loudoun County,790,Blue Ridge Middle,N,             627,<,             630
2025-2026,53,Loudoun County,790,Blue Ridge Middle,Y,             105,<,             106
2025-2026,53,Loudoun County,1120,Brambleton Middle,N,             561,,             561
2025-2026,53,Loudoun County,1120,Brambleton Middle,Y,              77,,              77
2025-2026,53,Loudoun County,420,Briar Woods High ,N,"           1,670",,"           1,670"
2025-2026,53,Loudoun County,420,Briar Woods High ,Y,             239,,             239
2025-2026,53,Loudoun County,740,Broad Run High,N,"           1,050",<,"           1,054"
2025-2026,53,Loudoun County,740,Broad Run High,Y,             468,,             468
2025-2026,53,Loudoun County,450,Buffalo Trail Elementary,N,             635,,             635
2025-2026,53,Loudoun County,450,Buffalo Trail Elementary,Y,              79,,              79
2025-2026,53,Loudoun County,460,Cardinal Ridge Elementary ,N,             669,,             669
2025-2026,53,Loudoun County,460,Cardinal Ridge Elementary ,Y,             158,,             158
2025-2026,53,Loudoun County,710,Catoctin Elementary,N,             465,,             465
2025-2026,53,Loudoun County,710,Catoctin Elementary,Y,             140,,             140
2025-2026,53,Loudoun County,840,Cedar Lane Elementary,N,             496,,             496
2025-2026,53,Loudoun County,840,Cedar Lane Elementary,Y,             152,,             152
2025-2026,53,Loudoun County,160,Cool Spring Elementary,N,             290,,             290
2025-2026,53,Loudoun County,160,Cool Spring Elementary,Y,             283,,             283
2025-2026,53,Loudoun County,890,Countryside Elementary,N,             302,,             302
2025-2026,53,Loudoun County,890,Countryside Elementary,Y,             335,,             335
2025-2026,53,Loudoun County,540,Creighton's Corner Elementary,N,             640,,             640
2025-2026,53,Loudoun County,540,Creighton's Corner Elementary,Y,             154,,             154
2025-2026,53,Loudoun County,1000,Discovery Elementary,N,             433,,             433
2025-2026,53,Loudoun County,1000,Discovery Elementary,Y,             209,,             209
2025-2026,53,Loudoun County,31,Dominion High,N,             680,,             680
2025-2026,53,Loudoun County,31,Dominion High,Y,             619,,             619
2025-2026,53,Loudoun County,470,Dominion Trail Elementary,N,             307,,             307
2025-2026,53,Loudoun County,470,Dominion Trail Elementary,Y,             262,,             262
2025-2026,53,Loudoun County,880,Eagle Ridge Middle,N,"           1,030",,"           1,030"
2025-2026,53,Loudoun County,880,Eagle Ridge Middle,Y,             136,,             136
2025-2026,53,Loudoun County,1151,Elaine E. Thompson Elementary,N,             604,,             604
2025-2026,53,Loudoun County,1151,Elaine E. Thompson Elementary,Y,             132,,             132
2025-2026,53,Loudoun County,730,Emerick Elementary,N,             380,,             380
2025-2026,53,Loudoun County,730,Emerick Elementary,Y,              41,,              41
2025-2026,53,Loudoun County,190,Evergreen Mill Elementary,N,             358,,             358
2025-2026,53,Loudoun County,190,Evergreen Mill Elementary,Y,             175,,             175
2025-2026,53,Loudoun County,210,Farmwell Station Middle,N,             631,<,             633
2025-2026,53,Loudoun County,210,Farmwell Station Middle,Y,             334,,             334
2025-2026,53,Loudoun County,970,Forest Grove Elementary,N,             192,,             192
2025-2026,53,Loudoun County,970,Forest Grove Elementary,Y,             322,,             322
2025-2026,53,Loudoun County,530,Frederick Douglass Elementary,N,             252,,             252
2025-2026,53,Loudoun County,530,Frederick Douglass Elementary,Y,             307,,             307
2025-2026,53,Loudoun County,120,Freedom High ,N,"           1,467",,"           1,467"
2025-2026,53,Loudoun County,120,Freedom High ,Y,             330,,             330
2025-2026,53,Loudoun County,371,Goshen Post Elementary,N,             751,,             751
2025-2026,53,Loudoun County,371,Goshen Post Elementary,Y,              74,,              74
2025-2026,53,Loudoun County,720,Guilford Elementary,N,             115,,             115
2025-2026,53,Loudoun County,720,Guilford Elementary,Y,             374,,             374
2025-2026,53,Loudoun County,320,Gum Spring Middle,N,"           1,198",,"           1,198"
2025-2026,53,Loudoun County,320,Gum Spring Middle,Y,             266,,             266
2025-2026,53,Loudoun County,230,Hamilton Elementary,N,             132,,             132
2025-2026,53,Loudoun County,230,Hamilton Elementary,Y,              20,,              20
2025-2026,53,Loudoun County,921,Harmony Middle,N,"           1,005",,"           1,005"
2025-2026,53,Loudoun County,921,Harmony Middle,Y,             125,,             125
2025-2026,53,Loudoun County,520,Harper Park Middle,N,             570,,             570
2025-2026,53,Loudoun County,520,Harper Park Middle,Y,             305,,             305
2025-2026,53,Loudoun County,116,Henrietta Lacks Elementary ,N,             703,,             703
2025-2026,53,Loudoun County,116,Henrietta Lacks Elementary ,Y,              47,,              47
2025-2026,53,Loudoun County,900,Heritage High,N,             994,,             994
2025-2026,53,Loudoun County,900,Heritage High,Y,             492,,             492
2025-2026,53,Loudoun County,111,Hillsboro Charter Academy,N,             135,,             135
2025-2026,53,Loudoun County,111,Hillsboro Charter Academy,Y,<,,<
2025-2026,53,Loudoun County,400,Hillside Elementary,N,             512,,             512
2025-2026,53,Loudoun County,400,Hillside Elementary,Y,              80,,              80
2025-2026,53,Loudoun County,820,Horizon Elementary,N,             374,,             374
2025-2026,53,Loudoun County,820,Horizon Elementary,Y,             145,,             145
2025-2026,53,Loudoun County,1131,Hovatter Elementary,N,             871,,             871
2025-2026,53,Loudoun County,1131,Hovatter Elementary,Y,              34,,              34
2025-2026,53,Loudoun County,960,Hutchison Farm Elementary,N,             464,,             464
2025-2026,53,Loudoun County,960,Hutchison Farm Elementary,Y,             193,,             193
2025-2026,53,Loudoun County,1110,Independence High,N,"           1,963",<,"           1,966"
2025-2026,53,Loudoun County,1110,Independence High,Y,             270,,             270
2025-2026,53,Loudoun County,20,J. Lupton Simpson Middle,N,             585,,             585
2025-2026,53,Loudoun County,20,J. Lupton Simpson Middle,Y,             246,,             246
2025-2026,53,Loudoun County,580,J. Michael Lunsford Middle,N,             976,,             976
2025-2026,53,Loudoun County,580,J. Michael Lunsford Middle,Y,             232,,             232
2025-2026,53,Loudoun County,370,John Champe High,N,"           1,518",<,"           1,519"
2025-2026,53,Loudoun County,370,John Champe High,Y,             395,,             395
2025-2026,53,Loudoun County,950,John W. Tolbert Jr. Elementary ,N,             425,,             425
2025-2026,53,Loudoun County,950,John W. Tolbert Jr. Elementary ,Y,             166,,             166
2025-2026,53,Loudoun County,600,Kenneth W.Culbert Elementary,N,             372,,             372
2025-2026,53,Loudoun County,600,Kenneth W.Culbert Elementary,Y,              49,,              49
2025-2026,53,Loudoun County,80,Leesburg Elementary,N,             239,,             239
2025-2026,53,Loudoun County,80,Leesburg Elementary,Y,             197,,             197
2025-2026,53,Loudoun County,430,Legacy Elementary ,N,             507,,             507
2025-2026,53,Loudoun County,430,Legacy Elementary ,Y,             100,,             100
2025-2026,53,Loudoun County,560,Liberty Elementary,N,             636,,             636
2025-2026,53,Loudoun County,560,Liberty Elementary,Y,             147,,             147
2025-2026,53,Loudoun County,1130,Lightridge High,N,"           1,917",,"           1,917"
2025-2026,53,Loudoun County,1130,Lightridge High,Y,             204,,             204
2025-2026,53,Loudoun County,290,Lincoln Elementary,N,              70,,              70
2025-2026,53,Loudoun County,290,Lincoln Elementary,Y,<,,<
2025-2026,53,Loudoun County,860,Little River Elementary,N,             551,,             551
2025-2026,53,Loudoun County,860,Little River Elementary,Y,             123,,             123
2025-2026,53,Loudoun County,660,Loudoun County High,N,             954,<,             955
2025-2026,53,Loudoun County,660,Loudoun County High,Y,             302,,             302
2025-2026,53,Loudoun County,680,Loudoun Valley High,N,             969,,             969
2025-2026,53,Loudoun County,680,Loudoun Valley High,Y,             170,,             170
2025-2026,53,Loudoun County,780,Lovettsville Elementary,N,             428,,             428
2025-2026,53,Loudoun County,780,Lovettsville Elementary,Y,              81,,              81
2025-2026,53,Loudoun County,500,Lowes Island Elementary,N,             407,,             407
2025-2026,53,Loudoun County,500,Lowes Island Elementary,Y,              87,,              87
2025-2026,53,Loudoun County,130,Lucketts Elementary,N,             164,,             164
2025-2026,53,Loudoun County,130,Lucketts Elementary,Y,              58,,              58
2025-2026,53,Loudoun County,1030,Madison's Trust Elementary,N,             900,,             900
2025-2026,53,Loudoun County,1030,Madison's Trust Elementary,Y,             175,,             175
2025-2026,53,Loudoun County,70,Meadowland Elementary,N,             187,,             187
2025-2026,53,Loudoun County,70,Meadowland Elementary,Y,             201,,             201
2025-2026,53,Loudoun County,1200,Middleburg Community Charter,N,             146,,             146
2025-2026,53,Loudoun County,1200,Middleburg Community Charter,Y,<,,<
2025-2026,53,Loudoun County,910,Mill Run Elementary,N,             539,,             539
2025-2026,53,Loudoun County,910,Mill Run Elementary,Y,              69,,              69
2025-2026,53,Loudoun County,380,Moorefield Station Elementary,N,             698,,             698
2025-2026,53,Loudoun County,380,Moorefield Station Elementary,Y,             219,,             219
2025-2026,53,Loudoun County,980,Mountain View Elementary,N,             531,,             531
2025-2026,53,Loudoun County,980,Mountain View Elementary,Y,             102,,             102
2025-2026,53,Loudoun County,270,Newton-Lee Elementary ,N,             413,,             413
2025-2026,53,Loudoun County,270,Newton-Lee Elementary ,Y,             112,,             112
2025-2026,53,Loudoun County,60,Park View High,N,             463,<,             464
2025-2026,53,Loudoun County,60,Park View High,Y,             825,,             825
2025-2026,53,Loudoun County,340,Pinebrook Elementary,N,             529,,             529
2025-2026,53,Loudoun County,340,Pinebrook Elementary,Y,             151,,             151
2025-2026,53,Loudoun County,140,Potomac Falls High,N,"           1,021",<,"           1,022"
2025-2026,53,Loudoun County,140,Potomac Falls High,Y,             637,,             637
2025-2026,53,Loudoun County,250,Potowmack Elementary,N,             253,,             253
2025-2026,53,Loudoun County,250,Potowmack Elementary,Y,             297,,             297
2025-2026,53,Loudoun County,91,Richard and Mildred Loving Elementary,N,             309,,             309
2025-2026,53,Loudoun County,91,Richard and Mildred Loving Elementary,Y,             296,,             296
2025-2026,53,Loudoun County,930,River Bend Middle,N,             636,,             636
2025-2026,53,Loudoun County,930,River Bend Middle,Y,             446,,             446
2025-2026,53,Loudoun County,1050,Riverside High,N,"           1,381",<,"           1,382"
2025-2026,53,Loudoun County,1050,Riverside High,Y,             311,,             311
2025-2026,53,Loudoun County,1060,Rock Ridge High,N,"           1,287",<,"           1,288"
2025-2026,53,Loudoun County,1060,Rock Ridge High,Y,             336,,             336
2025-2026,53,Loudoun County,40,Rolling Ridge Elementary,N,             185,,             185
2025-2026,53,Loudoun County,40,Rolling Ridge Elementary,Y,             359,,             359
2025-2026,53,Loudoun County,550,Rosa Lee Carter Elementary,N,             639,,             639
2025-2026,53,Loudoun County,550,Rosa Lee Carter Elementary,Y,             115,,             115
2025-2026,53,Loudoun County,180,Round Hill Elementary,N,             451,,             451
2025-2026,53,Loudoun County,180,Round Hill Elementary,Y,              44,,              44
2025-2026,53,Loudoun County,240,Sanders Corner Elementary,N,             397,,             397
2025-2026,53,Loudoun County,240,Sanders Corner Elementary,Y,             128,,             128
2025-2026,53,Loudoun County,870,Seldens Landing Elementary,N,             402,,             402
2025-2026,53,Loudoun County,870,Seldens Landing Elementary,Y,              84,,              84
2025-2026,53,Loudoun County,30,Seneca Ridge Middle,N,             460,,             460
2025-2026,53,Loudoun County,30,Seneca Ridge Middle,Y,             423,,             423
2025-2026,53,Loudoun County,90,Smart's Mill Middle ,N,             566,<,             567
2025-2026,53,Loudoun County,90,Smart's Mill Middle ,Y,             358,,             358
2025-2026,53,Loudoun County,690,Sterling Elementary,N,             124,,             124
2025-2026,53,Loudoun County,690,Sterling Elementary,Y,             298,,             298
2025-2026,53,Loudoun County,760,Sterling Middle,N,             262,,             262
2025-2026,53,Loudoun County,760,Sterling Middle,Y,             636,,             636
2025-2026,53,Loudoun County,350,Steuart W. Weller Elementary,N,             436,,             436
2025-2026,53,Loudoun County,350,Steuart W. Weller Elementary,Y,             279,,             279
2025-2026,53,Loudoun County,850,Stone Bridge High,N,"           1,267",<,"           1,269"
2025-2026,53,Loudoun County,850,Stone Bridge High,Y,             321,<,             322
2025-2026,53,Loudoun County,570,Stone Hill Middle,N,             972,,             972
2025-2026,53,Loudoun County,570,Stone Hill Middle,Y,             246,,             246
2025-2026,53,Loudoun County,10,Sugarland Elementary,N,             128,,             128
2025-2026,53,Loudoun County,10,Sugarland Elementary,Y,             344,,             344
2025-2026,53,Loudoun County,750,Sully Elementary,N,             104,,             104
2025-2026,53,Loudoun County,750,Sully Elementary,Y,             323,,             323
2025-2026,53,Loudoun County,280,Sycolin Creek Elementary,N,             448,,             448
2025-2026,53,Loudoun County,280,Sycolin Creek Elementary,Y,              38,,              38
2025-2026,53,Loudoun County,1040,Trailside Middle,N,             918,,             918
2025-2026,53,Loudoun County,1040,Trailside Middle,Y,             226,,             226
2025-2026,53,Loudoun County,200,Tuscarora High,N,             879,<,             880
2025-2026,53,Loudoun County,200,Tuscarora High,Y,             470,,             470
2025-2026,53,Loudoun County,532,W.O. Robey High,N,<,,<
2025-2026,53,Loudoun County,532,W.O. Robey High,Y,              57,,              57
2025-2026,53,Loudoun County,700,Waterford Elementary,N,             211,,             211
2025-2026,53,Loudoun County,700,Waterford Elementary,Y,              10,,              10
2025-2026,53,Loudoun County,117,Watson Mountain Middle,N,             986,<,             987
2025-2026,53,Loudoun County,117,Watson Mountain Middle,Y,             140,,             140
2025-2026,53,Loudoun County,1140,Waxpool Elementary,N,             548,,             548
2025-2026,53,Loudoun County,1140,Waxpool Elementary,Y,             102,,             102
2025-2026,53,Loudoun County,360,Willard Middle,N,"           1,564",,"           1,564"
2025-2026,53,Loudoun County,360,Willard Middle,Y,             140,,             140
2025-2026,53,Loudoun County,590,Woodgrove High,N,"           1,313",<,"           1,319"
2025-2026,53,Loudoun County,590,Woodgrove High,Y,             200,,             200
2025-2026,54,Louisa County,660,Jouett Elementary,N,             430,,             430
2025-2026,54,Louisa County,660,Jouett Elementary,Y,             256,,             256
2025-2026,54,Louisa County,602,Louisa County High,N,             847,,             847
2025-2026,54,Louisa County,602,Louisa County High,Y,             724,,             724
2025-2026,54,Louisa County,601,Louisa County Middle,N,             643,,             643
2025-2026,54,Louisa County,601,Louisa County Middle,Y,             567,,             567
2025-2026,54,Louisa County,80,Moss-Nuckols Elementary,N,             375,,             375
2025-2026,54,Louisa County,80,Moss-Nuckols Elementary,Y,             284,,             284
2025-2026,54,Louisa County,610,Thomas Jefferson Elementary,N,             409,,             409
2025-2026,54,Louisa County,610,Thomas Jefferson Elementary,Y,             287,,             287
2025-2026,54,Louisa County,641,Trevilians Elementary,N,             329,,             329
2025-2026,54,Louisa County,641,Trevilians Elementary,Y,             231,,             231
2025-2026,55,Lunenburg County,560,Central High,N,             242,,             242
2025-2026,55,Lunenburg County,560,Central High,Y,             229,,             229
2025-2026,55,Lunenburg County,240,Kenbridge Elementary,N,             155,,             155
2025-2026,55,Lunenburg County,240,Kenbridge Elementary,Y,             218,,             218
2025-2026,55,Lunenburg County,171,Lunenburg Middle,N,             157,,             157
2025-2026,55,Lunenburg County,171,Lunenburg Middle,Y,             160,,             160
2025-2026,55,Lunenburg County,140,Victoria Elementary,N,             153,,             153
2025-2026,55,Lunenburg County,140,Victoria Elementary,Y,             256,,             256
2025-2026,115,Lynchburg City,290,Bedford Hills Elementary,N,             228,<,             230
2025-2026,115,Lynchburg City,290,Bedford Hills Elementary,Y,             209,<,             212
2025-2026,115,Lynchburg City,70,Dearington Elementary/Innovation ,N,              60,<,              64
2025-2026,115,Lynchburg City,70,Dearington Elementary/Innovation ,Y,             191,,             191
2025-2026,115,Lynchburg City,260,E.C. Glass High ,N,             558,,             558
2025-2026,115,Lynchburg City,260,E.C. Glass High ,Y,             628,,             628
2025-2026,115,Lynchburg City,1102,Heritage Elementary,N,             163,<,             169
2025-2026,115,Lynchburg City,1102,Heritage Elementary,Y,             240,,             240
2025-2026,115,Lynchburg City,130,Heritage High,N,             397,,             397
2025-2026,115,Lynchburg City,130,Heritage High,Y,             718,,             718
2025-2026,115,Lynchburg City,360,Linkhorne Elementary,N,             120,<,             121
2025-2026,115,Lynchburg City,360,Linkhorne Elementary,Y,             285,<,             286
2025-2026,115,Lynchburg City,350,Linkhorne Middle,N,             219,,             219
2025-2026,115,Lynchburg City,350,Linkhorne Middle,Y,             329,,             329
2025-2026,115,Lynchburg City,170,Paul Laurence Dunbar Middle for Innovation ,N,             203,,             203
2025-2026,115,Lynchburg City,170,Paul Laurence Dunbar Middle for Innovation ,Y,             303,,             303
2025-2026,115,Lynchburg City,330,Paul Munro Elementary,N,             190,<,             191
2025-2026,115,Lynchburg City,330,Paul Munro Elementary,Y,             122,<,             123
2025-2026,115,Lynchburg City,270,Perrymont Elementary,N,             121,<,             124
2025-2026,115,Lynchburg City,270,Perrymont Elementary,Y,             229,<,             230
2025-2026,115,Lynchburg City,190,Robert S. Payne Elementary,N,             113,<,             117
2025-2026,115,Lynchburg City,190,Robert S. Payne Elementary,Y,             322,<,             325
2025-2026,115,Lynchburg City,370,Sandusky Elementary,N,             161,<,             162
2025-2026,115,Lynchburg City,370,Sandusky Elementary,Y,             199,<,             200
2025-2026,115,Lynchburg City,340,Sandusky Middle,N,             175,,             175
2025-2026,115,Lynchburg City,340,Sandusky Middle,Y,             418,,             418
2025-2026,115,Lynchburg City,300,Sheffield Elementary,N,             168,<,             171
2025-2026,115,Lynchburg City,300,Sheffield Elementary,Y,             300,,             300
2025-2026,115,Lynchburg City,250,William M. Bass Elementary,N,              90,<,              95
2025-2026,115,Lynchburg City,250,William M. Bass Elementary,Y,             211,,             211
2025-2026,56,Madison County,221,Madison County High,N,             373,,             373
2025-2026,56,Madison County,221,Madison County High,Y,             154,,             154
2025-2026,56,Madison County,230,Madison Primary,N,             217,,             217
2025-2026,56,Madison County,230,Madison Primary,Y,             153,,             153
2025-2026,56,Madison County,200,Waverly Yowell Elementary,N,             213,,             213
2025-2026,56,Madison County,200,Waverly Yowell Elementary,Y,             124,,             124
2025-2026,56,Madison County,222,William H. Wetsel Middle,N,             227,,             227
2025-2026,56,Madison County,222,William H. Wetsel Middle,Y,             111,,             111
2025-2026,143,Manassas City,470,Baldwin Elementary,N,             313,              21,             334
2025-2026,143,Manassas City,470,Baldwin Elementary,Y,             286,              28,             314
2025-2026,143,Manassas City,471,Baldwin Intermediate,N,             129,,             129
2025-2026,143,Manassas City,471,Baldwin Intermediate,Y,             122,,             122
2025-2026,143,Manassas City,60,George Carr Round Elementary,N,             255,              41,             296
2025-2026,143,Manassas City,60,George Carr Round Elementary,Y,             213,              23,             236
2025-2026,143,Manassas City,70,Grace E. Metz Middle ,N,             630,,             630
2025-2026,143,Manassas City,70,Grace E. Metz Middle ,Y,             469,,             469
2025-2026,143,Manassas City,310,Jennie Dean Elementary,N,             252,              43,             295
2025-2026,143,Manassas City,310,Jennie Dean Elementary,Y,             248,              30,             278
2025-2026,143,Manassas City,80,Mayfield Intermediate,N,             495,,             495
2025-2026,143,Manassas City,80,Mayfield Intermediate,Y,             334,,             334
2025-2026,143,Manassas City,370,Osbourn High,N,"           1,415",,"           1,415"
2025-2026,143,Manassas City,370,Osbourn High,Y,             878,,             878
2025-2026,143,Manassas City,20,Richard C. Haydon Elementary,N,             313,              29,             342
2025-2026,143,Manassas City,20,Richard C. Haydon Elementary,Y,             240,              21,             261
2025-2026,143,Manassas City,90,Virginia Virtual Academy at Manassas,N,             734,,             734
2025-2026,143,Manassas City,90,Virginia Virtual Academy at Manassas,Y,             105,,             105
2025-2026,143,Manassas City,10,Weems Elementary,N,             289,              33,             322
2025-2026,143,Manassas City,10,Weems Elementary,Y,             253,              21,             274
2025-2026,144,Manassas Park City,522,Cougar Elementary,N,             371,,             371
2025-2026,144,Manassas Park City,522,Cougar Elementary,Y,             436,,             436
2025-2026,144,Manassas Park City,420,Manassas Park Elementary,N,             310,,             310
2025-2026,144,Manassas Park City,420,Manassas Park Elementary,Y,             362,,             362
2025-2026,144,Manassas Park City,30,Manassas Park High,N,             522,<,             523
2025-2026,144,Manassas Park City,30,Manassas Park High,Y,             504,,             504
2025-2026,144,Manassas Park City,31,Manassas Park Middle,N,             330,,             330
2025-2026,144,Manassas Park City,31,Manassas Park Middle,Y,             390,,             390
2025-2026,116,Martinsville City,222,Albert Harris Elementary,N,              99,,              99
2025-2026,116,Martinsville City,222,Albert Harris Elementary,Y,             286,,             286
2025-2026,116,Martinsville City,224,Clearview Early Learning Center,N,              55,,              55
2025-2026,116,Martinsville City,224,Clearview Early Learning Center,Y,              64,,              64
2025-2026,116,Martinsville City,110,Martinsville High,N,             199,,             199
2025-2026,116,Martinsville City,110,Martinsville High,Y,             319,,             319
2025-2026,116,Martinsville City,10,Martinsville Middle,N,              96,,              96
2025-2026,116,Martinsville City,10,Martinsville Middle,Y,             254,,             254
2025-2026,116,Martinsville City,223,Patrick Henry Elementary,N,             125,,             125
2025-2026,116,Martinsville City,223,Patrick Henry Elementary,Y,             240,,             240
2025-2026,57,Mathews County,291,Mathews Elementary,N,             221,,             221
2025-2026,57,Mathews County,291,Mathews Elementary,Y,             128,,             128
2025-2026,57,Mathews County,190,Mathews High,N,             196,,             196
2025-2026,57,Mathews County,190,Mathews High,Y,             120,,             120
2025-2026,57,Mathews County,100,Thomas Hunter Middle ,N,              61,,              61
2025-2026,57,Mathews County,100,Thomas Hunter Middle ,Y,              55,,              55
2025-2026,58,Mecklenburg County,910,Chase City Elementary,N,              99,,              99
2025-2026,58,Mecklenburg County,910,Chase City Elementary,Y,             300,,             300
2025-2026,58,Mecklenburg County,1000,Clarksville Elementary,N,             202,,             202
2025-2026,58,Mecklenburg County,1000,Clarksville Elementary,Y,             234,,             234
2025-2026,58,Mecklenburg County,1020,LaCrosse Elementary ,N,             162,,             162
2025-2026,58,Mecklenburg County,1020,LaCrosse Elementary ,Y,             179,,             179
2025-2026,58,Mecklenburg County,1041,Mecklenburg County High,N,             492,,             492
2025-2026,58,Mecklenburg County,1041,Mecklenburg County High,Y,             591,,             591
2025-2026,58,Mecklenburg County,1040,Mecklenburg County Middle,N,             318,,             318
2025-2026,58,Mecklenburg County,1040,Mecklenburg County Middle,Y,             469,,             469
2025-2026,58,Mecklenburg County,190,South Hill Elementary,N,             314,,             314
2025-2026,58,Mecklenburg County,190,South Hill Elementary,Y,             432,,             432
2025-2026,59,Middlesex County,291,Middlesex Elementary,N,             224,,             224
2025-2026,59,Middlesex County,291,Middlesex Elementary,Y,             363,,             363
2025-2026,59,Middlesex County,90,Middlesex High,N,             136,,             136
2025-2026,59,Middlesex County,90,Middlesex High,Y,             225,,             225
2025-2026,59,Middlesex County,140,St. Clare Walker Middle,N,              92,,              92
2025-2026,59,Middlesex County,140,St. Clare Walker Middle,Y,             173,,             173
2025-2026,60,Montgomery County,902,Auburn Elementary,N,             276,,             276
2025-2026,60,Montgomery County,902,Auburn Elementary,Y,             254,,             254
2025-2026,60,Montgomery County,650,Auburn High,N,             239,,             239
2025-2026,60,Montgomery County,650,Auburn High,Y,             160,,             160
2025-2026,60,Montgomery County,903,Auburn Middle,N,             175,,             175
2025-2026,60,Montgomery County,903,Auburn Middle,Y,             130,,             130
2025-2026,60,Montgomery County,700,Belview Elementary,N,             110,,             110
2025-2026,60,Montgomery County,700,Belview Elementary,Y,             135,,             135
2025-2026,60,Montgomery County,760,Blacksburg High,N,"           1,005",,"           1,005"
2025-2026,60,Montgomery County,760,Blacksburg High,Y,             326,,             326
2025-2026,60,Montgomery County,710,Blacksburg Middle,N,             700,,             700
2025-2026,60,Montgomery County,710,Blacksburg Middle,Y,             228,,             228
2025-2026,60,Montgomery County,740,Christiansburg Elementary,N,             227,,             227
2025-2026,60,Montgomery County,740,Christiansburg Elementary,Y,             161,,             161
2025-2026,60,Montgomery County,770,Christiansburg High,N,             612,,             612
2025-2026,60,Montgomery County,770,Christiansburg High,Y,             403,,             403
2025-2026,60,Montgomery County,671,Christiansburg Middle,N,             476,,             476
2025-2026,60,Montgomery County,671,Christiansburg Middle,Y,             319,,             319
2025-2026,60,Montgomery County,780,Christiansburg Primary,N,             195,,             195
2025-2026,60,Montgomery County,780,Christiansburg Primary,Y,             182,,             182
2025-2026,60,Montgomery County,30,Eastern Montgomery Elementary,N,             129,,             129
2025-2026,60,Montgomery County,30,Eastern Montgomery Elementary,Y,             239,,             239
2025-2026,60,Montgomery County,904,Eastern Montgomery High,N,              96,,              96
2025-2026,60,Montgomery County,904,Eastern Montgomery High,Y,             158,,             158
2025-2026,60,Montgomery County,600,Falling Branch Elementary,N,             275,,             275
2025-2026,60,Montgomery County,600,Falling Branch Elementary,Y,             253,,             253
2025-2026,60,Montgomery County,750,Gilbert Linkous Elementary,N,             218,,             218
2025-2026,60,Montgomery County,750,Gilbert Linkous Elementary,Y,              53,,              53
2025-2026,60,Montgomery County,10,Harding Avenue Elementary,N,             217,,             217
2025-2026,60,Montgomery County,10,Harding Avenue Elementary,Y,              70,,              70
2025-2026,60,Montgomery County,901,Kipps Elementary,N,             269,,             269
2025-2026,60,Montgomery County,901,Kipps Elementary,Y,              75,,              75
2025-2026,60,Montgomery County,730,Margaret Beeks Elementary,N,             189,,             189
2025-2026,60,Montgomery County,730,Margaret Beeks Elementary,Y,             132,,             132
2025-2026,60,Montgomery County,210,Prices Fork Elementary,N,             236,,             236
2025-2026,60,Montgomery County,210,Prices Fork Elementary,Y,             198,,             198
2025-2026,60,Montgomery County,290,Shawsville Middle,N,              59,,              59
2025-2026,60,Montgomery County,290,Shawsville Middle,Y,             112,,             112
2025-2026,62,Nelson County,710,Nelson County High,N,             239,<,             240
2025-2026,62,Nelson County,710,Nelson County High,Y,             238,,             238
2025-2026,62,Nelson County,730,Nelson Middle,N,             152,,             152
2025-2026,62,Nelson County,730,Nelson Middle,Y,             170,,             170
2025-2026,62,Nelson County,10,Rockfish River Elementary,N,             135,,             135
2025-2026,62,Nelson County,10,Rockfish River Elementary,Y,             170,,             170
2025-2026,62,Nelson County,20,Tye River Elementary,N,             138,,             138
2025-2026,62,Nelson County,20,Tye River Elementary,Y,             198,,             198
2025-2026,63,New Kent County,180,George W. Watkins Elementary,N,             402,,             402
2025-2026,63,New Kent County,180,George W. Watkins Elementary,Y,             135,,             135
2025-2026,63,New Kent County,10,New Kent Elementary ,N,             430,,             430
2025-2026,63,New Kent County,10,New Kent Elementary ,Y,             194,,             194
2025-2026,63,New Kent County,20,New Kent High ,N,             817,<,             818
2025-2026,63,New Kent County,20,New Kent High ,Y,             270,<,             271
2025-2026,63,New Kent County,100,New Kent Middle ,N,             612,<,             613
2025-2026,63,New Kent County,100,New Kent Middle ,Y,             239,,             239
2025-2026,63,New Kent County,300,Quinton Elementary,N,             390,,             390
2025-2026,63,New Kent County,300,Quinton Elementary,Y,             191,,             191
2025-2026,117,Newport News City,1404,Achievable Dream Academy,N,              94,,              94
2025-2026,117,Newport News City,1404,Achievable Dream Academy,Y,             590,,             590
2025-2026,117,Newport News City,1405,Achievable Dream Middle/High ,N,             151,,             151
2025-2026,117,Newport News City,1405,Achievable Dream Middle/High ,Y,             320,,             320
2025-2026,117,Newport News City,1250,B.C. Charles Elementary ,N,             165,,             165
2025-2026,117,Newport News City,1250,B.C. Charles Elementary ,Y,             200,,             200
2025-2026,117,Newport News City,110,B.T. Washington Middle ,N,             235,,             235
2025-2026,117,Newport News City,110,B.T. Washington Middle ,Y,             197,,             197
2025-2026,117,Newport News City,1170,Carver Elementary,N,             153,,             153
2025-2026,117,Newport News City,1170,Carver Elementary,Y,             514,,             514
2025-2026,117,Newport News City,1393,Crittenden Middle,N,             178,,             178
2025-2026,117,Newport News City,1393,Crittenden Middle,Y,             608,,             608
2025-2026,117,Newport News City,50,David A. Dutrow Elementary,N,             133,,             133
2025-2026,117,Newport News City,50,David A. Dutrow Elementary,Y,             194,,             194
2025-2026,117,Newport News City,1398,Deer Park Elementary,N,             226,<,             228
2025-2026,117,Newport News City,1398,Deer Park Elementary,Y,             204,<,             205
2025-2026,117,Newport News City,1402,Denbigh Early Childhood Center,N,             181,,             181
2025-2026,117,Newport News City,1402,Denbigh Early Childhood Center,Y,             220,,             220
2025-2026,117,Newport News City,280,Denbigh High,N,             429,,             429
2025-2026,117,Newport News City,280,Denbigh High,Y,             812,,             812
2025-2026,117,Newport News City,130,Discovery STEM Academy,N,              75,,              75
2025-2026,117,Newport News City,130,Discovery STEM Academy,Y,             422,,             422
2025-2026,117,Newport News City,20,Ella J. Fitzgerald Middle ,N,             317,,             317
2025-2026,117,Newport News City,20,Ella J. Fitzgerald Middle ,Y,             634,,             634
2025-2026,117,Newport News City,1260,Ethel M. Gildersleeve Middle,N,             484,,             484
2025-2026,117,Newport News City,1260,Ethel M. Gildersleeve Middle,Y,             575,,             575
2025-2026,117,Newport News City,1407,General Stanford Elementary,N,             376,,             376
2025-2026,117,Newport News City,1407,General Stanford Elementary,Y,              45,,              45
2025-2026,117,Newport News City,70,George J. McIntosh Elementary ,N,              89,,              89
2025-2026,117,Newport News City,70,George J. McIntosh Elementary ,Y,             351,,             351
2025-2026,117,Newport News City,1395,Heritage High,N,             257,,             257
2025-2026,117,Newport News City,1395,Heritage High,Y,             836,,             836
2025-2026,117,Newport News City,1210,Hidenwood Elementary,N,             142,,             142
2025-2026,117,Newport News City,1210,Hidenwood Elementary,Y,             351,,             351
2025-2026,117,Newport News City,1080,Hilton Elementary,N,             249,,             249
2025-2026,117,Newport News City,1080,Hilton Elementary,Y,             128,,             128
2025-2026,117,Newport News City,1270,Homer L. Hines Middle,N,             242,,             242
2025-2026,117,Newport News City,1270,Homer L. Hines Middle,Y,             602,,             602
2025-2026,117,Newport News City,91,Huntington Middle,N,              27,,              27
2025-2026,117,Newport News City,91,Huntington Middle,Y,             290,,             290
2025-2026,117,Newport News City,1411,John Marshall Early Childhood Center,N,              39,,              39
2025-2026,117,Newport News City,1411,John Marshall Early Childhood Center,Y,             112,,             112
2025-2026,117,Newport News City,300,Joseph H. Saunders Elementary,N,             208,,             208
2025-2026,117,Newport News City,300,Joseph H. Saunders Elementary,Y,             464,,             464
2025-2026,117,Newport News City,1180,Katherine Johnson Elementary,N,             190,,             190
2025-2026,117,Newport News City,1180,Katherine Johnson Elementary,Y,             392,,             392
2025-2026,117,Newport News City,1290,Kiln Creek Elementary,N,             226,,             226
2025-2026,117,Newport News City,1290,Kiln Creek Elementary,Y,             323,,             323
2025-2026,117,Newport News City,310,Knollwood Meadows Elementary ,N,             205,,             205
2025-2026,117,Newport News City,310,Knollwood Meadows Elementary ,Y,             232,,             232
2025-2026,117,Newport News City,200,L.F. Palmer Elementary ,N,             100,,             100
2025-2026,117,Newport News City,200,L.F. Palmer Elementary ,Y,             351,,             351
2025-2026,117,Newport News City,1400,Mary Passage Middle,N,             389,,             389
2025-2026,117,Newport News City,1400,Mary Passage Middle,Y,             563,,             563
2025-2026,117,Newport News City,1220,Menchville High,N,             802,,             802
2025-2026,117,Newport News City,1220,Menchville High,Y,             764,,             764
2025-2026,117,Newport News City,1120,Newsome Park Elementary,N,              63,,              63
2025-2026,117,Newport News City,1120,Newsome Park Elementary,Y,             380,,             380
2025-2026,117,Newport News City,150,Oliver C. Greenwood Elementary,N,             143,,             143
2025-2026,117,Newport News City,150,Oliver C. Greenwood Elementary,Y,             334,,             334
2025-2026,117,Newport News City,270,Richard T. Yates Elementary,N,             194,,             194
2025-2026,117,Newport News City,270,Richard T. Yates Elementary,Y,             216,,             216
2025-2026,117,Newport News City,1230,Richneck Elementary,N,             244,,             244
2025-2026,117,Newport News City,1230,Richneck Elementary,Y,             261,,             261
2025-2026,117,Newport News City,1150,Riverside Elementary,N,             166,,             166
2025-2026,117,Newport News City,1150,Riverside Elementary,Y,             265,,             265
2025-2026,117,Newport News City,250,Sedgefield Elementary,N,             109,,             109
2025-2026,117,Newport News City,250,Sedgefield Elementary,Y,             343,,             343
2025-2026,117,Newport News City,1240,Stoney Run Elementary ,N,             130,,             130
2025-2026,117,Newport News City,1240,Stoney Run Elementary ,Y,             332,,             332
2025-2026,117,Newport News City,290,T. Ryland Sanford Elementary,N,             166,,             166
2025-2026,117,Newport News City,290,T. Ryland Sanford Elementary,Y,             336,,             336
2025-2026,117,Newport News City,1070,Warwick High,N,             543,,             543
2025-2026,117,Newport News City,1070,Warwick High,Y,             988,,             988
2025-2026,117,Newport News City,1410,Watkins Early Childhood Center,N,             116,,             116
2025-2026,117,Newport News City,1410,Watkins Early Childhood Center,Y,             202,,             202
2025-2026,117,Newport News City,320,Willis A. Jenkins Elementary,N,             120,,             120
2025-2026,117,Newport News City,320,Willis A. Jenkins Elementary,Y,             348,,             348
2025-2026,117,Newport News City,1396,Woodside High,N,             892,,             892
2025-2026,117,Newport News City,1396,Woodside High,Y,             817,,             817
2025-2026,118,Norfolk City,185,Academy for Discovery at Lakewood,N,             530,,             530
2025-2026,118,Norfolk City,185,Academy for Discovery at Lakewood,Y,             187,,             187
2025-2026,118,Norfolk City,760,Azalea Gardens Middle,N,             354,,             354
2025-2026,118,Norfolk City,760,Azalea Gardens Middle,Y,             412,,             412
2025-2026,118,Norfolk City,250,Bay View Elementary,N,             243,,             243
2025-2026,118,Norfolk City,250,Bay View Elementary,Y,             267,,             267
2025-2026,118,Norfolk City,510,Berkley/Campostella Early Childhood Education Center,N,              56,,              56
2025-2026,118,Norfolk City,510,Berkley/Campostella Early Childhood Education Center,Y,              90,,              90
2025-2026,118,Norfolk City,20,Blair Middle,N,             500,,             500
2025-2026,118,Norfolk City,20,Blair Middle,Y,             634,,             634
2025-2026,118,Norfolk City,880,Booker T Washington High,N,             289,,             289
2025-2026,118,Norfolk City,880,Booker T Washington High,Y,             574,,             574
2025-2026,118,Norfolk City,40,Camp Allen Elementary,N,             261,,             261
2025-2026,118,Norfolk City,40,Camp Allen Elementary,Y,             147,,             147
2025-2026,118,Norfolk City,220,Chesterfield Elementary,N,              50,,              50
2025-2026,118,Norfolk City,220,Chesterfield Elementary,Y,             266,,             266
2025-2026,118,Norfolk City,550,Coleman Place Elementary,N,             220,,             220
2025-2026,118,Norfolk City,550,Coleman Place Elementary,Y,             343,,             343
2025-2026,118,Norfolk City,560,Crossroads PreK-8 School,N,             328,,             328
2025-2026,118,Norfolk City,560,Crossroads PreK-8 School,Y,             484,,             484
2025-2026,118,Norfolk City,740,Easton Preschool at Fairlawn,N,              61,,              61
2025-2026,118,Norfolk City,740,Easton Preschool at Fairlawn,Y,              55,,              55
2025-2026,118,Norfolk City,90,Ghent K-8,N,             359,,             359
2025-2026,118,Norfolk City,90,Ghent K-8,Y,             130,,             130
2025-2026,118,Norfolk City,420,Granby Elementary,N,             168,,             168
2025-2026,118,Norfolk City,420,Granby Elementary,Y,             275,,             275
2025-2026,118,Norfolk City,390,Granby High,N,             963,,             963
2025-2026,118,Norfolk City,390,Granby High,Y,"           1,053",,"           1,053"
2025-2026,118,Norfolk City,610,Ingleside Elementary,N,             137,,             137
2025-2026,118,Norfolk City,610,Ingleside Elementary,Y,             436,,             436
2025-2026,118,Norfolk City,430,Jacox Elementary,N,              86,,              86
2025-2026,118,Norfolk City,430,Jacox Elementary,Y,             456,,             456
2025-2026,118,Norfolk City,131,James Monroe Elementary,N,              74,,              74
2025-2026,118,Norfolk City,131,James Monroe Elementary,Y,             202,,             202
2025-2026,118,Norfolk City,790,Lake Taylor,N,             238,,             238
2025-2026,118,Norfolk City,790,Lake Taylor,Y,             425,,             425
2025-2026,118,Norfolk City,840,Lake Taylor High ,N,             387,,             387
2025-2026,118,Norfolk City,840,Lake Taylor High ,Y,             719,,             719
2025-2026,118,Norfolk City,210,Larchmont Elementary,N,             300,,             300
2025-2026,118,Norfolk City,210,Larchmont Elementary,Y,             146,,             146
2025-2026,118,Norfolk City,670,Larrymore Elementary,N,             254,,             254
2025-2026,118,Norfolk City,670,Larrymore Elementary,Y,             316,,             316
2025-2026,118,Norfolk City,520,Lindenwood Elementary,N,              70,,              70
2025-2026,118,Norfolk City,520,Lindenwood Elementary,Y,             167,,             167
2025-2026,118,Norfolk City,682,Little Creek Elementary,N,             232,,             232
2025-2026,118,Norfolk City,682,Little Creek Elementary,Y,             329,,             329
2025-2026,118,Norfolk City,460,Mary Calcott Elementary,N,             214,,             214
2025-2026,118,Norfolk City,460,Mary Calcott Elementary,Y,             186,,             186
2025-2026,118,Norfolk City,10,Matthew Fontaine Maury High,N,             897,,             897
2025-2026,118,Norfolk City,10,Matthew Fontaine Maury High,Y,             785,,             785
2025-2026,118,Norfolk City,490,Northside Middle,N,             299,,             299
2025-2026,118,Norfolk City,490,Northside Middle,Y,             421,,             421
2025-2026,118,Norfolk City,620,Norview Elementary,N,             124,,             124
2025-2026,118,Norfolk City,620,Norview Elementary,Y,             239,,             239
2025-2026,118,Norfolk City,580,Norview High,N,             679,,             679
2025-2026,118,Norfolk City,580,Norview High,Y,             811,,             811
2025-2026,118,Norfolk City,570,Norview Middle,N,             383,,             383
2025-2026,118,Norfolk City,570,Norview Middle,Y,             723,,             723
2025-2026,118,Norfolk City,190,Ocean View Elementary,N,             269,,             269
2025-2026,118,Norfolk City,190,Ocean View Elementary,Y,             205,,             205
2025-2026,118,Norfolk City,630,Oceanair Elementary,N,             131,,             131
2025-2026,118,Norfolk City,630,Oceanair Elementary,Y,             275,,             275
2025-2026,118,Norfolk City,530,P.B. Young Sr. Elementary ,N,              34,,              34
2025-2026,118,Norfolk City,530,P.B. Young Sr. Elementary ,Y,             195,,             195
2025-2026,118,Norfolk City,480,Richard Bowling Elementary,N,             104,,             104
2025-2026,118,Norfolk City,480,Richard Bowling Elementary,Y,             361,,             361
2025-2026,118,Norfolk City,30,Ruffner School,N,              90,,              90
2025-2026,118,Norfolk City,30,Ruffner School,Y,             510,,             510
2025-2026,118,Norfolk City,850,Sewells Point Elementary,N,             364,,             364
2025-2026,118,Norfolk City,850,Sewells Point Elementary,Y,             104,,             104
2025-2026,118,Norfolk City,650,Sherwood Forest Elementary,N,             198,,             198
2025-2026,118,Norfolk City,650,Sherwood Forest Elementary,Y,             268,,             268
2025-2026,118,Norfolk City,770,Southside STEM Academy at Campostella ,N,             125,,             125
2025-2026,118,Norfolk City,770,Southside STEM Academy at Campostella ,Y,             617,,             617
2025-2026,118,Norfolk City,820,St. Helena Elementary,N,              65,,              65
2025-2026,118,Norfolk City,820,St. Helena Elementary,Y,             176,,             176
2025-2026,118,Norfolk City,500,Suburban Park Elementary,N,             110,,             110
2025-2026,118,Norfolk City,500,Suburban Park Elementary,Y,             266,,             266
2025-2026,118,Norfolk City,100,Tanners Creek Elementary,N,             177,,             177
2025-2026,118,Norfolk City,100,Tanners Creek Elementary,Y,             346,,             346
2025-2026,118,Norfolk City,800,Tarrallton Elementary,N,             212,,             212
2025-2026,118,Norfolk City,800,Tarrallton Elementary,Y,              50,,              50
2025-2026,118,Norfolk City,150,Walter Herron Taylor Elementary,N,             254,,             254
2025-2026,118,Norfolk City,150,Walter Herron Taylor Elementary,Y,             157,,             157
2025-2026,118,Norfolk City,471,Willard Elementary,N,             199,,             199
2025-2026,118,Norfolk City,471,Willard Elementary,Y,             261,,             261
2025-2026,118,Norfolk City,860,Willoughby Early Childhood Center,N,             109,,             109
2025-2026,118,Norfolk City,860,Willoughby Early Childhood Center,Y,              62,,              62
2025-2026,65,Northampton County,452,Kiptopeke Elementary,N,              84,,              84
2025-2026,65,Northampton County,452,Kiptopeke Elementary,Y,             196,,             196
2025-2026,65,Northampton County,350,Northampton High,N,             191,,             191
2025-2026,65,Northampton County,350,Northampton High,Y,             240,,             240
2025-2026,65,Northampton County,360,Northampton Middle,N,              83,,              83
2025-2026,65,Northampton County,360,Northampton Middle,Y,              91,,              91
2025-2026,65,Northampton County,451,Occohannock Elementary,N,             143,,             143
2025-2026,65,Northampton County,451,Occohannock Elementary,Y,             256,,             256
2025-2026,66,Northumberland County,331,Northumberland Elementary,N,             258,,             258
2025-2026,66,Northumberland County,331,Northumberland Elementary,Y,             269,,             269
2025-2026,66,Northumberland County,40,Northumberland High,N,             178,,             178
2025-2026,66,Northumberland County,40,Northumberland High,Y,             199,,             199
2025-2026,66,Northumberland County,210,Northumberland Middle,N,             123,,             123
2025-2026,66,Northumberland County,210,Northumberland Middle,Y,             136,,             136
2025-2026,119,Norton City,20,J.I. Burton High ,N,             123,,             123
2025-2026,119,Norton City,20,J.I. Burton High ,Y,             188,,             188
2025-2026,119,Norton City,40,Norton Elementary,N,             315,,             315
2025-2026,119,Norton City,40,Norton Elementary,Y,             227,,             227
2025-2026,67,Nottoway County,340,Blackstone Primary,N,             172,,             172
2025-2026,67,Nottoway County,340,Blackstone Primary,Y,             196,,             196
2025-2026,67,Nottoway County,330,Crewe Primary,N,             148,,             148
2025-2026,67,Nottoway County,330,Crewe Primary,Y,             228,,             228
2025-2026,67,Nottoway County,301,Nottoway High,N,             253,,             253
2025-2026,67,Nottoway County,301,Nottoway High,Y,             245,,             245
2025-2026,67,Nottoway County,300,Nottoway Intermediate,N,             124,,             124
2025-2026,67,Nottoway County,300,Nottoway Intermediate,Y,             127,,             127
2025-2026,67,Nottoway County,302,Nottoway Middle,N,             116,,             116
2025-2026,67,Nottoway County,302,Nottoway Middle,Y,             160,,             160
2025-2026,68,Orange County,360,Gordon-Barbour Elementary,N,             169,,             169
2025-2026,68,Orange County,360,Gordon-Barbour Elementary,Y,             148,,             148
2025-2026,68,Orange County,70,Lightfoot Elementary,N,             138,,             138
2025-2026,68,Orange County,70,Lightfoot Elementary,Y,              81,,              81
2025-2026,68,Orange County,50,Locust Grove Elementary,N,             351,,             351
2025-2026,68,Orange County,50,Locust Grove Elementary,Y,             216,,             216
2025-2026,68,Orange County,471,Locust Grove Middle,N,             439,,             439
2025-2026,68,Orange County,471,Locust Grove Middle,Y,             225,,             225
2025-2026,68,Orange County,51,Locust Grove Primary,N,             307,,             307
2025-2026,68,Orange County,51,Locust Grove Primary,Y,             127,,             127
2025-2026,68,Orange County,330,Orange County High ,N,             947,,             947
2025-2026,68,Orange County,330,Orange County High ,Y,             519,,             519
2025-2026,68,Orange County,370,Orange Elementary,N,             280,,             280
2025-2026,68,Orange County,370,Orange Elementary,Y,             327,,             327
2025-2026,68,Orange County,340,Prospect Heights Middle,N,             252,,             252
2025-2026,68,Orange County,340,Prospect Heights Middle,Y,             211,,             211
2025-2026,68,Orange County,350,Unionville Elementary,N,             152,,             152
2025-2026,68,Orange County,350,Unionville Elementary,Y,              92,,              92
2025-2026,69,Page County,350,Luray Elementary,N,             243,,             243
2025-2026,69,Page County,350,Luray Elementary,Y,             257,,             257
2025-2026,69,Page County,110,Luray High,N,             237,<,             238
2025-2026,69,Page County,110,Luray High,Y,             199,,             199
2025-2026,69,Page County,400,Luray Middle,N,             168,,             168
2025-2026,69,Page County,400,Luray Middle,Y,             168,,             168
2025-2026,69,Page County,380,Page County High,N,             265,,             265
2025-2026,69,Page County,380,Page County High,Y,             200,<,             201
2025-2026,69,Page County,390,Page County Middle,N,             162,,             162
2025-2026,69,Page County,390,Page County Middle,Y,             166,,             166
2025-2026,69,Page County,310,Shenandoah Elementary,N,             170,,             170
2025-2026,69,Page County,310,Shenandoah Elementary,Y,             179,,             179
2025-2026,69,Page County,50,Springfield Elementary,N,             113,,             113
2025-2026,69,Page County,50,Springfield Elementary,Y,              92,,              92
2025-2026,69,Page County,210,Stanley Elementary,N,             148,,             148
2025-2026,69,Page County,210,Stanley Elementary,Y,             185,,             185
2025-2026,70,Patrick County,440,Blue Ridge Elementary,N,              70,,              70
2025-2026,70,Patrick County,440,Blue Ridge Elementary,Y,             130,,             130
2025-2026,70,Patrick County,350,Hardin Reynolds Memorial School,N,              83,,              83
2025-2026,70,Patrick County,350,Hardin Reynolds Memorial School,Y,             121,,             121
2025-2026,70,Patrick County,150,Meadows of Dan Elementary ,N,              36,,              36
2025-2026,70,Patrick County,150,Meadows of Dan Elementary ,Y,              43,,              43
2025-2026,70,Patrick County,700,Patrick County High,N,             415,,             415
2025-2026,70,Patrick County,700,Patrick County High,Y,             366,,             366
2025-2026,70,Patrick County,680,Patrick Springs Primary,N,              93,,              93
2025-2026,70,Patrick County,680,Patrick Springs Primary,Y,             129,,             129
2025-2026,70,Patrick County,320,Stuart Elementary,N,             193,,             193
2025-2026,70,Patrick County,320,Stuart Elementary,Y,             164,,             164
2025-2026,70,Patrick County,80,Woolwine Elementary,N,              95,,              95
2025-2026,70,Patrick County,80,Woolwine Elementary,Y,              71,,              71
2025-2026,120,Petersburg City,110,Cool Spring Elementary,N,             236,,             236
2025-2026,120,Petersburg City,110,Cool Spring Elementary,Y,             310,,             310
2025-2026,120,Petersburg City,170,Lakemont Elementary,N,             149,,             149
2025-2026,120,Petersburg City,170,Lakemont Elementary,Y,             223,,             223
2025-2026,120,Petersburg City,200,Petersburg High,N,             311,,             311
2025-2026,120,Petersburg City,200,Petersburg High,Y,             908,,             908
2025-2026,120,Petersburg City,180,Pleasants Lane Elementary,N,             248,,             248
2025-2026,120,Petersburg City,180,Pleasants Lane Elementary,Y,             267,,             267
2025-2026,120,Petersburg City,121,Vernon Johns Middle,N,             259,,             259
2025-2026,120,Petersburg City,121,Vernon Johns Middle,Y,             654,,             654
2025-2026,120,Petersburg City,130,Walnut Hill Elementary,N,             235,,             235
2025-2026,120,Petersburg City,130,Walnut Hill Elementary,Y,             307,,             307
2025-2026,120,Petersburg City,160,Westview Early Childhood Education Center,N,             433,<,             434
2025-2026,120,Petersburg City,160,Westview Early Childhood Education Center,Y,<,,<
2025-2026,71,Pittsylvania County,1853,Brosville Elementary ,N,             188,,             188
2025-2026,71,Pittsylvania County,1853,Brosville Elementary ,Y,              45,,              45
2025-2026,71,Pittsylvania County,640,Chatham Elementary,N,             190,,             190
2025-2026,71,Pittsylvania County,640,Chatham Elementary,Y,              36,,              36
2025-2026,71,Pittsylvania County,1720,Chatham High,N,             350,,             350
2025-2026,71,Pittsylvania County,1720,Chatham High,Y,             250,,             250
2025-2026,71,Pittsylvania County,1660,Chatham Middle,N,             215,,             215
2025-2026,71,Pittsylvania County,1660,Chatham Middle,Y,             165,,             165
2025-2026,71,Pittsylvania County,1680,Dan River High,N,             314,<,             315
2025-2026,71,Pittsylvania County,1680,Dan River High,Y,             260,,             260
2025-2026,71,Pittsylvania County,1090,Dan River Middle,N,             208,,             208
2025-2026,71,Pittsylvania County,1090,Dan River Middle,Y,             211,,             211
2025-2026,71,Pittsylvania County,280,Gretna Elementary,N,             395,,             395
2025-2026,71,Pittsylvania County,280,Gretna Elementary,Y,              98,,              98
2025-2026,71,Pittsylvania County,1700,Gretna High,N,             259,,             259
2025-2026,71,Pittsylvania County,1700,Gretna High,Y,             249,,             249
2025-2026,71,Pittsylvania County,290,Gretna Middle,N,             177,,             177
2025-2026,71,Pittsylvania County,290,Gretna Middle,Y,             154,,             154
2025-2026,71,Pittsylvania County,30,John L. Hurt Elementary,N,             182,,             182
2025-2026,71,Pittsylvania County,30,John L. Hurt Elementary,Y,              59,,              59
2025-2026,71,Pittsylvania County,1690,Kentuck Elementary,N,             354,,             354
2025-2026,71,Pittsylvania County,1690,Kentuck Elementary,Y,              96,,              96
2025-2026,71,Pittsylvania County,1750,Mount Airy Elementary,N,             125,,             125
2025-2026,71,Pittsylvania County,1750,Mount Airy Elementary,Y,              26,,              26
2025-2026,71,Pittsylvania County,1460,Southside Elementary,N,             371,,             371
2025-2026,71,Pittsylvania County,1460,Southside Elementary,Y,              71,,              71
2025-2026,71,Pittsylvania County,1710,Stony Mill Elementary,N,             371,,             371
2025-2026,71,Pittsylvania County,1710,Stony Mill Elementary,Y,              86,,              86
2025-2026,71,Pittsylvania County,1730,Tunstall High,N,             454,,             454
2025-2026,71,Pittsylvania County,1730,Tunstall High,Y,             288,,             288
2025-2026,71,Pittsylvania County,1130,Tunstall Middle,N,             371,,             371
2025-2026,71,Pittsylvania County,1130,Tunstall Middle,Y,             218,,             218
2025-2026,71,Pittsylvania County,1851,Twin Springs Elementary,N,             510,,             510
2025-2026,71,Pittsylvania County,1851,Twin Springs Elementary,Y,              97,,              97
2025-2026,71,Pittsylvania County,1740,Union Hall Elementary,N,             166,,             166
2025-2026,71,Pittsylvania County,1740,Union Hall Elementary,Y,              30,,              30
2025-2026,142,Poquoson City,150,Poquoson Elementary,N,             367,,             367
2025-2026,142,Poquoson City,150,Poquoson Elementary,Y,             153,,             153
2025-2026,142,Poquoson City,10,Poquoson High,N,             506,,             506
2025-2026,142,Poquoson City,10,Poquoson High,Y,             138,,             138
2025-2026,142,Poquoson City,130,Poquoson Middle,N,             388,<,             389
2025-2026,142,Poquoson City,130,Poquoson Middle,Y,              91,,              91
2025-2026,142,Poquoson City,160,Poquoson Primary,N,             319,              25,             344
2025-2026,142,Poquoson City,160,Poquoson Primary,Y,             108,              13,             121
2025-2026,121,Portsmouth City,1766,Brighton Elementary ,N,              82,,              82
2025-2026,121,Portsmouth City,1766,Brighton Elementary ,Y,             375,,             375
2025-2026,121,Portsmouth City,321,Churchland Academy Elementary,N,             173,,             173
2025-2026,121,Portsmouth City,321,Churchland Academy Elementary,Y,             373,,             373
2025-2026,121,Portsmouth City,650,Churchland Elementary,N,             370,,             370
2025-2026,121,Portsmouth City,650,Churchland Elementary,Y,             323,,             323
2025-2026,121,Portsmouth City,500,Churchland High,N,             696,,             696
2025-2026,121,Portsmouth City,500,Churchland High,Y,             696,,             696
2025-2026,121,Portsmouth City,320,Churchland Middle,N,             312,,             312
2025-2026,121,Portsmouth City,320,Churchland Middle,Y,             496,,             496
2025-2026,121,Portsmouth City,322,Churchland Preschool Center,N,              34,,              34
2025-2026,121,Portsmouth City,322,Churchland Preschool Center,Y,              71,,              71
2025-2026,121,Portsmouth City,160,Churchland Primary & Intermediate,N,             211,,             211
2025-2026,121,Portsmouth City,160,Churchland Primary & Intermediate,Y,             291,,             291
2025-2026,121,Portsmouth City,1400,Cradock Elementary,N,             159,,             159
2025-2026,121,Portsmouth City,1400,Cradock Elementary,Y,             436,,             436
2025-2026,121,Portsmouth City,1130,Cradock Middle,N,             133,,             133
2025-2026,121,Portsmouth City,1130,Cradock Middle,Y,             393,,             393
2025-2026,121,Portsmouth City,190,Douglass Park Elementary,N,              87,,              87
2025-2026,121,Portsmouth City,190,Douglass Park Elementary,Y,             390,,             390
2025-2026,121,Portsmouth City,1630,Hodges Manor Elementary,N,             125,,             125
2025-2026,121,Portsmouth City,1630,Hodges Manor Elementary,Y,             306,,             306
2025-2026,121,Portsmouth City,240,I.C. Norcom High,N,             292,,             292
2025-2026,121,Portsmouth City,240,I.C. Norcom High,Y,             716,,             716
2025-2026,121,Portsmouth City,1650,Lakeview Elementary,N,             124,,             124
2025-2026,121,Portsmouth City,1650,Lakeview Elementary,Y,             299,,             299
2025-2026,121,Portsmouth City,1660,Manor High,N,             448,,             448
2025-2026,121,Portsmouth City,1660,Manor High,Y,             737,,             737
2025-2026,121,Portsmouth City,1768,Mount Hermon Preschool Center,N,              80,,              80
2025-2026,121,Portsmouth City,1768,Mount Hermon Preschool Center,Y,             132,,             132
2025-2026,121,Portsmouth City,1770,Olive Branch Preschool Center,N,              45,,              45
2025-2026,121,Portsmouth City,1770,Olive Branch Preschool Center,Y,             115,,             115
2025-2026,121,Portsmouth City,60,Park View Elementary,N,             136,,             136
2025-2026,121,Portsmouth City,60,Park View Elementary,Y,             314,,             314
2025-2026,121,Portsmouth City,290,Simonsdale Elementary,N,             213,,             213
2025-2026,121,Portsmouth City,290,Simonsdale Elementary,Y,             351,,             351
2025-2026,121,Portsmouth City,1769,Victory Elementary,N,             287,,             287
2025-2026,121,Portsmouth City,1769,Victory Elementary,Y,             317,,             317
2025-2026,121,Portsmouth City,230,Waterview Elementary,N,             139,,             139
2025-2026,121,Portsmouth City,230,Waterview Elementary,Y,             436,,             436
2025-2026,121,Portsmouth City,210,Westhaven Elementary,N,             108,,             108
2025-2026,121,Portsmouth City,210,Westhaven Elementary,Y,             278,,             278
2025-2026,121,Portsmouth City,310,William E. Waters Middle,N,             194,,             194
2025-2026,121,Portsmouth City,310,William E. Waters Middle,Y,             332,,             332
2025-2026,72,Powhatan County,21,Flat Rock Elementary,N,             475,,             475
2025-2026,72,Powhatan County,21,Flat Rock Elementary,Y,             148,,             148
2025-2026,72,Powhatan County,231,Pocahontas Elementary,N,             467,,             467
2025-2026,72,Powhatan County,231,Pocahontas Elementary,Y,             192,,             192
2025-2026,72,Powhatan County,13,Powhatan Elementary,N,             341,,             341
2025-2026,72,Powhatan County,13,Powhatan Elementary,Y,             114,,             114
2025-2026,72,Powhatan County,11,Powhatan High,N,"           1,010",<,"           1,011"
2025-2026,72,Powhatan County,11,Powhatan High,Y,             264,<,             265
2025-2026,72,Powhatan County,130,Powhatan Middle,N,             725,,             725
2025-2026,72,Powhatan County,130,Powhatan Middle,Y,             201,,             201
2025-2026,73,Prince Edward County,400,Prince Edward County High,N,             166,,             166
2025-2026,73,Prince Edward County,400,Prince Edward County High,Y,             338,,             338
2025-2026,73,Prince Edward County,10,Prince Edward Elementary,N,             366,              13,             379
2025-2026,73,Prince Edward County,10,Prince Edward Elementary,Y,             444,,             444
2025-2026,73,Prince Edward County,20,Prince Edward Middle,N,             176,,             176
2025-2026,73,Prince Edward County,20,Prince Edward Middle,Y,             381,,             381
2025-2026,74,Prince George County,340,David A. Harrison Elementary,N,             221,,             221
2025-2026,74,Prince George County,340,David A. Harrison Elementary,Y,             403,,             403
2025-2026,74,Prince George County,320,J.E.J. Moore Middle ,N,             619,,             619
2025-2026,74,Prince George County,320,J.E.J. Moore Middle ,Y,             779,,             779
2025-2026,74,Prince George County,310,L.L. Beazley Elementary,N,             144,,             144
2025-2026,74,Prince George County,310,L.L. Beazley Elementary,Y,             367,,             367
2025-2026,74,Prince George County,280,Middle Road Elementary,N,             280,,             280
2025-2026,74,Prince George County,280,Middle Road Elementary,Y,             498,,             498
2025-2026,74,Prince George County,290,North Elementary,N,             272,,             272
2025-2026,74,Prince George County,290,North Elementary,Y,             417,,             417
2025-2026,74,Prince George County,20,Prince George High,N,             872,,             872
2025-2026,74,Prince George County,20,Prince George High,Y,             879,,             879
2025-2026,74,Prince George County,300,South Elementary,N,             212,,             212
2025-2026,74,Prince George County,300,South Elementary,Y,             213,,             213
2025-2026,75,Prince William County,330,A. Henderson Elementary,N,             584,<,             590
2025-2026,75,Prince William County,330,A. Henderson Elementary,Y,             229,<,             235
2025-2026,75,Prince William County,760,Antietam Elementary,N,             481,<,             484
2025-2026,75,Prince William County,760,Antietam Elementary,Y,             225,<,             228
2025-2026,75,Prince William County,200,Ashland Elementary,N,             594,<,             598
2025-2026,75,Prince William County,200,Ashland Elementary,Y,             149,<,             150
2025-2026,75,Prince William County,290,Battlefield High ,N,"           1,770",<,"           1,774"
2025-2026,75,Prince William County,290,Battlefield High ,Y,             222,,             222
2025-2026,75,Prince William County,670,Bel Air Elementary,N,             183,,             183
2025-2026,75,Prince William County,670,Bel Air Elementary,Y,             186,,             186
2025-2026,75,Prince William County,600,Belmont Elementary,N,             271,<,             280
2025-2026,75,Prince William County,600,Belmont Elementary,Y,             305,<,             306
2025-2026,75,Prince William County,840,Bennett Elementary,N,             480,              11,             491
2025-2026,75,Prince William County,840,Bennett Elementary,Y,             233,<,             235
2025-2026,75,Prince William County,530,Brentsville District High,N,             668,<,             669
2025-2026,75,Prince William County,530,Brentsville District High,Y,             179,,             179
2025-2026,75,Prince William County,860,Bristow Run Elementary,N,             425,<,             428
2025-2026,75,Prince William County,860,Bristow Run Elementary,Y,             154,<,             156
2025-2026,75,Prince William County,950,Buckland Mills Elementary,N,             527,<,             531
2025-2026,75,Prince William County,950,Buckland Mills Elementary,Y,             182,<,             184
2025-2026,75,Prince William County,920,Bull Run Middle,N,             794,,             794
2025-2026,75,Prince William County,920,Bull Run Middle,Y,             330,,             330
2025-2026,75,Prince William County,620,C.A. Sinclair Elementary,N,             351,<,             354
2025-2026,75,Prince William County,620,C.A. Sinclair Elementary,Y,             298,<,             300
2025-2026,75,Prince William County,710,C.D. Hylton High,N,"           1,199",,"           1,199"
2025-2026,75,Prince William County,710,C.D. Hylton High,Y,             533,<,             535
2025-2026,75,Prince William County,900,Cedar Point Elementary,N,             412,<,             417
2025-2026,75,Prince William County,900,Cedar Point Elementary,Y,              95,<,              97
2025-2026,75,Prince William County,5010,Charles J. Colgan Sr. High,N,"           2,287",<,"           2,291"
2025-2026,75,Prince William County,5010,Charles J. Colgan Sr. High,Y,             662,,             662
2025-2026,75,Prince William County,970,Chris Yung Elementary,N,             492,<,             495
2025-2026,75,Prince William County,970,Chris Yung Elementary,Y,             234,<,             236
2025-2026,75,Prince William County,660,Coles Elementary,N,             268,<,             269
2025-2026,75,Prince William County,660,Coles Elementary,Y,             133,<,             135
2025-2026,75,Prince William County,309,Covington-Harper Elementary,N,             804,<,             813
2025-2026,75,Prince William County,309,Covington-Harper Elementary,Y,             239,<,             241
2025-2026,75,Prince William County,610,Dale City Elementary,N,             207,,             207
2025-2026,75,Prince William County,610,Dale City Elementary,Y,             220,<,             222
2025-2026,75,Prince William County,280,Dumfries Elementary,N,             243,<,             244
2025-2026,75,Prince William County,280,Dumfries Elementary,Y,             193,<,             196
2025-2026,75,Prince William County,490,E.H. Marsteller Middle,N,             945,,             945
2025-2026,75,Prince William County,490,E.H. Marsteller Middle,Y,             211,,             211
2025-2026,75,Prince William County,580,Elizabeth Vaughan Elementary,N,             241,,             241
2025-2026,75,Prince William County,580,Elizabeth Vaughan Elementary,Y,             340,,             340
2025-2026,75,Prince William County,120,Enterprise Elementary,N,             206,,             206
2025-2026,75,Prince William County,120,Enterprise Elementary,Y,             201,<,             202
2025-2026,75,Prince William County,370,Fannie W. Fitzgerald Elementary,N,             531,<,             536
2025-2026,75,Prince William County,370,Fannie W. Fitzgerald Elementary,Y,             353,<,             358
2025-2026,75,Prince William County,450,Featherstone Elementary,N,             226,,             226
2025-2026,75,Prince William County,450,Featherstone Elementary,Y,             223,,             223
2025-2026,75,Prince William County,870,Forest Park High,N,"           1,567",<,"           1,569"
2025-2026,75,Prince William County,870,Forest Park High,Y,             718,<,             719
2025-2026,75,Prince William County,520,Fred M. Lynn Middle,N,             508,,             508
2025-2026,75,Prince William County,520,Fred M. Lynn Middle,Y,             478,,             478
2025-2026,75,Prince William County,300,Freedom High ,N,"           1,240",<,"           1,241"
2025-2026,75,Prince William County,300,Freedom High ,Y,"           1,015",,"           1,015"
2025-2026,75,Prince William County,5130,Gainesville High,N,"           2,060",<,"           2,063"
2025-2026,75,Prince William County,5130,Gainesville High,Y,             555,,             555
2025-2026,75,Prince William County,960,Gainesville Middle,N,"           1,073",,"           1,073"
2025-2026,75,Prince William County,960,Gainesville Middle,Y,             292,,             292
2025-2026,75,Prince William County,690,Gar-Field High,N,"           1,502",,"           1,502"
2025-2026,75,Prince William County,690,Gar-Field High,Y,             967,,             967
2025-2026,75,Prince William County,630,George G. Tyler Elementary,N,             335,<,             339
2025-2026,75,Prince William County,630,George G. Tyler Elementary,Y,             131,<,             132
2025-2026,75,Prince William County,640,George M. Hampton Middle,N,             502,,             502
2025-2026,75,Prince William County,640,George M. Hampton Middle,Y,             409,,             409
2025-2026,75,Prince William County,770,George P. Mullen Elementary,N,             336,<,             337
2025-2026,75,Prince William County,770,George P. Mullen Elementary,Y,             297,<,             299
2025-2026,75,Prince William County,340,Glenkirk Elementary,N,             434,<,             438
2025-2026,75,Prince William County,340,Glenkirk Elementary,Y,              63,<,              64
2025-2026,75,Prince William County,510,Graham Park Middle,N,             435,,             435
2025-2026,75,Prince William County,510,Graham Park Middle,Y,             276,,             276
2025-2026,75,Prince William County,250,Haymarket Elementary,N,             796,<,             799
2025-2026,75,Prince William County,250,Haymarket Elementary,Y,             176,<,             178
2025-2026,75,Prince William County,380,Herbert J. Saunders Middle,N,             921,,             921
2025-2026,75,Prince William County,380,Herbert J. Saunders Middle,Y,             310,<,             311
2025-2026,75,Prince William County,317,Innovation Elementary,N,             249,,             249
2025-2026,75,Prince William County,317,Innovation Elementary,Y,             338,<,             347
2025-2026,75,Prince William County,220,J.W. Alvey Elementary,N,             453,<,             455
2025-2026,75,Prince William County,220,J.W. Alvey Elementary,Y,              43,,              43
2025-2026,75,Prince William County,319,John D. Jenkins Elementary,N,             335,<,             343
2025-2026,75,Prince William County,319,John D. Jenkins Elementary,Y,             301,<,             307
2025-2026,75,Prince William County,130,John F. Pattie Sr. Elementary,N,             602,              15,             617
2025-2026,75,Prince William County,130,John F. Pattie Sr. Elementary,Y,             274,<,             280
2025-2026,75,Prince William County,70,Kerrydale Elementary,N,             155,<,             157
2025-2026,75,Prince William County,70,Kerrydale Elementary,Y,             148,<,             149
2025-2026,75,Prince William County,306,Kyle R. Wilson Elementary,N,             535,<,             542
2025-2026,75,Prince William County,306,Kyle R. Wilson Elementary,Y,             301,<,             306
2025-2026,75,Prince William County,180,Lake Ridge Elementary,N,             443,<,             448
2025-2026,75,Prince William County,180,Lake Ridge Elementary,Y,             186,,             186
2025-2026,75,Prince William County,720,Lake Ridge Middle,N,"           1,140",,"           1,140"
2025-2026,75,Prince William County,720,Lake Ridge Middle,Y,             392,,             392
2025-2026,75,Prince William County,830,Leesylvania Elementary,N,             462,<,             465
2025-2026,75,Prince William County,830,Leesylvania Elementary,Y,             297,<,             301
2025-2026,75,Prince William County,460,Loch Lomond Elementary,N,             225,<,             228
2025-2026,75,Prince William County,460,Loch Lomond Elementary,Y,             230,<,             231
2025-2026,75,Prince William County,880,Louise A. Benton Middle,N,"           1,088",,"           1,088"
2025-2026,75,Prince William County,880,Louise A. Benton Middle,Y,             285,,             285
2025-2026,75,Prince William County,160,Martin Luther King Jr. Elementary,N,             278,<,             283
2025-2026,75,Prince William County,160,Martin Luther King Jr. Elementary,Y,             183,<,             186
2025-2026,75,Prince William County,570,Marumsco Hills Elementary,N,             235,<,             238
2025-2026,75,Prince William County,570,Marumsco Hills Elementary,Y,             282,<,             289
2025-2026,75,Prince William County,231,Mary G. Porter Traditional,N,             517,,             517
2025-2026,75,Prince William County,231,Mary G. Porter Traditional,Y,             163,,             163
2025-2026,75,Prince William County,240,Mary Williams Elementary ,N,             397,<,             402
2025-2026,75,Prince William County,240,Mary Williams Elementary ,Y,             277,<,             279
2025-2026,75,Prince William County,30,Minnieville Elementary,N,             300,<,             303
2025-2026,75,Prince William County,30,Minnieville Elementary,Y,             268,<,             270
2025-2026,75,Prince William County,800,Montclair Elementary,N,             453,<,             456
2025-2026,75,Prince William County,800,Montclair Elementary,Y,             174,,             174
2025-2026,75,Prince William County,810,Mountain View Elementary,N,             359,<,             361
2025-2026,75,Prince William County,810,Mountain View Elementary,Y,              48,<,              49
2025-2026,75,Prince William County,700,Neabsco Elementary,N,             323,<,             324
2025-2026,75,Prince William County,700,Neabsco Elementary,Y,             296,<,             299
2025-2026,75,Prince William County,260,Occoquan Elementary,N,             330,,             330
2025-2026,75,Prince William County,260,Occoquan Elementary,Y,             240,,             240
2025-2026,75,Prince William County,820,Old Bridge Elementary,N,             397,<,             399
2025-2026,75,Prince William County,820,Old Bridge Elementary,Y,             124,<,             129
2025-2026,75,Prince William County,80,Osbourn Park High,N,"           1,856",,"           1,856"
2025-2026,75,Prince William County,80,Osbourn Park High,Y,             685,,             685
2025-2026,75,Prince William County,501,Parkside Middle,N,             885,,             885
2025-2026,75,Prince William County,501,Parkside Middle,Y,             483,,             483
2025-2026,75,Prince William County,1060,Patriot High,N,"           1,597",<,"           1,599"
2025-2026,75,Prince William County,1060,Patriot High,Y,             408,,             408
2025-2026,75,Prince William County,945,Pennington Traditional,N,             501,,             501
2025-2026,75,Prince William County,945,Pennington Traditional,Y,             153,,             153
2025-2026,75,Prince William County,110,Piney Branch Elementary,N,             614,<,             615
2025-2026,75,Prince William County,110,Piney Branch Elementary,Y,             132,<,             133
2025-2026,75,Prince William County,140,Potomac High,N,"           1,454",<,"           1,455"
2025-2026,75,Prince William County,140,Potomac High,Y,             729,<,             730
2025-2026,75,Prince William County,170,Potomac Middle,N,             589,,             589
2025-2026,75,Prince William County,170,Potomac Middle,Y,             392,,             392
2025-2026,75,Prince William County,414,Potomac Shores Middle,N,             924,,             924
2025-2026,75,Prince William County,414,Potomac Shores Middle,Y,             385,,             385
2025-2026,75,Prince William County,550,Potomac View Elementary,N,             227,<,             231
2025-2026,75,Prince William County,550,Potomac View Elementary,Y,             329,<,             331
2025-2026,75,Prince William County,440,R. Dean Kilby Elementary,N,             233,<,             234
2025-2026,75,Prince William County,440,R. Dean Kilby Elementary,Y,             350,<,             355
2025-2026,75,Prince William County,591,Rippon Middle,N,             678,,             678
2025-2026,75,Prince William County,591,Rippon Middle,Y,             493,,             493
2025-2026,75,Prince William County,750,River Oaks Elementary,N,             342,<,             345
2025-2026,75,Prince William County,750,River Oaks Elementary,Y,             317,<,             321
2025-2026,75,Prince William County,40,Rockledge Elementary,N,             326,<,             330
2025-2026,75,Prince William County,40,Rockledge Elementary,Y,             158,<,             159
2025-2026,75,Prince William County,310,Ronald Wilson Reagan Middle,N,"           1,163",<,"           1,168"
2025-2026,75,Prince William County,310,Ronald Wilson Reagan Middle,Y,             196,,             196
2025-2026,75,Prince William County,941,Rosa Parks Elementary,N,             364,<,             365
2025-2026,75,Prince William County,941,Rosa Parks Elementary,Y,             216,,             216
2025-2026,75,Prince William County,360,Samuel L. Gravely Jr. Elementary,N,             701,,             701
2025-2026,75,Prince William County,360,Samuel L. Gravely Jr. Elementary,Y,              99,,              99
2025-2026,75,Prince William County,730,Sharon C. McAuliffe Elementary,N,             251,,             251
2025-2026,75,Prince William County,730,Sharon C. McAuliffe Elementary,Y,             135,,             135
2025-2026,75,Prince William County,500,Signal Hill Elementary,N,             594,<,             596
2025-2026,75,Prince William County,500,Signal Hill Elementary,Y,             213,<,             215
2025-2026,75,Prince William County,850,Sonnie Penn Elementary,N,             512,<,             513
2025-2026,75,Prince William County,850,Sonnie Penn Elementary,Y,             259,,             259
2025-2026,75,Prince William County,320,Springwoods Elementary,N,             607,,             607
2025-2026,75,Prince William County,320,Springwoods Elementary,Y,             237,<,             238
2025-2026,75,Prince William County,780,Stuart M. Beville Middle,N,             670,,             670
2025-2026,75,Prince William County,780,Stuart M. Beville Middle,Y,             489,,             489
2025-2026,75,Prince William County,20,Sudley Elementary,N,             330,,             330
2025-2026,75,Prince William County,20,Sudley Elementary,Y,             271,,             271
2025-2026,75,Prince William County,270,Suella G. Ellis Elementary,N,             201,<,             205
2025-2026,75,Prince William County,270,Suella G. Ellis Elementary,Y,             205,<,             207
2025-2026,75,Prince William County,890,Swans Creek Elementary,N,             386,<,             391
2025-2026,75,Prince William County,890,Swans Creek Elementary,Y,             247,<,             250
2025-2026,75,Prince William County,470,T. Clay Wood Elementary,N,             584,<,             585
2025-2026,75,Prince William County,470,T. Clay Wood Elementary,Y,             125,,             125
2025-2026,75,Prince William County,150,The Nokesville School,N,             895,,             895
2025-2026,75,Prince William County,150,The Nokesville School,Y,             296,<,             297
2025-2026,75,Prince William County,790,Thurgood Marshall Elementary,N,             491,<,             492
2025-2026,75,Prince William County,790,Thurgood Marshall Elementary,Y,             140,<,             143
2025-2026,75,Prince William County,430,Triangle Elementary,N,             432,<,             433
2025-2026,75,Prince William County,430,Triangle Elementary,Y,             373,<,             375
2025-2026,75,Prince William County,480,Unity Braxton Middle ,N,             636,,             636
2025-2026,75,Prince William County,480,Unity Braxton Middle ,Y,             439,,             439
2025-2026,75,Prince William County,680,Unity Reed High,N,"           1,148",,"           1,148"
2025-2026,75,Prince William County,680,Unity Reed High,Y,             777,,             777
2025-2026,75,Prince William County,390,Victory Elementary,N,             474,,             474
2025-2026,75,Prince William County,390,Victory Elementary,Y,             148,<,             149
2025-2026,75,Prince William County,540,West Gate Elementary,N,             256,<,             259
2025-2026,75,Prince William County,540,West Gate Elementary,Y,             228,,             228
2025-2026,75,Prince William County,740,Westridge Elementary,N,             464,,             464
2025-2026,75,Prince William County,740,Westridge Elementary,Y,             140,<,             141
2025-2026,75,Prince William County,60,Woodbridge High,N,"           2,068",<,"           2,072"
2025-2026,75,Prince William County,60,Woodbridge High,Y,             844,,             844
2025-2026,75,Prince William County,560,Woodbridge Middle,N,             587,,             587
2025-2026,75,Prince William County,560,Woodbridge Middle,Y,             310,,             310
2025-2026,75,Prince William County,350,Yorkshire Elementary,N,             398,<,             400
2025-2026,75,Prince William County,350,Yorkshire Elementary,Y,             441,,             441
2025-2026,77,Pulaski County,20,Critzer Elementary,N,             178,,             178
2025-2026,77,Pulaski County,20,Critzer Elementary,Y,             225,,             225
2025-2026,77,Pulaski County,540,Dublin Elementary,N,             230,,             230
2025-2026,77,Pulaski County,540,Dublin Elementary,Y,             153,,             153
2025-2026,77,Pulaski County,560,Pulaski County Middle,N,             472,,             472
2025-2026,77,Pulaski County,560,Pulaski County Middle,Y,             372,,             372
2025-2026,77,Pulaski County,101,Pulaski County Public Schools Virtual School K-12,N,             247,,             247
2025-2026,77,Pulaski County,101,Pulaski County Public Schools Virtual School K-12,Y,             189,,             189
2025-2026,77,Pulaski County,10,Pulaski County Senior High,N,             629,,             629
2025-2026,77,Pulaski County,10,Pulaski County Senior High,Y,             442,,             442
2025-2026,77,Pulaski County,230,Pulaski Elementary ,N,             232,,             232
2025-2026,77,Pulaski County,230,Pulaski Elementary ,Y,             232,,             232
2025-2026,77,Pulaski County,500,Riverlawn Elementary,N,             233,,             233
2025-2026,77,Pulaski County,500,Riverlawn Elementary,Y,             152,,             152
2025-2026,77,Pulaski County,430,Snowville Elementary,N,             132,,             132
2025-2026,77,Pulaski County,430,Snowville Elementary,Y,              71,,              71
2025-2026,122,Radford City,10,Belle Heth Elementary,N,             255,,             255
2025-2026,122,Radford City,10,Belle Heth Elementary,Y,             217,,             217
2025-2026,122,Radford City,42,John N. Dalton Intermediate,N,             151,,             151
2025-2026,122,Radford City,42,John N. Dalton Intermediate,Y,              99,,              99
2025-2026,122,Radford City,20,McHarg Elementary,N,             193,<,             202
2025-2026,122,Radford City,20,McHarg Elementary,Y,             169,              11,             180
2025-2026,122,Radford City,102,Radford City Virtual,N,             967,,             967
2025-2026,122,Radford City,102,Radford City Virtual,Y,             461,,             461
2025-2026,122,Radford City,41,Radford High,N,             321,,             321
2025-2026,122,Radford City,41,Radford High,Y,             183,,             183
2025-2026,78,Rappahannock County,240,Rappahannock County Elementary,N,             298,,             298
2025-2026,78,Rappahannock County,240,Rappahannock County Elementary,Y,             168,,             168
2025-2026,78,Rappahannock County,230,Rappahannock County High,N,             214,<,             215
2025-2026,78,Rappahannock County,230,Rappahannock County High,Y,              93,,              93
2025-2026,123,Richmond City,30,Albert Hill Middle,N,             236,,             236
2025-2026,123,Richmond City,30,Albert Hill Middle,Y,             256,,             256
2025-2026,123,Richmond City,850,Armstrong High ,N,             160,,             160
2025-2026,123,Richmond City,850,Armstrong High ,Y,             602,,             602
2025-2026,123,Richmond City,390,Barack Obama Elementary,N,             121,,             121
2025-2026,123,Richmond City,390,Barack Obama Elementary,Y,             163,,             163
2025-2026,123,Richmond City,100,Bellevue Elementary,N,              82,,              82
2025-2026,123,Richmond City,100,Bellevue Elementary,Y,             155,,             155
2025-2026,123,Richmond City,170,Blackwell Elementary,N,              91,,              91
2025-2026,123,Richmond City,170,Blackwell Elementary,Y,             344,,             344
2025-2026,123,Richmond City,1100,Broad Rock Elementary,N,             206,,             206
2025-2026,123,Richmond City,1100,Broad Rock Elementary,Y,             397,,             397
2025-2026,123,Richmond City,1440,Cardinal Elementary,N,             376,,             376
2025-2026,123,Richmond City,1440,Cardinal Elementary,Y,             404,,             404
2025-2026,123,Richmond City,830,Chimborazo Elementary,N,             124,,             124
2025-2026,123,Richmond City,830,Chimborazo Elementary,Y,             320,,             320
2025-2026,123,Richmond City,50,Dogwood Middle,N,             133,,             133
2025-2026,123,Richmond City,50,Dogwood Middle,Y,             247,,             247
2025-2026,123,Richmond City,1400,Elizabeth D. Redd Elementary,N,             131,,             131
2025-2026,123,Richmond City,1400,Elizabeth D. Redd Elementary,Y,             235,,             235
2025-2026,123,Richmond City,710,Fairfield Court Elementary,N,              13,,              13
2025-2026,123,Richmond City,710,Fairfield Court Elementary,Y,             194,,             194
2025-2026,123,Richmond City,230,Frances W. McClenney Elementary,N,              37,,              37
2025-2026,123,Richmond City,230,Frances W. McClenney Elementary,Y,             273,,             273
2025-2026,123,Richmond City,621,Franklin Military Academy,N,             180,,             180
2025-2026,123,Richmond City,621,Franklin Military Academy,Y,             142,,             142
2025-2026,123,Richmond City,1470,G.H. Reid Elementary,N,             237,,             237
2025-2026,123,Richmond City,1470,G.H. Reid Elementary,Y,             425,,             425
2025-2026,123,Richmond City,311,George W. Carver Elementary,N,              47,,              47
2025-2026,123,Richmond City,311,George W. Carver Elementary,Y,             348,,             348
2025-2026,123,Richmond City,290,Henry Marsh III Elementary,N,              43,,              43
2025-2026,123,Richmond City,290,Henry Marsh III Elementary,Y,             449,,             449
2025-2026,123,Richmond City,1510,Huguenot High,N,             586,,             586
2025-2026,123,Richmond City,1510,Huguenot High,Y,             906,,             906
2025-2026,123,Richmond City,1640,J.B. Fisher Elementary,N,             138,,             138
2025-2026,123,Richmond City,1640,J.B. Fisher Elementary,Y,             151,,             151
2025-2026,123,Richmond City,3115,J.H. Blackwell Preschool,N,              52,,              52
2025-2026,123,Richmond City,3115,J.H. Blackwell Preschool,Y,             119,,             119
2025-2026,123,Richmond City,1710,J.L. Francis Elementary,N,             164,,             164
2025-2026,123,Richmond City,1710,J.L. Francis Elementary,Y,             362,,             362
2025-2026,123,Richmond City,730,John Marshall High,N,             184,,             184
2025-2026,123,Richmond City,730,John Marshall High,Y,             395,,             395
2025-2026,123,Richmond City,3106,Linwood Holton Elementary,N,             346,,             346
2025-2026,123,Richmond City,3106,Linwood Holton Elementary,Y,             129,,             129
2025-2026,123,Richmond City,600,Lois Harrison-Jones Elementary,N,             167,,             167
2025-2026,123,Richmond City,600,Lois Harrison-Jones Elementary,Y,             119,,             119
2025-2026,123,Richmond City,3105,Lucille M. Brown Middle,N,             202,,             202
2025-2026,123,Richmond City,3105,Lucille M. Brown Middle,Y,             457,,             457
2025-2026,123,Richmond City,770,Martin Luther King Jr. Middle ,N,              42,,              42
2025-2026,123,Richmond City,770,Martin Luther King Jr. Middle ,Y,             449,,             449
2025-2026,123,Richmond City,771,Martin Luther King Jr. Preschool,N,              54,,              54
2025-2026,123,Richmond City,771,Martin Luther King Jr. Preschool,Y,             116,,             116
2025-2026,123,Richmond City,580,Mary Munford Elementary,N,             440,,             440
2025-2026,123,Richmond City,580,Mary Munford Elementary,Y,              57,,              57
2025-2026,123,Richmond City,3114,Mary Scott Preschool,N,              57,,              57
2025-2026,123,Richmond City,3114,Mary Scott Preschool,Y,              89,,              89
2025-2026,123,Richmond City,690,Maymont Preschool,N,              60,,              60
2025-2026,123,Richmond City,690,Maymont Preschool,Y,              79,,              79
2025-2026,123,Richmond City,3107,Miles Jones Elementary,N,             119,,             119
2025-2026,123,Richmond City,3107,Miles Jones Elementary,Y,             410,,             410
2025-2026,123,Richmond City,330,Oak Grove/Bellemeade Elementary,N,             153,,             153
2025-2026,123,Richmond City,330,Oak Grove/Bellemeade Elementary,Y,             377,,             377
2025-2026,123,Richmond City,90,Open High,N,             111,,             111
2025-2026,123,Richmond City,90,Open High,Y,              62,,              62
2025-2026,123,Richmond City,130,Overby-Sheppard Elementary,N,              60,,              60
2025-2026,123,Richmond City,130,Overby-Sheppard Elementary,Y,             197,,             197
2025-2026,123,Richmond City,3119,Patrick Henry School Of Science And Arts,N,             186,,             186
2025-2026,123,Richmond City,3119,Patrick Henry School Of Science And Arts,Y,             139,,             139
2025-2026,123,Richmond City,3200,Richmond Career Education and Employment Charter School,N,              10,,              10
2025-2026,123,Richmond City,3200,Richmond Career Education and Employment Charter School,Y,              28,,              28
2025-2026,123,Richmond City,452,Richmond Community High,N,             128,,             128
2025-2026,123,Richmond City,452,Richmond Community High,Y,             100,,             100
2025-2026,123,Richmond City,3113,Richmond Community Preschool,N,              32,,              32
2025-2026,123,Richmond City,3113,Richmond Community Preschool,Y,              97,,              97
2025-2026,123,Richmond City,741,Richmond High School for the Arts,N,             439,,             439
2025-2026,123,Richmond City,741,Richmond High School for the Arts,Y,             667,,             667
2025-2026,123,Richmond City,3110,Richmond Success Academy,N,              65,,              65
2025-2026,123,Richmond City,3110,Richmond Success Academy,Y,             160,,             160
2025-2026,123,Richmond City,1322,Richmond Virtual Academy,N,              31,,              31
2025-2026,123,Richmond City,1322,Richmond Virtual Academy,Y,             124,,             124
2025-2026,123,Richmond City,1631,River City Middle,N,             466,,             466
2025-2026,123,Richmond City,1631,River City Middle,Y,             679,,             679
2025-2026,123,Richmond City,1480,Southampton Elementary,N,             149,,             149
2025-2026,123,Richmond City,1480,Southampton Elementary,Y,             336,,             336
2025-2026,123,Richmond City,511,Summer Hill Preschool Center,N,              66,,              66
2025-2026,123,Richmond City,511,Summer Hill Preschool Center,Y,             120,,             120
2025-2026,123,Richmond City,210,Swansboro Elementary,N,              56,,              56
2025-2026,123,Richmond City,210,Swansboro Elementary,Y,             121,,             121
2025-2026,123,Richmond City,480,Thomas C. Boushall Middle,N,             210,,             210
2025-2026,123,Richmond City,480,Thomas C. Boushall Middle,Y,             416,,             416
2025-2026,123,Richmond City,470,Thomas H. Henderson Middle,N,             151,,             151
2025-2026,123,Richmond City,470,Thomas H. Henderson Middle,Y,             295,,             295
2025-2026,123,Richmond City,20,Thomas Jefferson High,N,             309,,             309
2025-2026,123,Richmond City,20,Thomas Jefferson High,Y,             409,,             409
2025-2026,123,Richmond City,660,Westover Hills Elementary,N,             127,,             127
2025-2026,123,Richmond City,660,Westover Hills Elementary,Y,             247,,             247
2025-2026,123,Richmond City,200,William Fox Elementary,N,             228,,             228
2025-2026,123,Richmond City,200,William Fox Elementary,Y,             168,,             168
2025-2026,123,Richmond City,650,Woodville Elementary,N,              25,,              25
2025-2026,123,Richmond City,650,Woodville Elementary,Y,             190,,             190
2025-2026,79,Richmond County,210,Rappahannock High,N,             317,,             317
2025-2026,79,Richmond County,210,Rappahannock High,Y,             230,,             230
2025-2026,79,Richmond County,20,Richmond County Elementary,N,             458,,             458
2025-2026,79,Richmond County,20,Richmond County Elementary,Y,             409,,             409
2025-2026,124,Roanoke City,280,Addison Aerospace Magnet Middle,N,             148,,             148
2025-2026,124,Roanoke City,280,Addison Aerospace Magnet Middle,Y,             428,,             428
2025-2026,124,Roanoke City,210,Breckinridge Middle,N,             254,,             254
2025-2026,124,Roanoke City,210,Breckinridge Middle,Y,             466,,             466
2025-2026,124,Roanoke City,20,Crystal Spring Elementary,N,             296,,             296
2025-2026,124,Roanoke City,20,Crystal Spring Elementary,Y,              48,,              48
2025-2026,124,Roanoke City,410,Fairview Elementary,N,             149,,             149
2025-2026,124,Roanoke City,410,Fairview Elementary,Y,             293,,             293
2025-2026,124,Roanoke City,50,Fallon Park Elementary,N,             192,<,             193
2025-2026,124,Roanoke City,50,Fallon Park Elementary,Y,             376,,             376
2025-2026,124,Roanoke City,380,Fishburn Park Elementary,N,             140,,             140
2025-2026,124,Roanoke City,380,Fishburn Park Elementary,Y,             110,<,             111
2025-2026,124,Roanoke City,300,Garden City Elementary,N,             109,,             109
2025-2026,124,Roanoke City,300,Garden City Elementary,Y,             173,<,             174
2025-2026,124,Roanoke City,310,Grandin Court Elementary,N,             236,<,             237
2025-2026,124,Roanoke City,310,Grandin Court Elementary,Y,             111,,             111
2025-2026,124,Roanoke City,110,Highland Park Elementary,N,             181,,             181
2025-2026,124,Roanoke City,110,Highland Park Elementary,Y,             164,<,             165
2025-2026,124,Roanoke City,420,Hurt Park Elementary,N,              77,,              77
2025-2026,124,Roanoke City,420,Hurt Park Elementary,Y,             210,,             210
2025-2026,124,Roanoke City,450,James Madison Middle,N,             236,,             236
2025-2026,124,Roanoke City,450,James Madison Middle,Y,             332,,             332
2025-2026,124,Roanoke City,230,John P. Fishwick Middle,N,             125,,             125
2025-2026,124,Roanoke City,230,John P. Fishwick Middle,Y,             313,,             313
2025-2026,124,Roanoke City,340,Lincoln Terrace Elementary,N,             105,<,             106
2025-2026,124,Roanoke City,340,Lincoln Terrace Elementary,Y,             177,,             177
2025-2026,124,Roanoke City,370,Monterey Elementary,N,             206,<,             208
2025-2026,124,Roanoke City,370,Monterey Elementary,Y,             303,<,             306
2025-2026,124,Roanoke City,60,Morningside Elementary,N,             106,,             106
2025-2026,124,Roanoke City,60,Morningside Elementary,Y,             173,<,             174
2025-2026,124,Roanoke City,390,Patrick Henry High,N,             868,,             868
2025-2026,124,Roanoke City,390,Patrick Henry High,Y,"           1,176",<,"           1,178"
2025-2026,124,Roanoke City,240,Preston Park Elementary,N,             230,,             230
2025-2026,124,Roanoke City,240,Preston Park Elementary,Y,             288,,             288
2025-2026,124,Roanoke City,220,Roanoke Academy For Mathematics & Science Elementary,N,             152,,             152
2025-2026,124,Roanoke City,220,Roanoke Academy For Mathematics & Science Elementary,Y,             264,,             264
2025-2026,124,Roanoke City,320,Round Hill Elementary,N,             278,,             278
2025-2026,124,Roanoke City,320,Round Hill Elementary,Y,             445,,             445
2025-2026,124,Roanoke City,70,Virginia Heights Elementary,N,             147,,             147
2025-2026,124,Roanoke City,70,Virginia Heights Elementary,Y,             113,,             113
2025-2026,124,Roanoke City,90,Wasena Elementary,N,             133,,             133
2025-2026,124,Roanoke City,90,Wasena Elementary,Y,             122,,             122
2025-2026,124,Roanoke City,350,Westside Elementary,N,             251,,             251
2025-2026,124,Roanoke City,350,Westside Elementary,Y,             380,,             380
2025-2026,124,Roanoke City,400,William Fleming High,N,             640,,             640
2025-2026,124,Roanoke City,400,William Fleming High,Y,"           1,243",,"           1,243"
2025-2026,124,Roanoke City,150,Woodrow Wilson Middle,N,             289,,             289
2025-2026,124,Roanoke City,150,Woodrow Wilson Middle,Y,             353,<,             354
2025-2026,80,Roanoke County,420,Back Creek Elementary,N,             206,,             206
2025-2026,80,Roanoke County,420,Back Creek Elementary,Y,              51,,              51
2025-2026,80,Roanoke County,752,Bonsack Elementary,N,             272,,             272
2025-2026,80,Roanoke County,752,Bonsack Elementary,Y,              70,,              70
2025-2026,80,Roanoke County,180,Burlington Elementary,N,             217,,             217
2025-2026,80,Roanoke County,180,Burlington Elementary,Y,             233,,             233
2025-2026,80,Roanoke County,560,Cave Spring Elementary,N,             392,,             392
2025-2026,80,Roanoke County,560,Cave Spring Elementary,Y,             101,,             101
2025-2026,80,Roanoke County,470,Cave Spring High,N,             780,,             780
2025-2026,80,Roanoke County,470,Cave Spring High,Y,             247,,             247
2025-2026,80,Roanoke County,620,Cave Spring Middle,N,             533,,             533
2025-2026,80,Roanoke County,620,Cave Spring Middle,Y,             197,,             197
2025-2026,80,Roanoke County,330,Clearbrook Elementary,N,             202,,             202
2025-2026,80,Roanoke County,330,Clearbrook Elementary,Y,             116,,             116
2025-2026,80,Roanoke County,40,Fort Lewis Elementary,N,             199,,             199
2025-2026,80,Roanoke County,40,Fort Lewis Elementary,Y,              51,,              51
2025-2026,80,Roanoke County,650,Glen Cove Elementary,N,             260,,             260
2025-2026,80,Roanoke County,650,Glen Cove Elementary,Y,             166,,             166
2025-2026,80,Roanoke County,490,Glenvar Elementary,N,             223,,             223
2025-2026,80,Roanoke County,490,Glenvar Elementary,Y,             138,,             138
2025-2026,80,Roanoke County,610,Glenvar High,N,             426,,             426
2025-2026,80,Roanoke County,610,Glenvar High,Y,             172,,             172
2025-2026,80,Roanoke County,751,Glenvar Middle,N,             302,,             302
2025-2026,80,Roanoke County,751,Glenvar Middle,Y,             133,,             133
2025-2026,80,Roanoke County,600,Green Valley Elementary,N,             279,,             279
2025-2026,80,Roanoke County,600,Green Valley Elementary,Y,             187,,             187
2025-2026,80,Roanoke County,540,Herman L. Horn Elementary,N,             239,,             239
2025-2026,80,Roanoke County,540,Herman L. Horn Elementary,Y,             173,,             173
2025-2026,80,Roanoke County,754,Hidden Valley High,N,             605,,             605
2025-2026,80,Roanoke County,754,Hidden Valley High,Y,             195,,             195
2025-2026,80,Roanoke County,10,Hidden Valley Middle,N,             431,,             431
2025-2026,80,Roanoke County,10,Hidden Valley Middle,Y,             160,,             160
2025-2026,80,Roanoke County,530,Mason's Cove Elementary,N,             152,,             152
2025-2026,80,Roanoke County,530,Mason's Cove Elementary,Y,              56,,              56
2025-2026,80,Roanoke County,290,Mount Pleasant Elementary,N,             124,,             124
2025-2026,80,Roanoke County,290,Mount Pleasant Elementary,Y,             124,,             124
2025-2026,80,Roanoke County,500,Mountain View Elementary,N,             251,,             251
2025-2026,80,Roanoke County,500,Mountain View Elementary,Y,             149,,             149
2025-2026,80,Roanoke County,520,Northside High,N,             552,,             552
2025-2026,80,Roanoke County,520,Northside High,Y,             328,,             328
2025-2026,80,Roanoke County,640,Northside Middle,N,             382,,             382
2025-2026,80,Roanoke County,640,Northside Middle,Y,             270,,             270
2025-2026,80,Roanoke County,480,Oak Grove Elementary,N,             237,,             237
2025-2026,80,Roanoke County,480,Oak Grove Elementary,Y,             170,,             170
2025-2026,80,Roanoke County,50,Penn Forest Elementary,N,             296,,             296
2025-2026,80,Roanoke County,50,Penn Forest Elementary,Y,             107,,             107
2025-2026,80,Roanoke County,60,W.E. Cundiff Elementary,N,             296,,             296
2025-2026,80,Roanoke County,60,W.E. Cundiff Elementary,Y,             194,,             194
2025-2026,80,Roanoke County,630,William Byrd High,N,             746,,             746
2025-2026,80,Roanoke County,630,William Byrd High,Y,             383,,             383
2025-2026,80,Roanoke County,232,William Byrd Middle,N,             479,,             479
2025-2026,80,Roanoke County,232,William Byrd Middle,Y,             285,,             285
2025-2026,81,Rockbridge County,650,Central Elementary,N,             245,,             245
2025-2026,81,Rockbridge County,650,Central Elementary,Y,             184,,             184
2025-2026,81,Rockbridge County,150,Fairfield Elementary,N,             143,,             143
2025-2026,81,Rockbridge County,150,Fairfield Elementary,Y,              98,,              98
2025-2026,81,Rockbridge County,678,Maury River Middle,N,             279,,             279
2025-2026,81,Rockbridge County,678,Maury River Middle,Y,             229,,             229
2025-2026,81,Rockbridge County,340,Mountain View Elementary,N,              75,,              75
2025-2026,81,Rockbridge County,340,Mountain View Elementary,Y,              68,,              68
2025-2026,81,Rockbridge County,641,Natural Bridge Elementary,N,              95,,              95
2025-2026,81,Rockbridge County,641,Natural Bridge Elementary,Y,             144,,             144
2025-2026,81,Rockbridge County,22,Rockbridge County High,N,             616,,             616
2025-2026,81,Rockbridge County,22,Rockbridge County High,Y,             284,,             284
2025-2026,82,Rockingham County,870,Broadway High,N,             542,,             542
2025-2026,82,Rockingham County,870,Broadway High,Y,             446,<,             448
2025-2026,82,Rockingham County,861,Cub Run Elementary,N,             350,,             350
2025-2026,82,Rockingham County,861,Cub Run Elementary,Y,             282,,             282
2025-2026,82,Rockingham County,391,East Rockingham High,N,             430,<,             433
2025-2026,82,Rockingham County,391,East Rockingham High,Y,             327,,             327
2025-2026,82,Rockingham County,400,Elkton Elementary,N,             111,,             111
2025-2026,82,Rockingham County,400,Elkton Elementary,Y,             148,,             148
2025-2026,82,Rockingham County,900,Elkton Middle,N,             305,,             305
2025-2026,82,Rockingham County,900,Elkton Middle,Y,             255,,             255
2025-2026,82,Rockingham County,940,Fulks Run Elementary,N,              86,,              86
2025-2026,82,Rockingham County,940,Fulks Run Elementary,Y,              96,,              96
2025-2026,82,Rockingham County,960,J. Frank Hillyard Middle,N,             371,,             371
2025-2026,82,Rockingham County,960,J. Frank Hillyard Middle,Y,             346,,             346
2025-2026,82,Rockingham County,1071,John C. Myers Elementary,N,             246,,             246
2025-2026,82,Rockingham County,1071,John C. Myers Elementary,Y,             220,,             220
2025-2026,82,Rockingham County,970,John W. Wayland Elementary,N,             327,,             327
2025-2026,82,Rockingham County,970,John W. Wayland Elementary,Y,             201,,             201
2025-2026,82,Rockingham County,500,Lacey Spring Elementary,N,             121,,             121
2025-2026,82,Rockingham County,500,Lacey Spring Elementary,Y,             224,,             224
2025-2026,82,Rockingham County,360,Linville-Edom Elementary,N,             106,,             106
2025-2026,82,Rockingham County,360,Linville-Edom Elementary,Y,              98,,              98
2025-2026,82,Rockingham County,600,McGaheysville Elementary,N,             159,,             159
2025-2026,82,Rockingham County,600,McGaheysville Elementary,Y,             102,,             102
2025-2026,82,Rockingham County,860,Montevideo Middle,N,             363,,             363
2025-2026,82,Rockingham County,860,Montevideo Middle,Y,             247,,             247
2025-2026,82,Rockingham County,520,Mountain View Elementary,N,             192,,             192
2025-2026,82,Rockingham County,520,Mountain View Elementary,Y,             222,,             222
2025-2026,82,Rockingham County,920,Ottobine Elementary,N,             129,,             129
2025-2026,82,Rockingham County,920,Ottobine Elementary,Y,             106,,             106
2025-2026,82,Rockingham County,1073,Peak View Elementary,N,             295,,             295
2025-2026,82,Rockingham County,1073,Peak View Elementary,Y,             228,,             228
2025-2026,82,Rockingham County,10,Plains Elementary,N,             214,,             214
2025-2026,82,Rockingham County,10,Plains Elementary,Y,             255,,             255
2025-2026,82,Rockingham County,950,Pleasant Valley Elementary,N,             115,,             115
2025-2026,82,Rockingham County,950,Pleasant Valley Elementary,Y,             206,,             206
2025-2026,82,Rockingham County,390,River Bend Elementary,N,             133,,             133
2025-2026,82,Rockingham County,390,River Bend Elementary,Y,             186,,             186
2025-2026,82,Rockingham County,830,South River Elementary,N,             154,,             154
2025-2026,82,Rockingham County,830,South River Elementary,Y,             174,,             174
2025-2026,82,Rockingham County,20,Spotswood High,N,             520,<,             522
2025-2026,82,Rockingham County,20,Spotswood High,Y,             338,,             338
2025-2026,82,Rockingham County,850,Turner Ashby High,N,             623,<,             629
2025-2026,82,Rockingham County,850,Turner Ashby High,Y,             372,<,             375
2025-2026,82,Rockingham County,890,Wilbur S. Pence Middle,N,             405,,             405
2025-2026,82,Rockingham County,890,Wilbur S. Pence Middle,Y,             325,,             325
2025-2026,83,Russell County,580,Belfast Elementary,N,              88,,              88
2025-2026,83,Russell County,580,Belfast Elementary,Y,              56,,              56
2025-2026,83,Russell County,792,Castlewood Elementary,N,             133,,             133
2025-2026,83,Russell County,792,Castlewood Elementary,Y,             222,,             222
2025-2026,83,Russell County,791,Castlewood High,N,             133,,             133
2025-2026,83,Russell County,791,Castlewood High,Y,             148,,             148
2025-2026,83,Russell County,890,Honaker Elementary,N,             337,,             337
2025-2026,83,Russell County,890,Honaker Elementary,Y,             373,,             373
2025-2026,83,Russell County,540,Honaker High,N,             228,,             228
2025-2026,83,Russell County,540,Honaker High,Y,             191,,             191
2025-2026,83,Russell County,410,Lebanon Elementary,N,             128,,             128
2025-2026,83,Russell County,410,Lebanon Elementary,Y,             137,,             137
2025-2026,83,Russell County,140,Lebanon High,N,             318,,             318
2025-2026,83,Russell County,140,Lebanon High,Y,             233,,             233
2025-2026,83,Russell County,902,Lebanon Middle,N,             180,,             180
2025-2026,83,Russell County,902,Lebanon Middle,Y,             148,,             148
2025-2026,83,Russell County,390,Lebanon Primary,N,             179,,             179
2025-2026,83,Russell County,390,Lebanon Primary,Y,              88,,              88
2025-2026,139,Salem City,100,Andrew Lewis Middle,N,             487,,             487
2025-2026,139,Salem City,100,Andrew Lewis Middle,Y,             395,,             395
2025-2026,139,Salem City,550,East Salem Elementary,N,             156,<,             157
2025-2026,139,Salem City,550,East Salem Elementary,Y,             231,,             231
2025-2026,139,Salem City,90,G.W. Carver Elementary,N,             211,,             211
2025-2026,139,Salem City,90,G.W. Carver Elementary,Y,             224,,             224
2025-2026,139,Salem City,70,Salem High,N,             702,,             702
2025-2026,139,Salem City,70,Salem High,Y,             462,,             462
2025-2026,139,Salem City,580,South Salem Elementary,N,             226,,             226
2025-2026,139,Salem City,580,South Salem Elementary,Y,             149,,             149
2025-2026,139,Salem City,350,Virginia Virtual Academy at Salem,N,             499,,             499
2025-2026,139,Salem City,350,Virginia Virtual Academy at Salem,Y,             121,,             121
2025-2026,139,Salem City,460,West Salem Elementary,N,             220,,             220
2025-2026,139,Salem City,460,West Salem Elementary,Y,             137,,             137
2025-2026,84,Scott County,750,Duffield-Pattonsville Primary,N,             126,,             126
2025-2026,84,Scott County,750,Duffield-Pattonsville Primary,Y,             138,,             138
2025-2026,84,Scott County,42,Dungannon Elementary,N,              56,,              56
2025-2026,84,Scott County,42,Dungannon Elementary,Y,              75,,              75
2025-2026,84,Scott County,770,Gate City High,N,             328,<,             330
2025-2026,84,Scott County,770,Gate City High,Y,             265,,             265
2025-2026,84,Scott County,771,Gate City Middle,N,             170,,             170
2025-2026,84,Scott County,771,Gate City Middle,Y,             155,,             155
2025-2026,84,Scott County,670,Hilton Elementary,N,              94,,              94
2025-2026,84,Scott County,670,Hilton Elementary,Y,              72,,              72
2025-2026,84,Scott County,220,Nickelsville Elementary,N,             123,,             123
2025-2026,84,Scott County,220,Nickelsville Elementary,Y,             154,,             154
2025-2026,84,Scott County,260,Rye Cove High,N,             100,<,             101
2025-2026,84,Scott County,260,Rye Cove High,Y,             200,,             200
2025-2026,84,Scott County,20,Rye Cove Intermediate,N,              55,,              55
2025-2026,84,Scott County,20,Rye Cove Intermediate,Y,              94,,              94
2025-2026,84,Scott County,641,Shoemaker Elementary,N,             191,,             191
2025-2026,84,Scott County,641,Shoemaker Elementary,Y,             206,,             206
2025-2026,84,Scott County,780,Twin Springs High,N,             113,<,             114
2025-2026,84,Scott County,780,Twin Springs High,Y,             162,,             162
2025-2026,84,Scott County,772,Virginia Connections Academy,N,             600,,             600
2025-2026,84,Scott County,772,Virginia Connections Academy,Y,             187,,             187
2025-2026,84,Scott County,740,Weber City Elementary,N,             270,,             270
2025-2026,84,Scott County,740,Weber City Elementary,Y,             118,,             118
2025-2026,84,Scott County,790,Yuma Elementary,N,             139,,             139
2025-2026,84,Scott County,790,Yuma Elementary,Y,              60,,              60
2025-2026,85,Shenandoah County,820,Ashby-Lee Elementary,N,             270,<,             271
2025-2026,85,Shenandoah County,820,Ashby-Lee Elementary,Y,             423,<,             425
2025-2026,85,Shenandoah County,780,Central High,N,             316,,             316
2025-2026,85,Shenandoah County,780,Central High,Y,             371,,             371
2025-2026,85,Shenandoah County,40,North Fork Middle,N,             146,,             146
2025-2026,85,Shenandoah County,40,North Fork Middle,Y,             206,,             206
2025-2026,85,Shenandoah County,30,Peter Muhlenberg Middle,N,             232,,             232
2025-2026,85,Shenandoah County,30,Peter Muhlenberg Middle,Y,             306,,             306
2025-2026,85,Shenandoah County,810,Sandy Hook Elementary,N,             392,,             392
2025-2026,85,Shenandoah County,810,Sandy Hook Elementary,Y,             433,,             433
2025-2026,85,Shenandoah County,50,Signal Knob Middle,N,             214,,             214
2025-2026,85,Shenandoah County,50,Signal Knob Middle,Y,             215,,             215
2025-2026,85,Shenandoah County,790,Stonewall Jackson High,N,             217,,             217
2025-2026,85,Shenandoah County,790,Stonewall Jackson High,Y,             288,<,             290
2025-2026,85,Shenandoah County,770,Strasburg High,N,             311,,             311
2025-2026,85,Shenandoah County,770,Strasburg High,Y,             279,,             279
2025-2026,85,Shenandoah County,20,W.W. Robinson Elementary,N,             427,,             427
2025-2026,85,Shenandoah County,20,W.W. Robinson Elementary,Y,             607,<,             608
2025-2026,86,Smyth County,290,Atkins Elementary,N,              52,,              52
2025-2026,86,Smyth County,290,Atkins Elementary,Y,             120,,             120
2025-2026,86,Smyth County,730,Chilhowie Elementary,N,             317,,             317
2025-2026,86,Smyth County,730,Chilhowie Elementary,Y,             277,,             277
2025-2026,86,Smyth County,460,Chilhowie High,N,             250,,             250
2025-2026,86,Smyth County,460,Chilhowie High,Y,             133,,             133
2025-2026,86,Smyth County,851,Chilhowie Middle,N,             143,,             143
2025-2026,86,Smyth County,851,Chilhowie Middle,Y,             110,,             110
2025-2026,86,Smyth County,710,Marion Elementary,N,             136,,             136
2025-2026,86,Smyth County,710,Marion Elementary,Y,             161,,             161
2025-2026,86,Smyth County,680,Marion Middle,N,             187,,             187
2025-2026,86,Smyth County,680,Marion Middle,Y,             207,,             207
2025-2026,86,Smyth County,700,Marion Senior High,N,             257,,             257
2025-2026,86,Smyth County,700,Marion Senior High,Y,             232,,             232
2025-2026,86,Smyth County,250,Northwood High,N,              82,,              82
2025-2026,86,Smyth County,250,Northwood High,Y,             106,,             106
2025-2026,86,Smyth County,120,Northwood Middle,N,              63,,              63
2025-2026,86,Smyth County,120,Northwood Middle,Y,              95,,              95
2025-2026,86,Smyth County,690,Oak Point Elementary,N,             156,,             156
2025-2026,86,Smyth County,690,Oak Point Elementary,Y,             189,,             189
2025-2026,86,Smyth County,720,Rich Valley Elementary,N,              63,,              63
2025-2026,86,Smyth County,720,Rich Valley Elementary,Y,              70,,              70
2025-2026,86,Smyth County,740,Saltville Elementary,N,              60,,              60
2025-2026,86,Smyth County,740,Saltville Elementary,Y,             129,,             129
2025-2026,86,Smyth County,770,Smyth County Virtual,N,             123,,             123
2025-2026,86,Smyth County,770,Smyth County Virtual,Y,              58,,              58
2025-2026,86,Smyth County,555,Sugar Grove Elementary,N,              41,,              41
2025-2026,86,Smyth County,555,Sugar Grove Elementary,Y,              47,,              47
2025-2026,87,Southampton County,710,Capron Elementary,N,              81,,              81
2025-2026,87,Southampton County,710,Capron Elementary,Y,              90,,              90
2025-2026,87,Southampton County,20,Meherrin Elementary,N,             105,,             105
2025-2026,87,Southampton County,20,Meherrin Elementary,Y,             115,,             115
2025-2026,87,Southampton County,10,Nottoway Elementary,N,             144,,             144
2025-2026,87,Southampton County,10,Nottoway Elementary,Y,              85,,              85
2025-2026,87,Southampton County,780,Riverdale Elementary,N,             309,,             309
2025-2026,87,Southampton County,780,Riverdale Elementary,Y,             276,,             276
2025-2026,87,Southampton County,690,Southampton High,N,             401,,             401
2025-2026,87,Southampton County,690,Southampton High,Y,             281,,             281
2025-2026,87,Southampton County,700,Southampton Middle,N,             269,,             269
2025-2026,87,Southampton County,700,Southampton Middle,Y,             206,,             206
2025-2026,88,Spotsylvania County,10,Battlefield Elementary,N,             399,,             399
2025-2026,88,Spotsylvania County,10,Battlefield Elementary,Y,             262,,             262
2025-2026,88,Spotsylvania County,50,Battlefield Middle,N,             453,,             453
2025-2026,88,Spotsylvania County,50,Battlefield Middle,Y,             327,,             327
2025-2026,88,Spotsylvania County,340,Berkeley Elementary,N,             162,<,             164
2025-2026,88,Spotsylvania County,340,Berkeley Elementary,Y,             118,<,             120
2025-2026,88,Spotsylvania County,400,Brock Road Elementary,N,             485,              10,             495
2025-2026,88,Spotsylvania County,400,Brock Road Elementary,Y,             166,<,             169
2025-2026,88,Spotsylvania County,511,Cedar Forest Elementary,N,             438,<,             444
2025-2026,88,Spotsylvania County,511,Cedar Forest Elementary,Y,             294,<,             300
2025-2026,88,Spotsylvania County,40,Chancellor Elementary,N,             336,,             336
2025-2026,88,Spotsylvania County,40,Chancellor Elementary,Y,              68,,              68
2025-2026,88,Spotsylvania County,381,Chancellor High,N,             794,,             794
2025-2026,88,Spotsylvania County,381,Chancellor High,Y,             474,,             474
2025-2026,88,Spotsylvania County,382,Chancellor Middle,N,             495,,             495
2025-2026,88,Spotsylvania County,382,Chancellor Middle,Y,             335,,             335
2025-2026,88,Spotsylvania County,501,Courthouse Road Elementary,N,             471,<,             475
2025-2026,88,Spotsylvania County,501,Courthouse Road Elementary,Y,             270,<,             271
2025-2026,88,Spotsylvania County,22,Courtland Elementary,N,             405,              13,             418
2025-2026,88,Spotsylvania County,22,Courtland Elementary,Y,             165,<,             170
2025-2026,88,Spotsylvania County,20,Courtland High,N,"           1,032",<,"           1,034"
2025-2026,88,Spotsylvania County,20,Courtland High,Y,             384,<,             386
2025-2026,88,Spotsylvania County,509,Freedom Middle,N,             480,<,             481
2025-2026,88,Spotsylvania County,509,Freedom Middle,Y,             261,<,             264
2025-2026,88,Spotsylvania County,507,Harrison Road Elementary,N,             363,              16,             379
2025-2026,88,Spotsylvania County,507,Harrison Road Elementary,Y,             335,<,             340
2025-2026,88,Spotsylvania County,30,Lee Hill Elementary,N,             368,<,             373
2025-2026,88,Spotsylvania County,30,Lee Hill Elementary,Y,             298,<,             301
2025-2026,88,Spotsylvania County,350,Livingston Elementary,N,             258,<,             260
2025-2026,88,Spotsylvania County,350,Livingston Elementary,Y,             212,<,             213
2025-2026,88,Spotsylvania County,506,Massaponax High,N,"           1,128",,"           1,128"
2025-2026,88,Spotsylvania County,506,Massaponax High,Y,             611,<,             613
2025-2026,88,Spotsylvania County,505,Ni River Middle,N,             543,,             543
2025-2026,88,Spotsylvania County,505,Ni River Middle,Y,             135,,             135
2025-2026,88,Spotsylvania County,508,Parkside Elementary,N,             586,<,             589
2025-2026,88,Spotsylvania County,508,Parkside Elementary,Y,             368,<,             371
2025-2026,88,Spotsylvania County,220,Post Oak Middle,N,             433,,             433
2025-2026,88,Spotsylvania County,220,Post Oak Middle,Y,             255,,             255
2025-2026,88,Spotsylvania County,510,Riverbend High ,N,"           1,492",<,"           1,497"
2025-2026,88,Spotsylvania County,510,Riverbend High ,Y,             411,<,             412
2025-2026,88,Spotsylvania County,503,Riverview Elementary,N,             427,              19,             446
2025-2026,88,Spotsylvania County,503,Riverview Elementary,Y,             269,<,             274
2025-2026,88,Spotsylvania County,60,Salem Elementary,N,             261,,             261
2025-2026,88,Spotsylvania County,60,Salem Elementary,Y,             285,,             285
2025-2026,88,Spotsylvania County,390,Smith Station Elementary,N,             386,              11,             397
2025-2026,88,Spotsylvania County,390,Smith Station Elementary,Y,             275,<,             279
2025-2026,88,Spotsylvania County,360,Spotswood Elementary,N,             265,,             265
2025-2026,88,Spotsylvania County,360,Spotswood Elementary,Y,             288,,             288
2025-2026,88,Spotsylvania County,130,Spotsylvania Elementary,N,             418,<,             420
2025-2026,88,Spotsylvania County,130,Spotsylvania Elementary,Y,             211,<,             215
2025-2026,88,Spotsylvania County,370,Spotsylvania High,N,             913,<,             916
2025-2026,88,Spotsylvania County,370,Spotsylvania High,Y,             434,,             434
2025-2026,88,Spotsylvania County,330,Spotsylvania Middle,N,             760,,             760
2025-2026,88,Spotsylvania County,330,Spotsylvania Middle,Y,             302,,             302
2025-2026,88,Spotsylvania County,502,Thornburg Middle,N,             475,,             475
2025-2026,88,Spotsylvania County,502,Thornburg Middle,Y,             234,,             234
2025-2026,88,Spotsylvania County,504,Wilderness Elementary,N,             399,<,             407
2025-2026,88,Spotsylvania County,504,Wilderness Elementary,Y,             244,<,             249
2025-2026,89,Stafford County,40,Andrew G. Wright Middle,N,             568,<,             571
2025-2026,89,Stafford County,40,Andrew G. Wright Middle,Y,             264,,             264
2025-2026,89,Stafford County,260,Anne E. Moncure Elementary,N,             362,,             362
2025-2026,89,Stafford County,260,Anne E. Moncure Elementary,Y,             455,,             455
2025-2026,89,Stafford County,433,Anthony Burns Elementary,N,             393,,             393
2025-2026,89,Stafford County,433,Anthony Burns Elementary,Y,             300,,             300
2025-2026,89,Stafford County,421,Brooke Point High,N,"           1,241",<,"           1,242"
2025-2026,89,Stafford County,421,Brooke Point High,Y,             900,,             900
2025-2026,89,Stafford County,424,Colonial Forge High,N,"           1,530",<,"           1,532"
2025-2026,89,Stafford County,424,Colonial Forge High,Y,             694,<,             695
2025-2026,89,Stafford County,431,Conway Elementary,N,             480,,             480
2025-2026,89,Stafford County,431,Conway Elementary,Y,             413,,             413
2025-2026,89,Stafford County,432,Donald B. Dixon-Lyle R. Smith Middle,N,             601,<,             603
2025-2026,89,Stafford County,432,Donald B. Dixon-Lyle R. Smith Middle,Y,             308,<,             309
2025-2026,89,Stafford County,10,Edward E. Drew Jr. Middle,N,             353,,             353
2025-2026,89,Stafford County,10,Edward E. Drew Jr. Middle,Y,             262,,             262
2025-2026,89,Stafford County,280,Falmouth Elementary,N,             401,,             401
2025-2026,89,Stafford County,280,Falmouth Elementary,Y,             336,,             336
2025-2026,89,Stafford County,230,Ferry Farm Elementary,N,             322,,             322
2025-2026,89,Stafford County,230,Ferry Farm Elementary,Y,             263,,             263
2025-2026,89,Stafford County,41,Garrisonville Elementary,N,             445,<,             446
2025-2026,89,Stafford County,41,Garrisonville Elementary,Y,             267,,             267
2025-2026,89,Stafford County,270,Grafton Village Elementary,N,             462,,             462
2025-2026,89,Stafford County,270,Grafton Village Elementary,Y,             254,,             254
2025-2026,89,Stafford County,422,H.H. Poole Middle,N,             600,<,             601
2025-2026,89,Stafford County,422,H.H. Poole Middle,Y,             387,,             387
2025-2026,89,Stafford County,320,Hampton Oaks Elementary,N,             571,<,             572
2025-2026,89,Stafford County,320,Hampton Oaks Elementary,Y,             260,,             260
2025-2026,89,Stafford County,250,Hartwood Elementary,N,             429,<,             433
2025-2026,89,Stafford County,250,Hartwood Elementary,Y,             195,<,             196
2025-2026,89,Stafford County,427,Kate Waller Barrett Elementary,N,             391,<,             393
2025-2026,89,Stafford County,427,Kate Waller Barrett Elementary,Y,             475,,             475
2025-2026,89,Stafford County,429,Margaret Brent Elementary ,N,             617,,             617
2025-2026,89,Stafford County,429,Margaret Brent Elementary ,Y,             169,,             169
2025-2026,89,Stafford County,430,Mountain View High ,N,"           1,725",<,"           1,730"
2025-2026,89,Stafford County,430,Mountain View High ,Y,             522,,             522
2025-2026,89,Stafford County,30,North Stafford High,N,"           1,073",<,"           1,074"
2025-2026,89,Stafford County,30,North Stafford High,Y,             834,,             834
2025-2026,89,Stafford County,992,North Star Early Childhood Education Center,N,             142,<,             150
2025-2026,89,Stafford County,992,North Star Early Childhood Education Center,Y,             170,<,             175
2025-2026,89,Stafford County,300,Park Ridge Elementary,N,             611,,             611
2025-2026,89,Stafford County,300,Park Ridge Elementary,Y,             274,,             274
2025-2026,89,Stafford County,920,Rising Star Early Childhood Education Center at Melchers,N,             106,              21,             127
2025-2026,89,Stafford County,920,Rising Star Early Childhood Education Center at Melchers,Y,             135,              19,             154
2025-2026,89,Stafford County,60,Rockhill Elementary,N,             386,,             386
2025-2026,89,Stafford County,60,Rockhill Elementary,Y,             247,,             247
2025-2026,89,Stafford County,425,Rocky Run Elementary,N,             486,,             486
2025-2026,89,Stafford County,425,Rocky Run Elementary,Y,             446,,             446
2025-2026,89,Stafford County,426,Rodney E. Thompson Middle,N,             819,<,             820
2025-2026,89,Stafford County,426,Rodney E. Thompson Middle,Y,             243,,             243
2025-2026,89,Stafford County,440,Shirley C. Heim Middle,N,             459,<,             461
2025-2026,89,Stafford County,440,Shirley C. Heim Middle,Y,             484,,             484
2025-2026,89,Stafford County,111,Stafford Elementary,N,             533,,             533
2025-2026,89,Stafford County,111,Stafford Elementary,Y,             381,,             381
2025-2026,89,Stafford County,112,Stafford Middle,N,             520,<,             523
2025-2026,89,Stafford County,112,Stafford Middle,Y,             451,,             451
2025-2026,89,Stafford County,20,Stafford Senior High,N,"           1,382",,"           1,382"
2025-2026,89,Stafford County,20,Stafford Senior High,Y,             802,,             802
2025-2026,89,Stafford County,162,T. Benton Gayle Middle,N,             586,<,             587
2025-2026,89,Stafford County,162,T. Benton Gayle Middle,Y,             372,,             372
2025-2026,89,Stafford County,50,Widewater Elementary,N,             406,,             406
2025-2026,89,Stafford County,50,Widewater Elementary,Y,             325,,             325
2025-2026,89,Stafford County,423,Winding Creek Elementary,N,             549,,             549
2025-2026,89,Stafford County,423,Winding Creek Elementary,Y,             294,,             294
2025-2026,126,Staunton City,40,Arthur R. Ware Elementary,N,             159,,             159
2025-2026,126,Staunton City,40,Arthur R. Ware Elementary,Y,             191,,             191
2025-2026,126,Staunton City,70,Bessie Weller Elementary,N,             142,,             142
2025-2026,126,Staunton City,70,Bessie Weller Elementary,Y,             266,,             266
2025-2026,126,Staunton City,110,Shelburne Middle,N,             272,,             272
2025-2026,126,Staunton City,110,Shelburne Middle,Y,             308,,             308
2025-2026,126,Staunton City,41,Staunton City School PreSchool Programs,N,              58,,              58
2025-2026,126,Staunton City,41,Staunton City School PreSchool Programs,Y,              91,,              91
2025-2026,126,Staunton City,30,Staunton High,N,             415,,             415
2025-2026,126,Staunton City,30,Staunton High,Y,             397,,             397
2025-2026,126,Staunton City,90,Thomas C. McSwain Elementary,N,             226,,             226
2025-2026,126,Staunton City,90,Thomas C. McSwain Elementary,Y,             224,,             224
2025-2026,127,Suffolk City,50,Booker T. Washington Elementary,N,             192,,             192
2025-2026,127,Suffolk City,50,Booker T. Washington Elementary,Y,             277,,             277
2025-2026,127,Suffolk City,397,Colonel Fred Cherry Middle,N,             506,,             506
2025-2026,127,Suffolk City,397,Colonel Fred Cherry Middle,Y,             227,,             227
2025-2026,127,Suffolk City,440,Creekside Elementary,N,             482,,             482
2025-2026,127,Suffolk City,440,Creekside Elementary,Y,             278,,             278
2025-2026,127,Suffolk City,210,Elephant's Fork Elementary,N,             309,,             309
2025-2026,127,Suffolk City,210,Elephant's Fork Elementary,Y,             331,,             331
2025-2026,127,Suffolk City,90,Florence Bowser Elementary,N,             665,,             665
2025-2026,127,Suffolk City,90,Florence Bowser Elementary,Y,             243,,             243
2025-2026,127,Suffolk City,390,Forest Glen Middle,N,             280,,             280
2025-2026,127,Suffolk City,390,Forest Glen Middle,Y,             158,,             158
2025-2026,127,Suffolk City,450,Hillpoint Elementary,N,             423,,             423
2025-2026,127,Suffolk City,450,Hillpoint Elementary,Y,             370,,             370
2025-2026,127,Suffolk City,370,John F. Kennedy Middle,N,             211,,             211
2025-2026,127,Suffolk City,370,John F. Kennedy Middle,Y,             264,,             264
2025-2026,127,Suffolk City,380,John Yeates Middle,N,             444,,             444
2025-2026,127,Suffolk City,380,John Yeates Middle,Y,              99,,              99
2025-2026,127,Suffolk City,230,Kilby Shores Elementary,N,             290,,             290
2025-2026,127,Suffolk City,230,Kilby Shores Elementary,Y,             181,,             181
2025-2026,127,Suffolk City,395,King's Fork High,N,"           1,032",,"           1,032"
2025-2026,127,Suffolk City,395,King's Fork High,Y,             661,,             661
2025-2026,127,Suffolk City,393,King's Fork Middle,N,             511,,             511
2025-2026,127,Suffolk City,393,King's Fork Middle,Y,             431,,             431
2025-2026,127,Suffolk City,300,Lakeland High,N,             644,<,             647
2025-2026,127,Suffolk City,300,Lakeland High,Y,             418,,             418
2025-2026,127,Suffolk City,330,Mack Benn Jr. Elementary,N,             320,,             320
2025-2026,127,Suffolk City,330,Mack Benn Jr. Elementary,Y,             402,,             402
2025-2026,127,Suffolk City,220,Nansemond Parkway Elementary,N,             275,,             275
2025-2026,127,Suffolk City,220,Nansemond Parkway Elementary,Y,             162,,             162
2025-2026,127,Suffolk City,240,Nansemond River High,N,"           1,331",,"           1,331"
2025-2026,127,Suffolk City,240,Nansemond River High,Y,             378,,             378
2025-2026,127,Suffolk City,391,Northern Shores Elementary,N,             601,,             601
2025-2026,127,Suffolk City,391,Northern Shores Elementary,Y,             202,,             202
2025-2026,127,Suffolk City,70,Oakland Elementary,N,             304,,             304
2025-2026,127,Suffolk City,70,Oakland Elementary,Y,             129,,             129
2025-2026,127,Suffolk City,47,Southwestern Elementary,N,             373,,             373
2025-2026,127,Suffolk City,47,Southwestern Elementary,Y,             198,,             198
2025-2026,90,Surry County,30,Luther P. Jackson Middle,N,              95,,              95
2025-2026,90,Surry County,30,Luther P. Jackson Middle,Y,             111,,             111
2025-2026,90,Surry County,10,Surry County High,N,              95,,              95
2025-2026,90,Surry County,10,Surry County High,Y,              98,,              98
2025-2026,90,Surry County,20,Surry Elementary,N,             126,,             126
2025-2026,90,Surry County,20,Surry Elementary,Y,             175,,             175
2025-2026,91,Sussex County,483,Sussex Central Elementary,N,             102,,             102
2025-2026,91,Sussex County,483,Sussex Central Elementary,Y,             383,,             383
2025-2026,91,Sussex County,340,Sussex Central High,N,             120,,             120
2025-2026,91,Sussex County,340,Sussex Central High,Y,             200,,             200
2025-2026,91,Sussex County,482,Sussex Central Middle,N,              75,,              75
2025-2026,91,Sussex County,482,Sussex Central Middle,Y,             163,,             163
2025-2026,92,Tazewell County,1020,Abb's Valley-Boissevain Elementary,N,              55,,              55
2025-2026,92,Tazewell County,1020,Abb's Valley-Boissevain Elementary,Y,              82,,              82
2025-2026,92,Tazewell County,830,Cedar Bluff Elementary,N,             117,,             117
2025-2026,92,Tazewell County,830,Cedar Bluff Elementary,Y,             201,,             201
2025-2026,92,Tazewell County,750,Dudley Primary,N,             104,,             104
2025-2026,92,Tazewell County,750,Dudley Primary,Y,              97,,              97
2025-2026,92,Tazewell County,940,Graham High,N,             253,,             253
2025-2026,92,Tazewell County,940,Graham High,Y,             214,,             214
2025-2026,92,Tazewell County,960,Graham Intermediate,N,             196,,             196
2025-2026,92,Tazewell County,960,Graham Intermediate,Y,             203,,             203
2025-2026,92,Tazewell County,10,Graham Middle,N,             174,,             174
2025-2026,92,Tazewell County,10,Graham Middle,Y,             167,,             167
2025-2026,92,Tazewell County,822,Richlands Elementary,N,             187,,             187
2025-2026,92,Tazewell County,822,Richlands Elementary,Y,             389,,             389
2025-2026,92,Tazewell County,821,Richlands High,N,             230,,             230
2025-2026,92,Tazewell County,821,Richlands High,Y,             329,,             329
2025-2026,92,Tazewell County,823,Richlands Middle,N,             154,,             154
2025-2026,92,Tazewell County,823,Richlands Middle,Y,             275,,             275
2025-2026,92,Tazewell County,890,Tazewell High,N,             204,,             204
2025-2026,92,Tazewell County,890,Tazewell High,Y,             292,,             292
2025-2026,92,Tazewell County,450,Tazewell Intermediate,N,             114,,             114
2025-2026,92,Tazewell County,450,Tazewell Intermediate,Y,             256,,             256
2025-2026,92,Tazewell County,100,Tazewell Middle,N,             135,,             135
2025-2026,92,Tazewell County,100,Tazewell Middle,Y,             250,,             250
2025-2026,92,Tazewell County,1030,Tazewell Primary,N,             142,,             142
2025-2026,92,Tazewell County,1030,Tazewell Primary,Y,             238,,             238
2025-2026,128,Virginia Beach City,590,Alanton Elementary,N,             358,,             358
2025-2026,128,Virginia Beach City,590,Alanton Elementary,Y,             254,,             254
2025-2026,128,Virginia Beach City,550,Arrowhead Elementary,N,             227,,             227
2025-2026,128,Virginia Beach City,550,Arrowhead Elementary,Y,             223,,             223
2025-2026,128,Virginia Beach City,280,Bayside Elementary,N,             216,,             216
2025-2026,128,Virginia Beach City,280,Bayside Elementary,Y,             225,,             225
2025-2026,128,Virginia Beach City,530,Bayside High,N,             851,,             851
2025-2026,128,Virginia Beach City,530,Bayside High,Y,"           1,047",,"           1,047"
2025-2026,128,Virginia Beach City,700,Bayside Middle,N,             330,,             330
2025-2026,128,Virginia Beach City,700,Bayside Middle,Y,             608,,             608
2025-2026,128,Virginia Beach City,60,Birdneck Elementary,N,             279,,             279
2025-2026,128,Virginia Beach City,60,Birdneck Elementary,Y,             354,,             354
2025-2026,128,Virginia Beach City,790,Brandon Middle,N,             523,,             523
2025-2026,128,Virginia Beach City,790,Brandon Middle,Y,             522,,             522
2025-2026,128,Virginia Beach City,630,Brookwood Elementary,N,             298,,             298
2025-2026,128,Virginia Beach City,630,Brookwood Elementary,Y,             305,,             305
2025-2026,128,Virginia Beach City,40,Centerville Elementary,N,             346,,             346
2025-2026,128,Virginia Beach City,40,Centerville Elementary,Y,             173,,             173
2025-2026,128,Virginia Beach City,990,Christopher Farms Elementary,N,             384,,             384
2025-2026,128,Virginia Beach City,990,Christopher Farms Elementary,Y,             221,,             221
2025-2026,128,Virginia Beach City,720,College Park Elementary,N,             177,,             177
2025-2026,128,Virginia Beach City,720,College Park Elementary,Y,             331,,             331
2025-2026,128,Virginia Beach City,1041,Corporate Landing Elementary,N,             166,,             166
2025-2026,128,Virginia Beach City,1041,Corporate Landing Elementary,Y,             234,,             234
2025-2026,128,Virginia Beach City,980,Corporate Landing Middle,N,             513,,             513
2025-2026,128,Virginia Beach City,980,Corporate Landing Middle,Y,             488,,             488
2025-2026,128,Virginia Beach City,230,Creeds Elementary,N,             259,,             259
2025-2026,128,Virginia Beach City,230,Creeds Elementary,Y,              88,,              88
2025-2026,128,Virginia Beach City,106,Diamond Springs Elementary,N,             140,,             140
2025-2026,128,Virginia Beach City,106,Diamond Springs Elementary,Y,             320,,             320
2025-2026,128,Virginia Beach City,780,Fairfield Elementary,N,             291,,             291
2025-2026,128,Virginia Beach City,780,Fairfield Elementary,Y,             209,,             209
2025-2026,128,Virginia Beach City,610,First Colonial High,N,"           1,037",,"           1,037"
2025-2026,128,Virginia Beach City,610,First Colonial High,Y,             677,,             677
2025-2026,128,Virginia Beach City,440,Floyd Kellam High,N,"           1,587",,"           1,587"
2025-2026,128,Virginia Beach City,440,Floyd Kellam High,Y,             292,,             292
2025-2026,128,Virginia Beach City,30,Frank W. Cox High,N,"           1,142",,"           1,142"
2025-2026,128,Virginia Beach City,30,Frank W. Cox High,Y,             483,,             483
2025-2026,128,Virginia Beach City,870,Glenwood Elementary,N,             476,,             476
2025-2026,128,Virginia Beach City,870,Glenwood Elementary,Y,             414,,             414
2025-2026,128,Virginia Beach City,430,Great Neck Middle,N,             780,,             780
2025-2026,128,Virginia Beach City,430,Great Neck Middle,Y,             292,,             292
2025-2026,128,Virginia Beach City,1050,Green Run Collegiate,N,             206,,             206
2025-2026,128,Virginia Beach City,1050,Green Run Collegiate,Y,             195,,             195
2025-2026,128,Virginia Beach City,770,Green Run Elementary,N,             138,,             138
2025-2026,128,Virginia Beach City,770,Green Run Elementary,Y,             202,,             202
2025-2026,128,Virginia Beach City,10,Green Run High,N,             600,,             600
2025-2026,128,Virginia Beach City,10,Green Run High,Y,             831,,             831
2025-2026,128,Virginia Beach City,540,Hermitage Elementary,N,             320,,             320
2025-2026,128,Virginia Beach City,540,Hermitage Elementary,Y,             228,,             228
2025-2026,128,Virginia Beach City,600,Holland Elementary,N,             144,,             144
2025-2026,128,Virginia Beach City,600,Holland Elementary,Y,             288,,             288
2025-2026,128,Virginia Beach City,740,Independence Middle,N,             563,,             563
2025-2026,128,Virginia Beach City,740,Independence Middle,Y,             615,,             615
2025-2026,128,Virginia Beach City,800,Indian Lakes Elementary,N,             263,,             263
2025-2026,128,Virginia Beach City,800,Indian Lakes Elementary,Y,             186,,             186
2025-2026,128,Virginia Beach City,360,John B. Dey Elementary,N,             591,,             591
2025-2026,128,Virginia Beach City,360,John B. Dey Elementary,Y,             167,,             167
2025-2026,128,Virginia Beach City,450,Kempsville Elementary,N,             276,,             276
2025-2026,128,Virginia Beach City,450,Kempsville Elementary,Y,             278,,             278
2025-2026,128,Virginia Beach City,620,Kempsville High,N,"           1,090",,"           1,090"
2025-2026,128,Virginia Beach City,620,Kempsville High,Y,             894,,             894
2025-2026,128,Virginia Beach City,410,Kempsville Meadows Elementary,N,             234,,             234
2025-2026,128,Virginia Beach City,410,Kempsville Meadows Elementary,Y,             216,,             216
2025-2026,128,Virginia Beach City,690,Kempsville Middle,N,             474,,             474
2025-2026,128,Virginia Beach City,690,Kempsville Middle,Y,             366,,             366
2025-2026,128,Virginia Beach City,420,King's Grant Elementary,N,             254,,             254
2025-2026,128,Virginia Beach City,420,King's Grant Elementary,Y,             207,,             207
2025-2026,128,Virginia Beach City,580,Kingston Elementary,N,             452,,             452
2025-2026,128,Virginia Beach City,580,Kingston Elementary,Y,              85,,              85
2025-2026,128,Virginia Beach City,932,Landstown Elementary,N,             370,,             370
2025-2026,128,Virginia Beach City,932,Landstown Elementary,Y,             277,,             277
2025-2026,128,Virginia Beach City,1030,Landstown High,N,"           1,238",,"           1,238"
2025-2026,128,Virginia Beach City,1030,Landstown High,Y,             832,,             832
2025-2026,128,Virginia Beach City,931,Landstown Middle,N,             709,,             709
2025-2026,128,Virginia Beach City,931,Landstown Middle,Y,             548,,             548
2025-2026,128,Virginia Beach City,970,Larkspur Middle,N,             616,,             616
2025-2026,128,Virginia Beach City,970,Larkspur Middle,Y,             740,,             740
2025-2026,128,Virginia Beach City,330,Linkhorn Park Elementary,N,             309,,             309
2025-2026,128,Virginia Beach City,330,Linkhorn Park Elementary,Y,             258,,             258
2025-2026,128,Virginia Beach City,460,Luxford Elementary,N,             189,,             189
2025-2026,128,Virginia Beach City,460,Luxford Elementary,Y,             256,,             256
2025-2026,128,Virginia Beach City,520,Lynnhaven Elementary,N,             115,,             115
2025-2026,128,Virginia Beach City,520,Lynnhaven Elementary,Y,             205,,             205
2025-2026,128,Virginia Beach City,730,Lynnhaven Middle,N,             363,,             363
2025-2026,128,Virginia Beach City,730,Lynnhaven Middle,Y,             355,,             355
2025-2026,128,Virginia Beach City,500,Malibu Elementary,N,             221,,             221
2025-2026,128,Virginia Beach City,500,Malibu Elementary,Y,             164,,             164
2025-2026,128,Virginia Beach City,1020,New Castle Elementary,N,             501,,             501
2025-2026,128,Virginia Beach City,1020,New Castle Elementary,Y,             189,,             189
2025-2026,128,Virginia Beach City,710,Newtown Elementary,N,             104,,             104
2025-2026,128,Virginia Beach City,710,Newtown Elementary,Y,             302,,             302
2025-2026,128,Virginia Beach City,760,North Landing Elementary,N,             359,,             359
2025-2026,128,Virginia Beach City,760,North Landing Elementary,Y,              93,,              93
2025-2026,128,Virginia Beach City,880,Ocean Lakes Elementary,N,             332,,             332
2025-2026,128,Virginia Beach City,880,Ocean Lakes Elementary,Y,             169,,             169
2025-2026,128,Virginia Beach City,960,Ocean Lakes High,N,"           1,188",,"           1,188"
2025-2026,128,Virginia Beach City,960,Ocean Lakes High,Y,             617,,             617
2025-2026,128,Virginia Beach City,80,Old Donation School,N,"           1,147",,"           1,147"
2025-2026,128,Virginia Beach City,80,Old Donation School,Y,             210,,             210
2025-2026,128,Virginia Beach City,820,Parkway Elementary,N,             122,,             122
2025-2026,128,Virginia Beach City,820,Parkway Elementary,Y,             320,,             320
2025-2026,128,Virginia Beach City,490,Pembroke Elementary,N,             251,,             251
2025-2026,128,Virginia Beach City,490,Pembroke Elementary,Y,             255,,             255
2025-2026,128,Virginia Beach City,660,Pembroke Meadows Elementary,N,             280,,             280
2025-2026,128,Virginia Beach City,660,Pembroke Meadows Elementary,Y,             208,,             208
2025-2026,128,Virginia Beach City,640,Plaza Middle,N,             553,,             553
2025-2026,128,Virginia Beach City,640,Plaza Middle,Y,             469,,             469
2025-2026,128,Virginia Beach City,680,Point O' View Elementary,N,             232,,             232
2025-2026,128,Virginia Beach City,680,Point O' View Elementary,Y,             425,,             425
2025-2026,128,Virginia Beach City,340,Princess Anne Elementary,N,             610,,             610
2025-2026,128,Virginia Beach City,340,Princess Anne Elementary,Y,              75,,              75
2025-2026,128,Virginia Beach City,321,Princess Anne High,N,             968,,             968
2025-2026,128,Virginia Beach City,321,Princess Anne High,Y,             606,,             606
2025-2026,128,Virginia Beach City,750,Princess Anne Middle,N,"           1,161",,"           1,161"
2025-2026,128,Virginia Beach City,750,Princess Anne Middle,Y,             210,,             210
2025-2026,128,Virginia Beach City,692,Providence Elementary,N,             323,,             323
2025-2026,128,Virginia Beach City,692,Providence Elementary,Y,             223,,             223
2025-2026,128,Virginia Beach City,900,Red Mill Elementary,N,             448,,             448
2025-2026,128,Virginia Beach City,900,Red Mill Elementary,Y,              82,,              82
2025-2026,128,Virginia Beach City,810,Rosemont Elementary,N,             171,,             171
2025-2026,128,Virginia Beach City,810,Rosemont Elementary,Y,             204,,             204
2025-2026,128,Virginia Beach City,840,Rosemont Forest Elementary,N,             350,,             350
2025-2026,128,Virginia Beach City,840,Rosemont Forest Elementary,Y,             150,,             150
2025-2026,128,Virginia Beach City,830,Salem Elementary,N,             347,,             347
2025-2026,128,Virginia Beach City,830,Salem Elementary,Y,             191,,             191
2025-2026,128,Virginia Beach City,850,Salem High,N,"           1,078",,"           1,078"
2025-2026,128,Virginia Beach City,850,Salem High,Y,             631,,             631
2025-2026,128,Virginia Beach City,50,Salem Middle,N,             667,,             667
2025-2026,128,Virginia Beach City,50,Salem Middle,Y,             438,,             438
2025-2026,128,Virginia Beach City,290,Seatack Elementary an Achievable Dream Academy,N,              59,,              59
2025-2026,128,Virginia Beach City,290,Seatack Elementary an Achievable Dream Academy,Y,             295,,             295
2025-2026,128,Virginia Beach City,300,Shelton Park Elementary,N,             241,,             241
2025-2026,128,Virginia Beach City,300,Shelton Park Elementary,Y,             189,,             189
2025-2026,128,Virginia Beach City,940,Strawbridge Elementary,N,             454,,             454
2025-2026,128,Virginia Beach City,940,Strawbridge Elementary,Y,             134,,             134
2025-2026,128,Virginia Beach City,910,Tallwood Elementary,N,             329,,             329
2025-2026,128,Virginia Beach City,910,Tallwood Elementary,Y,             288,,             288
2025-2026,128,Virginia Beach City,920,Tallwood High,N,             967,,             967
2025-2026,128,Virginia Beach City,920,Tallwood High,Y,             892,,             892
2025-2026,128,Virginia Beach City,350,Thalia Elementary,N,             291,,             291
2025-2026,128,Virginia Beach City,350,Thalia Elementary,Y,             309,,             309
2025-2026,128,Virginia Beach City,400,Thoroughgood Elementary,N,             571,,             571
2025-2026,128,Virginia Beach City,400,Thoroughgood Elementary,Y,             161,,             161
2025-2026,128,Virginia Beach City,100,Three Oaks Elementary,N,             534,,             534
2025-2026,128,Virginia Beach City,100,Three Oaks Elementary,Y,             139,,             139
2025-2026,128,Virginia Beach City,510,Trantwood Elementary,N,             429,,             429
2025-2026,128,Virginia Beach City,510,Trantwood Elementary,Y,             135,,             135
2025-2026,128,Virginia Beach City,140,Virginia Beach Middle,N,             408,,             408
2025-2026,128,Virginia Beach City,140,Virginia Beach Middle,Y,             350,,             350
2025-2026,128,Virginia Beach City,130,W.T. Cooke Elementary,N,             340,,             340
2025-2026,128,Virginia Beach City,130,W.T. Cooke Elementary,Y,             193,,             193
2025-2026,128,Virginia Beach City,20,White Oaks Elementary,N,             282,,             282
2025-2026,128,Virginia Beach City,20,White Oaks Elementary,Y,             383,,             383
2025-2026,128,Virginia Beach City,470,Williams Elementary,N,             116,,             116
2025-2026,128,Virginia Beach City,470,Williams Elementary,Y,             302,,             302
2025-2026,128,Virginia Beach City,670,Windsor Oaks Elementary,N,             260,,             260
2025-2026,128,Virginia Beach City,670,Windsor Oaks Elementary,Y,             255,,             255
2025-2026,128,Virginia Beach City,560,Windsor Woods Elementary,N,             278,,             278
2025-2026,128,Virginia Beach City,560,Windsor Woods Elementary,Y,             200,,             200
2025-2026,128,Virginia Beach City,390,Woodstock Elementary,N,             344,,             344
2025-2026,128,Virginia Beach City,390,Woodstock Elementary,Y,             314,,             314
2025-2026,93,Warren County,90,A.S. Rhodes Elementary,N,             140,,             140
2025-2026,93,Warren County,90,A.S. Rhodes Elementary,Y,             119,,             119
2025-2026,93,Warren County,140,E. Wilson Morrison Elementary,N,             185,,             185
2025-2026,93,Warren County,140,E. Wilson Morrison Elementary,Y,             280,,             280
2025-2026,93,Warren County,371,Hilda J. Barbour Elementary,N,             252,,             252
2025-2026,93,Warren County,371,Hilda J. Barbour Elementary,Y,             183,,             183
2025-2026,93,Warren County,20,Leslie Fox Keyser Elementary,N,             242,,             242
2025-2026,93,Warren County,20,Leslie Fox Keyser Elementary,Y,             230,,             230
2025-2026,93,Warren County,240,Ressie Jeffries Elementary,N,             279,,             279
2025-2026,93,Warren County,240,Ressie Jeffries Elementary,Y,             325,,             325
2025-2026,93,Warren County,250,Skyline High,N,             417,<,             421
2025-2026,93,Warren County,250,Skyline High,Y,             343,,             343
2025-2026,93,Warren County,260,Skyline Middle,N,             283,,             283
2025-2026,93,Warren County,260,Skyline Middle,Y,             270,,             270
2025-2026,93,Warren County,230,Warren County High,N,             459,<,             460
2025-2026,93,Warren County,230,Warren County High,Y,             308,,             308
2025-2026,93,Warren County,280,Warren County Middle,N,             335,,             335
2025-2026,93,Warren County,280,Warren County Middle,Y,             212,,             212
2025-2026,94,Washington County,1080,Abingdon Elementary,N,             272,,             272
2025-2026,94,Washington County,1080,Abingdon Elementary,Y,             135,,             135
2025-2026,94,Washington County,1030,Abingdon High,N,             588,<,             591
2025-2026,94,Washington County,1030,Abingdon High,Y,             298,<,             300
2025-2026,94,Washington County,40,Damascus Middle,N,              96,,              96
2025-2026,94,Washington County,40,Damascus Middle,Y,              90,,              90
2025-2026,94,Washington County,1110,E.B. Stanley Middle,N,             433,,             433
2025-2026,94,Washington County,1110,E.B. Stanley Middle,Y,             207,,             207
2025-2026,94,Washington County,1090,Glade Spring Middle,N,             126,,             126
2025-2026,94,Washington County,1090,Glade Spring Middle,Y,             125,,             125
2025-2026,94,Washington County,260,Greendale Elementary,N,             130,,             130
2025-2026,94,Washington County,260,Greendale Elementary,Y,             129,,             129
2025-2026,94,Washington County,1070,High Point Elementary,N,             388,,             388
2025-2026,94,Washington County,1070,High Point Elementary,Y,             195,,             195
2025-2026,94,Washington County,1060,Holston High,N,             112,<,             114
2025-2026,94,Washington County,1060,Holston High,Y,             118,,             118
2025-2026,94,Washington County,1040,John S. Battle High,N,             448,,             448
2025-2026,94,Washington County,1040,John S. Battle High,Y,             170,,             170
2025-2026,94,Washington County,20,Meadowview Elementary,N,             224,<,             225
2025-2026,94,Washington County,20,Meadowview Elementary,Y,             320,,             320
2025-2026,94,Washington County,1050,Patrick Henry High,N,             279,<,             284
2025-2026,94,Washington County,1050,Patrick Henry High,Y,              94,<,              95
2025-2026,94,Washington County,50,Rhea Valley Elementary,N,             173,,             173
2025-2026,94,Washington County,50,Rhea Valley Elementary,Y,             232,,             232
2025-2026,94,Washington County,1020,Valley Institute Elementary,N,             120,,             120
2025-2026,94,Washington County,1020,Valley Institute Elementary,Y,             147,,             147
2025-2026,94,Washington County,620,Wallace Middle,N,             261,,             261
2025-2026,94,Washington County,620,Wallace Middle,Y,             188,,             188
2025-2026,94,Washington County,1120,Washington County Virtual School,N,             236,,             236
2025-2026,94,Washington County,1120,Washington County Virtual School,Y,<,,<
2025-2026,94,Washington County,70,Watauga Elementary,N,             400,,             400
2025-2026,94,Washington County,70,Watauga Elementary,Y,             163,,             163
2025-2026,130,Waynesboro City,650,Berkeley Glenn Elementary ,N,             131,,             131
2025-2026,130,Waynesboro City,650,Berkeley Glenn Elementary ,Y,             134,,             134
2025-2026,130,Waynesboro City,640,Kate Collins Middle ,N,             304,,             304
2025-2026,130,Waynesboro City,640,Kate Collins Middle ,Y,             310,,             310
2025-2026,130,Waynesboro City,620,Wayne Hills Center,N,             102,,             102
2025-2026,130,Waynesboro City,620,Wayne Hills Center,Y,              84,,              84
2025-2026,130,Waynesboro City,600,Waynesboro High ,N,             503,,             503
2025-2026,130,Waynesboro City,600,Waynesboro High ,Y,             396,,             396
2025-2026,130,Waynesboro City,580,Wenonah Elementary ,N,              79,,              79
2025-2026,130,Waynesboro City,580,Wenonah Elementary ,Y,             156,,             156
2025-2026,130,Waynesboro City,630,Westwood Hills Elementary ,N,             234,,             234
2025-2026,130,Waynesboro City,630,Westwood Hills Elementary ,Y,             166,,             166
2025-2026,130,Waynesboro City,751,William Perry Elementary ,N,             176,,             176
2025-2026,130,Waynesboro City,751,William Perry Elementary ,Y,             238,,             238
2025-2026,207,West Point,280,West Point Elementary,N,             255,,             255
2025-2026,207,West Point,280,West Point Elementary,Y,             166,,             166
2025-2026,207,West Point,290,West Point Middle/High,N,             239,<,             240
2025-2026,207,West Point,290,West Point Middle/High,Y,             209,,             209
2025-2026,95,Westmoreland County,210,Cople Elementary,N,             124,,             124
2025-2026,95,Westmoreland County,210,Cople Elementary,Y,             209,,             209
2025-2026,95,Westmoreland County,300,Montross Middle,N,             163,,             163
2025-2026,95,Westmoreland County,300,Montross Middle,Y,             177,,             177
2025-2026,95,Westmoreland County,310,Washington District Elementary,N,             195,,             195
2025-2026,95,Westmoreland County,310,Washington District Elementary,Y,             230,,             230
2025-2026,95,Westmoreland County,120,Westmoreland High,N,             232,,             232
2025-2026,95,Westmoreland County,120,Westmoreland High,Y,             240,,             240
2025-2026,131,Williamsburg-James City County,60,Berkeley Middle,N,             462,,             462
2025-2026,131,Williamsburg-James City County,60,Berkeley Middle,Y,             185,,             185
2025-2026,131,Williamsburg-James City County,40,Clara Byrd Baker Elementary,N,             265,              20,             285
2025-2026,131,Williamsburg-James City County,40,Clara Byrd Baker Elementary,Y,             169,              46,             215
2025-2026,131,Williamsburg-James City County,80,D.J. Montague Elementary,N,             313,<,             321
2025-2026,131,Williamsburg-James City County,80,D.J. Montague Elementary,Y,             193,              11,             204
2025-2026,131,Williamsburg-James City County,190,J. Blaine Blayton Elementary,N,             293,              40,             333
2025-2026,131,Williamsburg-James City County,190,J. Blaine Blayton Elementary,Y,             163,              44,             207
2025-2026,131,Williamsburg-James City County,25,James Blair Middle,N,             313,,             313
2025-2026,131,Williamsburg-James City County,25,James Blair Middle,Y,             151,,             151
2025-2026,131,Williamsburg-James City County,201,James River Elementary,N,             193,,             193
2025-2026,131,Williamsburg-James City County,201,James River Elementary,Y,             252,,             252
2025-2026,131,Williamsburg-James City County,202,Jamestown High,N,             997,,             997
2025-2026,131,Williamsburg-James City County,202,Jamestown High,Y,             293,,             293
2025-2026,131,Williamsburg-James City County,90,Lafayette High,N,             777,,             777
2025-2026,131,Williamsburg-James City County,90,Lafayette High,Y,             422,,             422
2025-2026,131,Williamsburg-James City County,50,Laurel Lane Elementary,N,             335,              36,             371
2025-2026,131,Williamsburg-James City County,50,Laurel Lane Elementary,Y,             172,              24,             196
2025-2026,131,Williamsburg-James City County,191,Lois Hornsby Middle,N,             502,,             502
2025-2026,131,Williamsburg-James City County,191,Lois Hornsby Middle,Y,             258,,             258
2025-2026,131,Williamsburg-James City County,205,Matoaka Elementary,N,             424,,             424
2025-2026,131,Williamsburg-James City County,205,Matoaka Elementary,Y,             149,,             149
2025-2026,131,Williamsburg-James City County,10,Matthew Whaley Elementary,N,             261,,             261
2025-2026,131,Williamsburg-James City County,10,Matthew Whaley Elementary,Y,             212,,             212
2025-2026,131,Williamsburg-James City County,70,Norge Elementary,N,             361,              51,             412
2025-2026,131,Williamsburg-James City County,70,Norge Elementary,Y,             194,              51,             245
2025-2026,131,Williamsburg-James City County,203,Stonehouse Elementary,N,             636,,             636
2025-2026,131,Williamsburg-James City County,203,Stonehouse Elementary,Y,             205,,             205
2025-2026,131,Williamsburg-James City County,100,Toano Middle,N,             500,,             500
2025-2026,131,Williamsburg-James City County,100,Toano Middle,Y,             181,,             181
2025-2026,131,Williamsburg-James City County,204,Warhill High,N,             877,,             877
2025-2026,131,Williamsburg-James City County,204,Warhill High,Y,             438,,             438
2025-2026,132,Winchester City,75,Daniel Morgan Intermediate,N,             275,,             275
2025-2026,132,Winchester City,75,Daniel Morgan Intermediate,Y,             281,,             281
2025-2026,132,Winchester City,70,Daniel Morgan Middle,N,             337,,             337
2025-2026,132,Winchester City,70,Daniel Morgan Middle,Y,             285,,             285
2025-2026,132,Winchester City,80,Frederick Douglass Elementary,N,             213,,             213
2025-2026,132,Winchester City,80,Frederick Douglass Elementary,Y,             150,,             150
2025-2026,132,Winchester City,50,Garland R. Quarles Elementary,N,             231,,             231
2025-2026,132,Winchester City,50,Garland R. Quarles Elementary,Y,             174,,             174
2025-2026,132,Winchester City,40,John Handley High,N,             744,,             744
2025-2026,132,Winchester City,40,John Handley High,Y,             578,,             578
2025-2026,132,Winchester City,90,John Kerr Elementary,N,             316,,             316
2025-2026,132,Winchester City,90,John Kerr Elementary,Y,             261,,             261
2025-2026,132,Winchester City,20,Virginia Avenue Charlotte Dehart Elementary ,N,             180,,             180
2025-2026,132,Winchester City,20,Virginia Avenue Charlotte Dehart Elementary ,Y,             230,,             230
2025-2026,96,Wise County,1000,Central High,N,             340,,             340
2025-2026,96,Wise County,1000,Central High,Y,             310,,             310
2025-2026,96,Wise County,651,Coeburn Middle,N,              91,,              91
2025-2026,96,Wise County,651,Coeburn Middle,Y,             204,,             204
2025-2026,96,Wise County,653,Coeburn Primary,N,             127,,             127
2025-2026,96,Wise County,653,Coeburn Primary,Y,             325,,             325
2025-2026,96,Wise County,652,Eastside High,N,             144,,             144
2025-2026,96,Wise County,652,Eastside High,Y,             253,,             253
2025-2026,96,Wise County,73,J.W. Adams Combined,N,             233,,             233
2025-2026,96,Wise County,73,J.W. Adams Combined,Y,             245,,             245
2025-2026,96,Wise County,320,L.F. Addington Middle,N,             176,,             176
2025-2026,96,Wise County,320,L.F. Addington Middle,Y,             214,,             214
2025-2026,96,Wise County,871,St. Paul Elementary,N,             192,,             192
2025-2026,96,Wise County,871,St. Paul Elementary,Y,             295,,             295
2025-2026,96,Wise County,1010,Union High,N,             214,,             214
2025-2026,96,Wise County,1010,Union High,Y,             320,,             320
2025-2026,96,Wise County,1013,Union Middle,N,             209,,             209
2025-2026,96,Wise County,1013,Union Middle,Y,             321,,             321
2025-2026,96,Wise County,1012,Union Primary,N,             307,,             307
2025-2026,96,Wise County,1012,Union Primary,Y,             528,,             528
2025-2026,96,Wise County,1020,Wise Primary,N,             250,,             250
2025-2026,96,Wise County,1020,Wise Primary,Y,             332,,             332
2025-2026,97,Wythe County,760,Fort Chiswell High,N,             247,,             247
2025-2026,97,Wythe County,760,Fort Chiswell High,Y,             142,,             142
2025-2026,97,Wythe County,1073,Fort Chiswell Middle,N,             152,,             152
2025-2026,97,Wythe County,1073,Fort Chiswell Middle,Y,             147,,             147
2025-2026,97,Wythe County,721,George Wythe High,N,             235,,             235
2025-2026,97,Wythe County,721,George Wythe High,Y,             168,,             168
2025-2026,97,Wythe County,730,Jackson Memorial Elementary,N,             101,,             101
2025-2026,97,Wythe County,730,Jackson Memorial Elementary,Y,             126,,             126
2025-2026,97,Wythe County,100,Max Meadows Elementary,N,              99,<,             100
2025-2026,97,Wythe County,100,Max Meadows Elementary,Y,             122,,             122
2025-2026,97,Wythe County,201,Rural Retreat Elementary,N,             187,,             187
2025-2026,97,Wythe County,201,Rural Retreat Elementary,Y,             170,,             170
2025-2026,97,Wythe County,202,Rural Retreat High,N,             192,,             192
2025-2026,97,Wythe County,202,Rural Retreat High,Y,             113,,             113
2025-2026,97,Wythe County,1074,Rural Retreat Middle,N,             130,,             130
2025-2026,97,Wythe County,1074,Rural Retreat Middle,Y,             110,,             110
2025-2026,97,Wythe County,1075,Scott Memorial Middle,N,             171,,             171
2025-2026,97,Wythe County,1075,Scott Memorial Middle,Y,             137,,             137
2025-2026,97,Wythe County,740,Sheffey Elementary,N,             107,,             107
2025-2026,97,Wythe County,740,Sheffey Elementary,Y,             112,,             112
2025-2026,97,Wythe County,440,Speedwell Elementary,N,              59,,              59
2025-2026,97,Wythe County,440,Speedwell Elementary,Y,              63,,              63
2025-2026,97,Wythe County,190,Spiller Elementary,N,             283,,             283
2025-2026,97,Wythe County,190,Spiller Elementary,Y,             304,,             304
2025-2026,98,York County,180,Bethel Manor Elementary,N,             373,              15,             388
2025-2026,98,York County,180,Bethel Manor Elementary,Y,             237,              17,             254
2025-2026,98,York County,20,Bruton High,N,             522,,             522
2025-2026,98,York County,20,Bruton High,Y,             193,,             193
2025-2026,98,York County,90,Coventry Elementary,N,             434,<,             439
2025-2026,98,York County,90,Coventry Elementary,Y,             165,<,             167
2025-2026,98,York County,160,Dare Elementary,N,             282,<,             289
2025-2026,98,York County,160,Dare Elementary,Y,             109,<,             111
2025-2026,98,York County,140,Grafton Bethel Elementary,N,             439,<,             440
2025-2026,98,York County,140,Grafton Bethel Elementary,Y,             162,,             162
2025-2026,98,York County,332,Grafton High,N,             926,,             926
2025-2026,98,York County,332,Grafton High,Y,             294,,             294
2025-2026,98,York County,333,Grafton Middle,N,             717,,             717
2025-2026,98,York County,333,Grafton Middle,Y,             247,,             247
2025-2026,98,York County,10,Magruder Elementary,N,             384,              12,             396
2025-2026,98,York County,10,Magruder Elementary,Y,             197,<,             201
2025-2026,98,York County,80,Mount Vernon Elementary ,N,             444,,             444
2025-2026,98,York County,80,Mount Vernon Elementary ,Y,             107,,             107
2025-2026,98,York County,200,Queens Lake Middle,N,             400,,             400
2025-2026,98,York County,200,Queens Lake Middle,Y,             187,,             187
2025-2026,98,York County,170,Seaford Elementary,N,             372,<,             380
2025-2026,98,York County,170,Seaford Elementary,Y,             155,<,             159
2025-2026,98,York County,50,Tabb Elementary,N,             509,              16,             525
2025-2026,98,York County,50,Tabb Elementary,Y,             186,<,             193
2025-2026,98,York County,230,Tabb High,N,             920,,             920
2025-2026,98,York County,230,Tabb High,Y,             262,,             262
2025-2026,98,York County,190,Tabb Middle,N,             745,,             745
2025-2026,98,York County,190,Tabb Middle,Y,             270,,             270
2025-2026,98,York County,220,Waller Mill Elementary,N,             326,              12,             338
2025-2026,98,York County,220,Waller Mill Elementary,Y,             160,<,             165
2025-2026,98,York County,30,York High,N,             727,,             727
2025-2026,98,York County,30,York High,Y,             245,,             245
2025-2026,98,York County,335,York River Academy,N,              40,,              40
2025-2026,98,York County,335,York River Academy,Y,              20,,              20
2025-2026,98,York County,210,Yorktown Elementary,N,             333,              13,             346
2025-2026,98,York County,210,Yorktown Elementary,Y,             284,              10,             294
2025-2026,98,York County,60,Yorktown Middle,N,             491,,             491
2025-2026,98,York County,60,Yorktown Middle,Y,             212,,             212
