Superintendent's Region,Division Number,Division  Name,School Number,School Name,"Model
Type","Overall
Framework Score",Performance Category,Federal Identification,Mastery,Total Possible Mastery Points,Growth,Total Possible Growth Points,Readiness,Total Possible Readiness  Points,Graduation,Total Possible Graduation Points,"Reading Performance
(Mastery Index Points earned
divided by number of Students)",Reading Indicator Score (Performance multiplied by the prescribed weight),"Math Performance
(Mastery Index Points earned
divided by number of Students)","Math Indicator Score
(Performance multiplied by the prescribed weight)","Science Performance
(Mastery Index Points earned
divided by number of Students)","Science Indicator Score 
(Performance multiplied by 10%)","English Learner Progress Rate
(Percent of students making progress on two consecutive ACCESS tests)","English Learner Progress Indicator Score
(Rate multiplied by 10%)","Reading Growth
(Growth Index Points earned divided by the number of Students)","Reading Growth Indicator Score
(Growth multiplied by the prescribed weight)","Math Growth
(Growth Index Points earned divided by the number of Students)","Math Growth Indicator Score
(Growth multiplied by the prescribed weight)","Chronic Absenteeism Rate
(Percent of Students absent at least 10% of the year)","Chronic Absenteeism Indicator score
(Rate of non-chronically absent students multiplied by the prescribed weight)","Advanced Coursework in Middle School
","Advanced Coursework Value 
(Rate multiplied by the prescribed weight)","6yr Federal Graduation Indicator with Applied Studies
(6yr Graduation Rate of the 2023 cohort including Applied Studies diplomas as graduates)","6 yr FGI Indicator Score
(6 yr FGI multiplied by 5%)","3E Readiness Indicator
(Points earned in the 3E framework: Enrollment, Employment, Enlistment)","3E Readiness Indicator Score
(3E Readiness multiplied by the prescribed weight)","Federal Graduation Indicator 
(4 yr Graduation Rate of the 2025 cohort)","4 yr FGI Indicator Score
(4 yr FGI multiplied by the prescribed weight)"
2,1,Accomack County ,701,Accawmacke Elementary,ES,83.32,Approaching Expectations,TSI,53.14,65,21.23,25,8.94,10,-,0,83.63,18.81,84.75,19.06,96.95,9.69,55.58,5.55,88.6,11.07,81.25,10.15,10.51,8.94,-,-,-,-,-,-,-,-
2,1,Accomack County ,540,Arcadia High,HS,100.33,Distinguished,,46.26,50,-,0,40.96,35,13.1,15,99.28,14.89,98.28,14.74,92.79,9.27,73.47,7.34,-,-,-,-,5.09,4.74,-,-,87.34,4.36,127.41,31.85,87.37,13.1
2,1,Accomack County ,704,Arcadia Middle ,MS,87.83,Meets Expectations,,50.63,60,17.73,20,19.47,20,-,0,88.63,17.72,90.82,18.16,92.73,9.27,54.66,5.46,87.08,8.7,90.21,9.02,5.27,9.47,100,10,-,-,-,-,-,-
2,1,Accomack County ,80,Chincoteague Elementary,ES,90.59,Distinguished,,50.73,55,30.99,35,8.86,10,-,0,92.11,20.72,92.03,20.7,92.96,9.29,^,^,88.98,15.57,88.13,15.42,11.33,8.86,-,-,-,-,-,-,-,-
2,1,Accomack County ,580,Chincoteague High,MS-HS,102.63,Distinguished,,41.72,42.35,18.58,20.58,32.42,26.46,9.9,10.59,97.1,15.42,99.19,15.75,99.59,10.54,^,^,84.77,8.72,95.73,9.85,15.87,4.45,^,^,90.9,4.81,145.83,23.16,93.54,9.9
2,1,Accomack County ,600,Kegotank Elementary,ES,84.22,Meets Expectations,CSI,54.11,65,21.7,25,8.4,10,-,0,85.06,19.13,87,19.57,88.92,8.89,65.06,6.5,88.14,11.01,85.48,10.68,15.92,8.4,-,-,-,-,-,-,-,-
2,1,Accomack County ,702,Metompkin Elementary,ES,81.76,Approaching Expectations,TSI,52.08,65,20.22,25,9.44,10,-,0,82.28,18.51,81.31,18.29,88.73,8.87,64.06,6.4,89.7,11.21,72.1,9.01,5.5,9.44,-,-,-,-,-,-,-,-
2,1,Accomack County ,70,Nandua High,HS,95.98,Distinguished,,46.3,50,-,0,36.37,35,13.3,15,102.05,15.3,100.36,15.05,100.56,10.05,58.82,5.88,-,-,-,-,2.08,4.89,-,-,90.36,4.51,107.85,26.96,88.66,13.3
2,1,Accomack County ,703,Nandua Middle,MS,88.75,Approaching Expectations,TSI,52.04,60,17.65,20,19.05,20,-,0,92.46,18.49,92.22,18.44,94.34,9.43,56.66,5.66,88.38,8.83,88.19,8.81,7.35,9.26,97.91,9.79,-,-,-,-,-,-
2,1,Accomack County ,590,Pungoteague Elementary,ES,91.59,Distinguished,,57.95,65,24.28,25,9.35,10,-,0,91.38,20.56,91.26,20.53,98.63,9.86,70,7,96.42,12.05,97.81,12.22,6.43,9.35,-,-,-,-,-,-,-,-
2,1,Accomack County ,530,Tangier Combined,ES-MS-HS,^,Too Small,,47.47,52,29.19,31,7,7,^,0,91.3,23.73,91.3,23.73,^,^,^,^,93.33,14.46,95,14.72,0,7,^,^,^,^,^,^,^,^
5,2,Albemarle County ,160,Agnor Elementary,ES,81.19,Approaching Expectations,TSI,52.09,65,20.51,25,8.58,10,-,0,81.39,18.31,80.68,18.15,90.27,9.02,65.97,6.59,85.43,10.67,78.69,9.83,14.12,8.58,-,-,-,-,-,-,-,-
5,2,Albemarle County ,880,Albemarle High,HS,89.22,Approaching Expectations,TSI,43.55,50,-,0,32.53,35,13.13,15,104.26,15.63,97.4,14.61,95.55,9.55,37.5,3.75,-,-,-,-,15.87,4.2,-,-,92.49,4.62,94.83,23.7,87.54,13.13
5,2,Albemarle County ,1053,Baker-Butler Elementary,ES,86.64,Meets Expectations,,57.23,65,20.25,25,9.15,10,-,0,91.17,20.51,90.75,20.41,100.2,10.02,62.82,6.28,82.54,10.31,79.51,9.93,8.46,9.15,-,-,-,-,-,-,-,-
5,2,Albemarle County ,100,Broadus Wood Elementary,ES,95.11,Distinguished,,55.07,55,30.93,35,9.1,10,-,0,98.63,22.19,99.4,22.36,105.14,10.51,^,^,87.5,15.31,89.28,15.62,8.98,9.1,-,-,-,-,-,-,-,-
5,2,Albemarle County ,941,Brownsville Elementary,ES,103.78,Distinguished,,58.89,55,35.58,35,9.29,10,-,0,104.75,23.57,108.53,24.42,109.06,10.9,^,^,99.03,17.33,104.32,18.25,7.02,9.29,-,-,-,-,-,-,-,-
5,2,Albemarle County ,890,Community Lab School,MS-HS,^,Too Small,,48.05,46.16,20.72,21.54,15.97,17.31,^,0,109.9,19.02,101.48,17.56,99.4,11.46,^,^,101.85,10.96,90.54,9.75,10.11,5.18,86.95,5.01,100,5.76,^,^,^,^
5,2,Albemarle County ,340,Crozet Elementary,ES,96.87,Meets Expectations,TSI,54.77,55,32.73,35,9.36,10,-,0,98.5,22.16,98.59,22.18,104.3,10.43,^,^,95.48,16.7,91.57,16.02,6.34,9.36,-,-,-,-,-,-,-,-
5,2,Albemarle County ,10,Hollymead Elementary,ES,93.74,Meets Expectations,TSI,61.7,65,22.89,25,9.14,10,-,0,98.1,22.07,100.58,22.63,102.73,10.27,67.3,6.73,89.34,11.16,93.79,11.72,8.59,9.14,-,-,-,-,-,-,-,-
5,2,Albemarle County ,250,Ivy Elementary,ES,102.96,Distinguished,,57.99,55,35.3,35,9.67,10,-,0,103.7,23.33,105.68,23.77,108.77,10.87,^,^,99.23,17.36,102.48,17.93,3.28,9.67,-,-,-,-,-,-,-,-
5,2,Albemarle County ,69,Jackson P. Burley Middle,MS,84.50,Approaching Expectations,TSI,49.62,60,16.69,20,18.19,20,-,0,91.63,18.32,87.55,17.51,92.56,9.25,45.31,4.53,84.79,8.47,82.12,8.21,12.82,8.71,94.73,9.47,-,-,-,-,-,-
5,2,Albemarle County ,942,Joseph T. Henley Middle,MS,97.14,Distinguished,,51.04,50,27.32,30,18.77,20,-,0,103.37,20.67,100.62,20.12,102.47,10.24,^,^,92.14,13.82,89.99,13.49,7.46,9.25,95.25,9.52,-,-,-,-,-,-
5,2,Albemarle County ,950,Journey Middle,MS,80.57,Meets Expectations,,46,60,16.33,20,18.23,20,-,0,80.32,16.06,85.45,17.09,91.41,9.14,37.03,3.7,79.76,7.97,83.61,8.36,10.97,8.9,93.28,9.32,-,-,-,-,-,-
5,2,Albemarle County ,1051,Lakeside Middle,MS,94.80,Distinguished,,56.46,60,19.19,20,19.14,20,-,0,101.77,20.35,103.58,20.71,100.77,10.07,53.12,5.31,93.1,9.31,98.88,9.88,7,9.3,98.41,9.84,-,-,-,-,-,-
5,2,Albemarle County ,20,Leslie H. Walton Middle,MS,88.20,Meets Expectations,,44.89,50,25.66,30,17.64,20,-,0,90.82,18.16,88.19,17.63,90.94,9.09,^,^,85.73,12.86,85.35,12.8,14.84,8.51,91.3,9.13,-,-,-,-,-,-
5,2,Albemarle County ,40,Mary Carr Greer Elementary,ES,81.27,Approaching Expectations,TSI,51.61,65,20.8,25,8.86,10,-,0,77.94,17.53,80.89,18.2,94.09,9.4,64.61,6.46,82.39,10.29,84.01,10.5,11.35,8.86,-,-,-,-,-,-,-,-
5,2,Albemarle County ,1052,Monticello High,HS,91.75,Distinguished,,44.25,50,-,0,33.51,35,13.99,15,103.46,15.51,98.48,14.77,95.28,9.52,44.3,4.43,-,-,-,-,14.41,4.27,-,-,95.87,4.79,97.76,24.44,93.28,13.99
5,2,Albemarle County ,34,Mountain View Upper Elementary,ES,87.12,Approaching Expectations,TSI,54.7,65,23.22,25,9.2,10,-,0,87.36,19.65,87.98,19.79,94.41,9.44,58.09,5.8,91.9,11.48,93.86,11.73,7.95,9.2,-,-,-,-,-,-,-,-
5,2,Albemarle County ,540,Red Hill Elementary,ES,94.82,Distinguished,,51.53,55,33.97,35,9.31,10,-,0,89.1,20.04,95.51,21.49,100,10,^,^,96.27,16.84,97.87,17.12,6.85,9.31,-,-,-,-,-,-,-,-
5,2,Albemarle County ,30,Scottsville Elementary,ES,85.09,Meets Expectations,,48.8,55,27.23,35,9.05,10,-,0,86.34,19.42,88.26,19.85,95.13,9.51,^,^,71.42,12.49,84.21,14.73,9.4,9.05,-,-,-,-,-,-,-,-
5,2,Albemarle County ,920,Stone Robinson Elementary,ES,89.17,Approaching Expectations,TSI,57.78,65,22.58,25,8.8,10,-,0,94.39,21.23,93.36,21,104.54,10.45,50.89,5.08,88.74,11.09,91.92,11.49,11.96,8.8,-,-,-,-,-,-,-,-
5,2,Albemarle County ,240,Stony Point Elementary,ES,92.50,Meets Expectations,TSI,53.01,55,30.32,35,9.17,10,-,0,93.8,21.1,95.36,21.45,104.54,10.45,^,^,85.06,14.88,88.19,15.43,8.29,9.17,-,-,-,-,-,-,-,-
5,2,Albemarle County ,910,Virginia L. Murray Elementary,ES,107.12,Distinguished,,61.13,55,36.6,35,9.38,10,-,0,109.96,24.74,111.53,25.09,112.93,11.29,^,^,104.31,18.25,104.88,18.35,6.17,9.38,-,-,-,-,-,-,-,-
5,2,Albemarle County ,140,Western Albemarle High,HS,101.15,Meets Expectations,TSI,48.34,50,-,0,39.04,35,13.76,15,111.1,16.66,98.1,14.71,101.31,10.13,68.33,6.83,-,-,-,-,9.29,4.53,-,-,96.16,4.8,118.81,29.7,91.74,13.76
5,2,Albemarle County ,930,Woodbrook Elementary,ES,76.37,Approaching Expectations,CSI,48.75,65,19.64,25,7.98,10,-,0,73.89,16.62,78.62,17.69,84.75,8.47,59.58,5.95,78.06,9.75,79.06,9.88,20.15,7.98,-,-,-,-,-,-,-,-
4,101,Alexandria City ,210,Alexandria City High,HS,81.16,Approaching Expectations,TSI,43.13,50,-,0,26.45,35,11.57,15,100.44,15.06,94.48,14.17,94.01,9.4,44.94,4.49,-,-,-,-,17.7,4.11,-,-,88.09,4.4,71.72,17.93,77.19,11.57
4,101,Alexandria City ,120,Charles Barrett Elementary,ES,84.37,Approaching Expectations,TSI,53.45,65,21.98,25,8.92,10,-,0,83.94,18.88,87.27,19.63,98.73,9.87,50.57,5.05,85.48,10.68,90.41,11.3,10.7,8.92,-,-,-,-,-,-,-,-
4,101,Alexandria City ,160,Cora Kelly School for Math Science and Technology,ES,81.93,Approaching Expectations,TSI,51.66,65,20.75,25,9.51,10,-,0,78.91,17.75,83.39,18.76,96.87,9.68,54.52,5.45,76.78,9.59,89.28,11.16,4.81,9.51,-,-,-,-,-,-,-,-
4,101,Alexandria City ,110,Douglas MacArthur Elementary,ES,87.81,Approaching Expectations,TSI,57.13,65,21.92,25,8.75,10,-,0,92.09,20.72,91.86,20.66,97.93,9.79,59.52,5.95,86.2,10.77,89.18,11.14,12.42,8.75,-,-,-,-,-,-,-,-
4,101,Alexandria City ,350,Ferdinand T. Day Elementary,ES,80.93,Approaching Expectations,TSI,51.11,65,20.93,25,8.88,10,-,0,77.63,17.46,81.12,18.25,94.16,9.41,59.73,5.97,85.03,10.62,82.44,10.3,11.11,8.88,-,-,-,-,-,-,-,-
4,101,Alexandria City ,140,Francis C. Hammond Middle,MS,79.27,Needs Intensive Support,TSI,45.46,60,15.34,20,18.46,20,-,0,80.29,16.05,77.83,15.56,87.92,8.79,50.48,5.04,79.53,7.95,73.91,7.39,6.92,9.3,91.53,9.15,-,-,-,-,-,-
4,101,Alexandria City ,100,George Mason Elementary,ES,83.91,Approaching Expectations,TSI,54.03,65,20.56,25,9.31,10,-,0,86.28,19.41,85.48,19.23,101,10.1,52.89,5.28,84.26,10.53,80.21,10.02,6.83,9.31,-,-,-,-,-,-,-,-
4,101,Alexandria City ,130,George Washington Middle,MS,85.92,Approaching Expectations,TSI,50.73,60,16.55,20,18.63,20,-,0,92.04,18.4,87.58,17.51,94.43,9.44,53.64,5.36,85.01,8.5,80.54,8.05,8.64,9.13,95.02,9.5,-,-,-,-,-,-
4,101,Alexandria City ,220,James K. Polk Elementary,ES,84.73,Approaching Expectations,TSI,54.13,65,21.77,25,8.81,10,-,0,83.66,18.82,87.46,19.68,94.65,9.46,61.66,6.16,86.48,10.81,87.75,10.96,11.81,8.81,-,-,-,-,-,-,-,-
4,101,Alexandria City ,90,Jefferson-Houston PK-8 School,ES-MS,80.27,Meets Expectations,CSI,47.52,60,19.39,25,13.35,15,-,0,81.52,16.3,81.18,16.23,88.23,8.82,61.6,6.16,75.45,9.43,79.72,9.96,9.33,9.06,85.71,4.28,-,-,-,-,-,-
4,101,Alexandria City ,230,John Adams Elementary,ES,83.05,Approaching Expectations,TSI,51.99,65,22.07,25,8.97,10,-,0,78.88,17.74,82.41,18.54,95.34,9.53,61.7,6.17,86.69,10.83,89.93,11.24,10.24,8.97,-,-,-,-,-,-,-,-
4,101,Alexandria City ,80,Lyles-Crouch Elementary,ES,95.76,Distinguished,,63.92,65,22.85,25,8.98,10,-,0,100.26,22.55,98.53,22.17,109.16,10.91,82.81,8.28,88.91,11.11,93.92,11.74,10.15,8.98,-,-,-,-,-,-,-,-
4,101,Alexandria City ,30,Mount Vernon Elementary,ES,82.12,Approaching Expectations,TSI,52.59,65,20.44,25,9.09,10,-,0,84.25,18.95,84.17,18.93,96.4,9.64,50.52,5.05,84.64,10.58,78.9,9.86,9.07,9.09,-,-,-,-,-,-,-,-
4,101,Alexandria City ,60,Naomi L. Brooks Elementary,ES,94.39,Meets Expectations,TSI,53.47,55,32.11,35,8.8,10,-,0,96.16,21.63,96.8,21.78,100.59,10.05,^,^,94.55,16.54,88.96,15.56,11.98,8.8,-,-,-,-,-,-,-,-
4,101,Alexandria City ,50,Patrick Henry K-8 School,ES-MS,83.50,Approaching Expectations,TSI,49.77,60,19.69,25,14.03,15,-,0,87.41,17.48,86.19,17.23,91.61,9.16,58.94,5.89,81.83,10.22,75.73,9.46,9.67,9.03,100,5,-,-,-,-,-,-
4,101,Alexandria City ,333,Samuel W. Tucker Elementary,ES,83.57,Approaching Expectations,TSI,54.28,65,20.68,25,8.6,10,-,0,84.27,18.96,86.45,19.45,94.3,9.43,64.43,6.44,84.13,10.51,81.32,10.16,13.9,8.6,-,-,-,-,-,-,-,-
4,101,Alexandria City ,190,William Ramsay Elementary,ES,78.36,Needs Intensive Support,TSI,48.01,65,21.42,25,8.92,10,-,0,72.1,16.22,77.79,17.5,88.46,8.84,54.41,5.44,81.7,10.21,89.67,11.2,10.73,8.92,-,-,-,-,-,-,-,-
6,3,Alleghany Highlands ,310,Alleghany High,HS,92.72,Distinguished,,43.29,44.45,-,0,35.27,38.9,14.15,16.67,99.05,16.5,97.96,16.32,94.09,10.45,^,^,-,-,-,-,28.09,3.99,-,-,87.26,4.84,95.17,26.43,84.95,14.15
6,3,Alleghany Highlands ,110,Callaghan Elementary,ES,95.52,Distinguished,,53.71,55,32.52,35,9.28,10,-,0,95.71,21.53,98.58,22.18,100,10,^,^,88.4,15.47,97.46,17.05,7.17,9.28,-,-,-,-,-,-,-,-
6,3,Alleghany Highlands ,1040,Covington Middle,MS,82.23,Meets Expectations,,43.23,50,21.81,30,17.18,20,-,0,90.11,18.02,81.95,16.39,88.2,8.82,^,^,80.14,12.02,65.29,9.79,25.94,7.4,97.77,9.77,-,-,-,-,-,-
6,3,Alleghany Highlands ,360,Jeter-Watson Elementary,ES,86.41,Approaching Expectations,TSI,57.57,65,20.89,25,7.94,10,-,0,92.06,20.71,92.68,20.85,89.7,8.97,70.31,7.03,83.38,10.42,83.75,10.46,20.51,7.94,-,-,-,-,-,-,-,-
6,3,Alleghany Highlands ,1041,Mountain View Elementary,ES,82.15,Approaching Expectations,TSI,47.71,55,26.39,35,8.04,10,-,0,83.19,18.71,88.17,19.83,91.52,9.15,^,^,70.72,12.37,80.12,14.02,19.53,8.04,-,-,-,-,-,-,-,-
6,3,Alleghany Highlands ,90,Sharon Elementary,ES,96.09,Distinguished,,55.69,55,31.13,35,9.26,10,-,0,97.77,22,105.64,23.77,99.24,9.92,^,^,86.25,15.09,91.66,16.04,7.34,9.26,-,-,-,-,-,-,-,-
8,4,Amelia County ,220,Amelia County Elementary,ES,85.79,Approaching Expectations,TSI,55.45,65,21.27,25,9.06,10,-,0,85.93,19.33,91.79,20.65,89.78,8.97,64.86,6.48,82.75,10.34,87.44,10.93,9.37,9.06,-,-,-,-,-,-,-,-
8,4,Amelia County ,10,Amelia County High School,HS,95.87,Distinguished,,42.83,50,-,0,39.6,35,13.43,15,103.3,15.49,99.39,14.9,94.53,9.45,29.76,2.97,-,-,-,-,11.18,4.44,-,-,89.43,4.47,122.78,30.69,89.55,13.43
8,4,Amelia County ,210,Amelia County Middle,MS,83.63,Approaching Expectations,TSI,49.76,60,15.77,20,18.09,20,-,0,88.44,17.68,85.61,17.12,91.74,9.17,57.81,5.78,78.29,7.82,79.41,7.94,16.5,8.34,97.43,9.74,-,-,-,-,-,-
5,5,Amherst County ,780,Amelon Elementary,ES,86.94,Meets Expectations,,49.32,55,28.75,35,8.87,10,-,0,91.07,20.49,86.5,19.46,93.66,9.36,^,^,86.59,15.15,77.69,13.59,11.29,8.87,-,-,-,-,-,-,-,-
5,5,Amherst County ,750,Amherst County High,HS,86.71,Meets Expectations,,43.46,44.45,-,0,27.87,38.9,15.37,16.67,99.34,16.55,99.09,16.51,93.5,10.38,^,^,-,-,-,-,25.71,4.12,-,-,94.35,5.24,66.63,18.51,92.23,15.37
5,5,Amherst County ,790,Amherst Elementary,ES,90.37,Distinguished,,52.96,55,29.09,35,8.31,10,-,0,96.13,21.63,94.3,21.21,101.13,10.11,^,^,85.75,15,80.52,14.09,16.86,8.31,-,-,-,-,-,-,-,-
5,5,Amherst County ,670,Amherst Middle,MS,89.81,Distinguished,,46.38,50,24.87,30,18.55,20,-,0,91.9,18.38,91.52,18.3,97.03,9.7,^,^,82.2,12.33,83.61,12.54,14.44,8.55,100,10,-,-,-,-,-,-
5,5,Amherst County ,770,Central Elementary,ES,83.79,Meets Expectations,CSI,48,55,27.21,35,8.57,10,-,0,84.83,19.08,87.5,19.68,92.3,9.23,^,^,83.33,14.58,72.18,12.63,14.28,8.57,-,-,-,-,-,-,-,-
5,5,Amherst County ,760,Elon Elementary,ES,93.42,Distinguished,,52.67,55,31.35,35,9.39,10,-,0,94.44,21.25,96.56,21.72,96.98,9.69,^,^,85.92,15.03,93.26,16.32,6.09,9.39,-,-,-,-,-,-,-,-
5,5,Amherst County ,500,Madison Heights Elementary,ES,79.09,Needs Intensive Support,TSI,46.43,55,24.38,35,8.28,10,-,0,83,18.67,82.85,18.64,91.12,9.11,^,^,73.86,12.92,65.45,11.45,17.19,8.28,-,-,-,-,-,-,-,-
5,5,Amherst County ,20,Monelison Middle,MS,86.68,Meets Expectations,,44.77,50,23.69,30,18.21,20,-,0,91.62,18.32,87.55,17.51,89.38,8.93,^,^,80.13,12.02,77.83,11.67,16.27,8.37,98.46,9.84,-,-,-,-,-,-
5,5,Amherst County ,740,Temperance Elementary,ES,91.29,Distinguished,,53.5,55,28.55,35,9.23,10,-,0,97.59,21.95,94.6,21.28,102.63,10.26,^,^,82.63,14.46,80.55,14.09,7.69,9.23,-,-,-,-,-,-,-,-
8,6,Appomattox County ,260,Appomattox County High,HS,106.13,Distinguished,,44.15,44.45,-,0,47.06,38.9,14.91,16.67,101.51,16.91,100,16.66,95.15,10.57,^,^,-,-,-,-,13.7,4.79,-,-,86.66,4.81,134.82,37.45,89.5,14.91
8,6,Appomattox County ,110,Appomattox Elementary,ES,91.65,Distinguished,,51.67,55,30.56,35,9.41,10,-,0,91.66,20.62,93.05,20.93,101.12,10.11,^,^,88.48,15.48,86.19,15.08,5.84,9.41,-,-,-,-,-,-,-,-
8,6,Appomattox County ,160,Appomattox Middle,MS,89.15,Approaching Expectations,TSI,45.75,50,24.24,30,19.15,20,-,0,91.72,18.34,91.12,18.22,91.85,9.18,^,^,81.02,12.15,80.62,12.09,8.46,9.15,100,10,-,-,-,-,-,-
8,6,Appomattox County ,250,Appomattox Primary,ES,91.34,Distinguished,,51.67,55,30.56,35,9.09,10,-,0,91.66,20.62,93.05,20.93,101.12,10.11,^,^,88.48,15.48,86.19,15.08,9.01,9.09,-,-,-,-,-,-,-,-
4,7,Arlington County ,350,Abingdon Elementary,ES,83.19,Meets Expectations,,53.04,65,21.26,25,8.87,10,-,0,80.99,18.22,86.1,19.37,97.19,9.71,57.31,5.73,83.22,10.4,86.92,10.86,11.22,8.87,-,-,-,-,-,-,-,-
4,7,Arlington County ,160,Alice West Fleet Elementary,ES,89.00,Approaching Expectations,TSI,58.42,65,21.48,25,9.09,10,-,0,89.7,20.18,93.42,21.02,99.46,9.94,72.72,7.27,84.29,10.53,87.57,10.94,9.05,9.09,-,-,-,-,-,-,-,-
4,7,Arlington County ,618,Arlington Community High,HS,49.10,Needs Intensive Support,CSI,35.97,50,-,0,6.85,35,6.27,15,66.17,9.92,92.96,13.94,57.03,5.7,64,6.4,-,-,-,-,57.94,2.1,-,-,62.26,3.11,6.55,1.63,41.81,6.27
4,7,Arlington County ,629,Arlington Science Focus School,ES,96.35,Distinguished,,63.99,65,23.12,25,9.23,10,-,0,103.38,23.26,103.6,23.31,106.51,10.65,67.74,6.77,94.26,11.78,90.69,11.33,7.62,9.23,-,-,-,-,-,-,-,-
4,7,Arlington County ,470,Arlington Traditional,ES,96.78,Distinguished,,63.24,65,23.8,25,9.72,10,-,0,102.85,23.14,105.25,23.68,98.35,9.83,65.9,6.59,93.22,11.65,97.2,12.15,2.73,9.72,-,-,-,-,-,-,-,-
4,7,Arlington County ,490,Ashlawn Elementary,ES,95.27,Meets Expectations,TSI,61.85,65,24.05,25,9.35,10,-,0,99.18,22.31,101.35,22.8,108.33,10.83,59.02,5.9,94.64,11.83,97.81,12.22,6.44,9.35,-,-,-,-,-,-,-,-
4,7,Arlington County ,150,Barcroft Elementary,ES,85.14,Approaching Expectations,TSI,54.5,65,21.44,25,9.19,10,-,0,82.95,18.66,87.89,19.77,96.76,9.67,63.85,6.38,81.62,10.2,89.92,11.24,8.06,9.19,-,-,-,-,-,-,-,-
4,7,Arlington County ,250,Barrett Elementary,ES,85.90,Approaching Expectations,TSI,53.68,65,22.74,25,9.48,10,-,0,81.93,18.43,84.84,19.09,95.48,9.54,66.07,6.6,88.3,11.03,93.66,11.7,5.18,9.48,-,-,-,-,-,-,-,-
4,7,Arlington County ,615,Campbell Elementary,ES,95.29,Distinguished,,62.51,65,23.38,25,9.39,10,-,0,96.98,21.82,101.83,22.91,100.38,10.03,77.38,7.73,89.68,11.21,97.42,12.17,6.02,9.39,-,-,-,-,-,-,-,-
4,7,Arlington County ,380,Cardinal Elementary,ES,100.22,Distinguished,,64.67,65,25.94,25,9.6,10,-,0,105.38,23.71,108.55,24.42,109.82,10.98,55.55,5.55,101.72,12.71,105.81,13.22,3.92,9.6,-,-,-,-,-,-,-,-
4,7,Arlington County ,90,Carlin Springs Elementary,ES,80.96,Approaching Expectations,TSI,49.34,65,22.55,25,9.07,10,-,0,75.63,17.01,80.72,18.16,87.13,8.71,54.51,5.45,89.69,11.21,90.7,11.33,9.27,9.07,-,-,-,-,-,-,-,-
4,7,Arlington County ,622,Claremont Immersion,ES,94.47,Distinguished,,61.16,65,23.84,25,9.46,10,-,0,96.88,21.79,99.19,22.31,103.08,10.3,67.33,6.73,93,11.62,97.76,12.22,5.34,9.46,-,-,-,-,-,-,-,-
4,7,Arlington County ,626,Discovery Elementary,ES,102.92,Distinguished,,58.18,55,35.06,35,9.68,10,-,0,103.68,23.32,108.48,24.4,104.43,10.44,^,^,98.03,17.15,102.33,17.9,3.19,9.68,-,-,-,-,-,-,-,-
4,7,Arlington County ,628,Dorothy Hamm Middle,MS,93.68,Distinguished,,55.9,60,18.71,20,19.05,20,-,0,101.69,20.33,100.24,20.04,100.13,10.01,55.07,5.5,94.92,9.49,92.24,9.22,9.1,9.08,99.67,9.96,-,-,-,-,-,-
4,7,Arlington County ,200,Dr. Charles R. Drew Elementary,ES,78.97,Needs Intensive Support,TSI,50.33,65,20.04,25,8.59,10,-,0,79.35,17.85,81.11,18.25,86.76,8.67,55.58,5.55,76.54,9.56,83.78,10.47,14.01,8.59,-,-,-,-,-,-,-,-
4,7,Arlington County ,111,Escuela Key Elementary,ES,95.06,Distinguished,,62,65,23.52,25,9.53,10,-,0,99.71,22.43,102.2,22.99,102.13,10.21,63.63,6.36,93.19,11.64,94.97,11.87,4.6,9.53,-,-,-,-,-,-,-,-
4,7,Arlington County ,100,Glebe Elementary,ES,101.50,Distinguished,,66.99,65,24.87,25,9.62,10,-,0,105.41,23.71,108.19,24.34,111.75,11.17,77.61,7.76,98.24,12.28,100.79,12.59,3.75,9.62,-,-,-,-,-,-,-,-
4,7,Arlington County ,611,Gunston Middle,MS,89.81,Distinguished,,53.47,60,17.17,20,19.16,20,-,0,97.02,19.4,91.99,18.39,98.36,9.83,58.33,5.83,89.68,8.96,82.1,8.21,7.48,9.25,99.11,9.91,-,-,-,-,-,-
4,7,Arlington County ,614,Hoffman-Boston Elementary,ES,83.66,Approaching Expectations,TSI,54.62,65,19.99,25,9.04,10,-,0,86.16,19.38,87.4,19.66,89.81,8.98,65.92,6.59,84.45,10.55,75.47,9.43,9.54,9.04,-,-,-,-,-,-,-,-
4,7,Arlington County ,613,Innovation Elementary ,ES,92.90,Meets Expectations,TSI,60.6,65,22.69,25,9.6,10,-,0,94.84,21.34,97.69,21.98,100,10,72.83,7.28,88.05,11,93.53,11.69,3.96,9.6,-,-,-,-,-,-,-,-
4,7,Arlington County ,440,Jamestown Elementary,ES,104.83,Distinguished,,60.16,55,34.97,35,9.69,10,-,0,107.19,24.11,111.06,24.98,110.61,11.06,^,^,96.76,16.93,103.06,18.03,3.03,9.69,-,-,-,-,-,-,-,-
4,7,Arlington County ,180,Jefferson Middle,MS,87.28,Approaching Expectations,TSI,51.61,60,16.86,20,18.81,20,-,0,91.26,18.25,88.65,17.73,94.76,9.47,61.55,6.15,85.8,8.58,82.8,8.28,10.01,8.99,98.12,9.81,-,-,-,-,-,-
4,7,Arlington County ,500,Kenmore Middle,MS,87.92,Meets Expectations,,51.76,60,17.32,20,18.83,20,-,0,90.53,18.1,91.99,18.39,97.8,9.78,54.74,5.47,86.77,8.67,86.52,8.65,9.16,9.08,97.5,9.75,-,-,-,-,-,-
4,7,Arlington County ,460,Long Branch Elementary,ES,89.26,Approaching Expectations,TSI,57.49,65,22.37,25,9.39,10,-,0,89.95,20.23,91.7,20.63,96.2,9.62,70,7,89.77,11.22,89.23,11.15,6.01,9.39,-,-,-,-,-,-,-,-
4,7,Arlington County ,627,Montessori Public School of Arlington,ES,95.61,Distinguished,,63.35,65,22.94,25,9.31,10,-,0,99.76,22.44,99.65,22.42,100.34,10.03,84.48,8.44,91.97,11.49,91.6,11.45,6.82,9.31,-,-,-,-,-,-,-,-
4,7,Arlington County ,410,Nottingham Elementary,ES,106.16,Distinguished,,59.85,55,36.33,35,9.97,10,-,0,106.59,23.98,109.89,24.72,111.42,11.14,^,^,100.37,17.56,107.27,18.77,0.29,9.97,-,-,-,-,-,-,-,-
4,7,Arlington County ,360,Oakridge Elementary,ES,91.22,Meets Expectations,TSI,58.77,65,23.22,25,9.22,10,-,0,90.1,20.27,96.87,21.79,101.38,10.13,65.65,6.56,89.57,11.19,96.25,12.03,7.76,9.22,-,-,-,-,-,-,-,-
4,7,Arlington County ,510,Randolph Elementary,ES,84.95,Approaching Expectations,TSI,55.1,65,20.65,25,9.19,10,-,0,83.96,18.89,89.25,20.08,92.91,9.29,68.43,6.84,76.49,9.56,88.72,11.09,8.06,9.19,-,-,-,-,-,-,-,-
4,7,Arlington County ,240,Swanson Middle,MS,90.60,Distinguished,,53.55,60,17.6,20,19.44,20,-,0,98.13,19.62,98.09,19.61,99.77,9.97,43.33,4.33,88.32,8.83,87.73,8.77,3.81,9.61,98.24,9.82,-,-,-,-,-,-
4,7,Arlington County ,420,Taylor Elementary,ES,95.60,Distinguished,,62.57,65,23.39,25,9.64,10,-,0,99.29,22.34,102.64,23.09,105.05,10.5,66.3,6.63,87.86,10.98,99.26,12.4,3.52,9.64,-,-,-,-,-,-,-,-
4,7,Arlington County ,211,Tuckahoe Elementary,ES,101.38,Distinguished,,58.67,55,33.07,35,9.63,10,-,0,103.77,23.35,105.8,23.8,115.21,11.52,^,^,93.47,16.35,95.5,16.71,3.62,9.63,-,-,-,-,-,-,-,-
4,7,Arlington County ,450,Wakefield High,HS,88.90,Approaching Expectations,TSI,46.04,50,-,0,29.8,35,13.05,15,102.97,15.44,100.12,15.01,95.01,9.5,60.78,6.07,-,-,-,-,19.19,4.04,-,-,94.49,4.72,84.15,21.03,87.03,13.05
4,7,Arlington County ,80,Washington-Liberty High,HS,92.26,Meets Expectations,TSI,46.76,50,-,0,32.07,35,13.41,15,106.91,16.03,101.78,15.26,100.62,10.06,53.95,5.39,-,-,-,-,17.34,4.13,-,-,95.78,4.78,92.62,23.15,89.46,13.41
4,7,Arlington County ,480,Williamsburg Middle,MS,100.35,Distinguished,,61.4,60,19.54,20,19.4,20,-,0,106.89,21.37,107.85,21.57,103.31,10.33,81.25,8.12,96.28,9.62,99.15,9.91,4.32,9.56,98.4,9.84,-,-,-,-,-,-
4,7,Arlington County ,330,Yorktown High,HS,100.33,Distinguished,,47.51,50,-,0,38.72,35,14.08,15,110.41,16.56,103.17,15.47,102.98,10.29,51.78,5.17,-,-,-,-,11.31,4.43,-,-,97.69,4.88,117.63,29.4,93.91,14.08
5,8,Augusta County ,660,Buffalo Gap High,HS,92.74,Distinguished,,45.59,44.45,-,0,31.58,38.9,15.56,16.67,105,17.5,104.11,17.35,96.68,10.74,^,^,-,-,-,-,16.84,4.61,-,-,93.33,5.18,78.39,21.77,93.4,15.56
5,8,Augusta County ,650,Buffalo Gap Middle,MS,86.15,Meets Expectations,,43.79,50,23.91,30,18.44,20,-,0,87.54,17.5,87.01,17.4,88.8,8.88,^,^,78.68,11.8,80.73,12.11,15.51,8.44,100,10,-,-,-,-,-,-
5,8,Augusta County ,30,Cassell Elementary,ES,86.39,Approaching Expectations,TSI,50.18,55,27.82,35,8.38,10,-,0,89.3,20.09,91.25,20.53,95.54,9.55,^,^,82.46,14.43,76.55,13.39,16.16,8.38,-,-,-,-,-,-,-,-
5,8,Augusta County ,140,Churchville Elementary,ES,86.71,Approaching Expectations,TSI,49.2,55,28.38,35,9.12,10,-,0,87.17,19.61,89.17,20.06,95.22,9.52,^,^,78.34,13.71,83.85,14.67,8.74,9.12,-,-,-,-,-,-,-,-
5,8,Augusta County ,370,Craigsville Elementary,ES,79.35,Approaching Expectations,CSI,44.86,55,25.64,35,8.84,10,-,0,81.13,18.25,78.77,17.72,88.88,8.88,^,^,86.8,15.19,59.72,10.45,11.57,8.84,-,-,-,-,-,-,-,-
5,8,Augusta County ,842,Edward G. Clymore Elementary,ES,84.16,Approaching Expectations,TSI,56.01,65,18.95,25,9.19,10,-,0,88.32,19.87,88.26,19.85,93.03,9.3,69.84,6.98,80.13,10.01,71.53,8.94,8.09,9.19,-,-,-,-,-,-,-,-
5,8,Augusta County ,670,Fort Defiance High,HS,93.98,Distinguished,,45.93,50,-,0,33.95,35,14.1,15,105.28,15.79,100,15,96.24,9.62,55.17,5.51,-,-,-,-,14.1,4.29,-,-,95.29,4.76,99.56,24.89,94.02,14.1
5,8,Augusta County ,843,Guy K. Stump Elementary,ES,89.86,Meets Expectations,TSI,50.83,55,30.01,35,9.02,10,-,0,90.21,20.29,92.11,20.72,98.07,9.8,^,^,90.62,15.85,80.88,14.15,9.76,9.02,-,-,-,-,-,-,-,-
5,8,Augusta County ,40,North River Elementary,ES,81.60,Meets Expectations,,52.95,65,20.12,25,8.51,10,-,0,86.65,19.49,87.82,19.75,95.83,9.58,41.17,4.11,85.66,10.7,75.37,9.42,14.85,8.51,-,-,-,-,-,-,-,-
5,8,Augusta County ,740,Riverheads Elementary,ES,87.78,Meets Expectations,,51.06,55,28.33,35,8.38,10,-,0,90.64,20.39,91.12,20.5,101.63,10.16,^,^,80.4,14.07,81.51,14.26,16.11,8.38,-,-,-,-,-,-,-,-
5,8,Augusta County ,680,Riverheads High,HS,90.36,Distinguished,,45.59,44.45,-,0,29.26,38.9,15.5,16.67,105.18,17.53,102.02,17,99.54,11.06,^,^,-,-,-,-,18.4,4.53,-,-,94.73,5.26,70.09,19.47,93.04,15.5
5,8,Augusta County ,70,Riverheads Middle,MS,91.80,Distinguished,,46.83,50,25.84,30,19.11,20,-,0,94.19,18.83,90.86,18.17,98.26,9.82,^,^,86.82,13.02,85.47,12.82,8.82,9.11,100,10,-,-,-,-,-,-
5,8,Augusta County ,90,S. Gordon Stewart Middle,MS,85.26,Meets Expectations,,49.83,60,16.98,20,18.43,20,-,0,89.85,17.97,89.4,17.88,92.97,9.29,46.87,4.68,81.77,8.17,88.09,8.8,13.75,8.62,98.14,9.81,-,-,-,-,-,-
5,8,Augusta County ,440,Stuarts Draft Elementary,ES,82.74,Approaching Expectations,TSI,54.57,65,19.13,25,9.03,10,-,0,88.61,19.93,90.6,20.38,95.31,9.53,47.22,4.72,77.79,9.72,75.26,9.4,9.69,9.03,-,-,-,-,-,-,-,-
5,8,Augusta County ,730,Stuarts Draft High,HS,88.01,Meets Expectations,,44.18,44.45,-,0,28.13,38.9,15.69,16.67,102.21,17.03,98.64,16.44,96.37,10.7,^,^,-,-,-,-,16.17,4.65,-,-,94.5,5.25,65.62,18.22,94.15,15.69
5,8,Augusta County ,60,Stuarts Draft Middle,MS,87.69,Meets Expectations,,45.1,50,24.37,30,18.21,20,-,0,90.42,18.08,87.72,17.54,94.75,9.47,^,^,81.7,12.25,80.79,12.11,15.45,8.45,97.56,9.75,-,-,-,-,-,-
5,8,Augusta County ,640,Wilson Elementary,ES,80.82,Approaching Expectations,TSI,53.02,65,18.7,25,9.09,10,-,0,84.5,19.01,85.72,19.28,97.19,9.71,50,5,75,9.37,74.64,9.33,9.06,9.09,-,-,-,-,-,-,-,-
5,8,Augusta County ,720,Wilson Memorial High,HS,94.34,Distinguished,,45.62,44.45,-,0,33.36,38.9,15.36,16.67,105.67,17.61,101.65,16.94,99.63,11.07,^,^,-,-,-,-,14.07,4.77,-,-,90.33,5.01,84.84,23.56,92.16,15.36
5,8,Augusta County ,844,Wilson Middle,MS,84.52,Approaching Expectations,TSI,50.18,60,16.41,20,17.92,20,-,0,89.33,17.86,90.68,18.13,91.77,9.17,50,5,79.33,7.93,84.77,8.47,18.98,8.1,98.27,9.82,-,-,-,-,-,-
5,9,Bath County ,140,Bath County High,MS-HS,107.04,Distinguished,,41.75,42.35,19.38,20.58,36.19,26.46,9.7,10.59,99.62,15.82,99.62,15.82,95.45,10.1,^,^,86.71,8.92,101.56,10.45,7.73,4.88,^,^,96.96,5.13,164.84,26.18,91.66,9.7
5,9,Bath County ,120,Millboro Elementary,ES,86.33,Approaching Expectations,TSI,50.78,55,26.23,35,9.31,10,-,0,90.78,20.42,90.46,20.35,100,10,^,^,80.64,14.11,69.26,12.12,6.81,9.31,-,-,-,-,-,-,-,-
5,9,Bath County ,150,Valley Elementary,ES,93.86,Distinguished,,52.87,55,31.43,35,9.55,10,-,0,95.95,21.58,94.04,21.16,101.25,10.12,^,^,90.74,15.87,88.88,15.55,4.44,9.55,-,-,-,-,-,-,-,-
5,10,Bedford County ,480,Bedford Elementary,ES,82.57,Approaching Expectations,TSI,47.22,55,26.91,35,8.44,10,-,0,84.01,18.9,83.86,18.86,94.51,9.45,^,^,79.26,13.87,74.51,13.03,15.59,8.44,-,-,-,-,-,-,-,-
5,10,Bedford County ,1200,Bedford Primary,ES,82.67,Approaching Expectations,TSI,47.22,55,26.91,35,8.54,10,-,0,84.01,18.9,83.86,18.86,94.51,9.45,^,^,79.26,13.87,74.51,13.03,14.56,8.54,-,-,-,-,-,-,-,-
5,10,Bedford County ,30,Big Island Elementary,ES,95.11,Distinguished,,52.79,55,33.35,35,8.96,10,-,0,93.47,21.03,98.18,22.09,96.66,9.66,^,^,88.12,15.42,102.5,17.93,10.37,8.96,-,-,-,-,-,-,-,-
5,10,Bedford County ,160,Boonsboro Elementary,ES,94.74,Distinguished,,54.81,55,30.47,35,9.45,10,-,0,98.11,22.07,97.95,22.04,107,10.7,^,^,86.61,15.15,87.5,15.31,5.42,9.45,-,-,-,-,-,-,-,-
5,10,Bedford County ,500,Forest Elementary,ES,93.83,Distinguished,,54.75,55,29.73,35,9.34,10,-,0,98.7,22.2,96.69,21.75,107.91,10.79,^,^,93.11,16.29,76.81,13.44,6.59,9.34,-,-,-,-,-,-,-,-
5,10,Bedford County ,1211,Forest Middle,MS,94.74,Distinguished,,49.22,50,26.56,30,18.95,20,-,0,100.22,20.04,96.46,19.29,98.9,9.89,^,^,91.54,13.73,85.54,12.83,10.47,8.95,100,10,-,-,-,-,-,-
5,10,Bedford County ,1214,Goodview Elementary,ES,93.36,Distinguished,,52.5,55,31.93,35,8.92,10,-,0,92.07,20.71,96.31,21.67,101.2,10.12,^,^,86.67,15.16,95.8,16.76,10.79,8.92,-,-,-,-,-,-,-,-
5,10,Bedford County ,980,Huddleston Elementary,ES,87.30,Meets Expectations,,51,55,27.24,35,9.05,10,-,0,94,21.15,89.6,20.16,96.96,9.69,^,^,88.25,15.44,67.42,11.79,9.47,9.05,-,-,-,-,-,-,-,-
5,10,Bedford County ,1212,Jefferson Forest High,HS,94.75,Meets Expectations,TSI,45.54,44.45,-,0,33.55,38.9,15.66,16.67,106.61,17.76,100.46,16.74,99.28,11.03,^,^,-,-,-,-,8.74,5.06,-,-,96.88,5.38,83.16,23.1,93.96,15.66
5,10,Bedford County ,1180,Liberty High,HS,85.47,Approaching Expectations,TSI,45.03,44.45,-,0,26.6,38.9,13.83,16.67,105.3,17.55,100.85,16.8,96.06,10.67,^,^,-,-,-,-,17.3,4.59,-,-,88.94,4.94,61.45,17.07,83.03,13.83
5,10,Bedford County ,490,Liberty Middle,MS,89.93,Distinguished,,46.16,50,25.62,30,18.14,20,-,0,93.58,18.71,91.83,18.36,90.82,9.08,^,^,86.47,12.97,84.33,12.65,14.89,8.51,96.34,9.63,-,-,-,-,-,-
5,10,Bedford County ,970,Moneta Elementary,ES,93.03,Distinguished,,54.05,55,29.8,35,9.17,10,-,0,98.01,22.05,97.77,22,100,10,^,^,87.28,15.27,83.05,14.53,8.24,9.17,-,-,-,-,-,-,-,-
5,10,Bedford County ,180,Montvale Elementary,ES,86.73,Meets Expectations,,49.93,55,28.43,35,8.35,10,-,0,89.8,20.2,89.6,20.16,95.73,9.57,^,^,79.76,13.95,82.73,14.47,16.43,8.35,-,-,-,-,-,-,-,-
5,10,Bedford County ,610,New London Academy Elementary,ES,99.55,Distinguished,,56.58,55,33.61,35,9.35,10,-,0,101.79,22.9,104.24,23.45,102.27,10.22,^,^,97.27,17.02,94.8,16.59,6.49,9.35,-,-,-,-,-,-,-,-
5,10,Bedford County ,1170,Otter River Elementary,ES,98.24,Distinguished,,56.13,55,32.56,35,9.54,10,-,0,98.64,22.19,103.71,23.33,106.03,10.6,^,^,89.79,15.71,96.27,16.84,4.51,9.54,-,-,-,-,-,-,-,-
5,10,Bedford County ,1190,Staunton River High,HS,91.47,Distinguished,,43.95,44.45,-,0,32.76,38.9,14.74,16.67,103.77,17.29,98.75,16.45,91.81,10.2,^,^,-,-,-,-,19.01,4.49,-,-,90.41,5.02,83.68,23.24,88.48,14.74
5,10,Bedford County ,1191,Staunton River Middle,MS,90.00,Distinguished,,46.62,50,25.76,30,17.61,20,-,0,93.34,18.66,91.14,18.22,97.26,9.72,^,^,87.73,13.15,84.03,12.6,17.85,8.21,94.04,9.4,-,-,-,-,-,-
5,10,Bedford County ,640,Stewartsville Elementary,ES,87.74,Meets Expectations,,51.06,55,27.76,35,8.91,10,-,0,92.69,20.85,91.79,20.65,95.5,9.55,^,^,79.46,13.9,79.21,13.86,10.87,8.91,-,-,-,-,-,-,-,-
5,10,Bedford County ,1213,Thomas Jefferson Elementary,ES,99.63,Meets Expectations,TSI,56.73,55,33.62,35,9.28,10,-,0,99.79,22.45,104.45,23.5,107.74,10.77,^,^,93.91,16.43,98.21,17.18,7.19,9.28,-,-,-,-,-,-,-,-
7,11,Bland County ,250,Bland County Elementary ,ES,88.89,Approaching Expectations,TSI,51.05,55,28.54,35,9.29,10,-,0,90.75,20.41,92.63,20.84,97.95,9.79,^,^,84.82,14.84,78.27,13.69,7.08,9.29,-,-,-,-,-,-,-,-
7,11,Bland County ,260,Bland County High,MS-HS,101.14,Distinguished,,38.14,40,16.18,20,37.15,30,9.65,10,97.53,14.63,91.21,13.68,98.28,9.82,^,^,84.6,8.46,77.28,7.72,10.12,4.49,95.83,4.79,89.36,4.46,156.01,23.4,96.55,9.65
6,12,Botetourt County ,220,Breckinridge Elementary,ES,90.99,Distinguished,,53.5,55,28.08,35,9.39,10,-,0,98.61,22.18,93.28,20.98,103.28,10.32,^,^,82.97,14.51,77.53,13.56,6.03,9.39,-,-,-,-,-,-,-,-
6,12,Botetourt County ,20,Buchanan Elementary,ES,92.79,Distinguished,,51.91,55,31.47,35,9.4,10,-,0,95.37,21.45,94.11,21.17,92.77,9.27,^,^,89.09,15.59,90.78,15.88,5.92,9.4,-,-,-,-,-,-,-,-
6,12,Botetourt County ,420,Central Academy Middle,MS,97.20,Distinguished,,50.05,50,28.19,30,18.96,20,-,0,97.78,19.55,103.73,20.74,97.47,9.74,^,^,87.93,13.19,100,15,10.37,8.96,100,10,-,-,-,-,-,-
6,12,Botetourt County ,390,Cloverdale Elementary,ES,97.02,Distinguished,,55.36,55,31.94,35,9.7,10,-,0,100.41,22.59,99.58,22.4,103.65,10.36,^,^,93.75,16.4,88.81,15.54,2.9,9.7,-,-,-,-,-,-,-,-
6,12,Botetourt County ,400,Colonial Elementary,ES,100.60,Distinguished,,57.31,55,33.85,35,9.43,10,-,0,103.51,23.28,104.27,23.46,105.63,10.56,^,^,94.42,16.52,99.03,17.33,5.66,9.43,-,-,-,-,-,-,-,-
6,12,Botetourt County ,30,Eagle Rock Elementary,ES,91.29,Distinguished,,52.32,55,29.92,35,9.04,10,-,0,95.09,26.15,95.19,26.17,^,^,^,^,85.29,14.92,85.71,14.99,9.56,9.04,-,-,-,-,-,-,-,-
6,12,Botetourt County ,460,Greenfield Elementary,ES,91.48,Meets Expectations,TSI,60.76,65,21.48,25,9.24,10,-,0,93.92,21.13,97.24,21.88,100.45,10.04,77,7.7,83.58,10.44,88.25,11.03,7.52,9.24,-,-,-,-,-,-,-,-
6,12,Botetourt County ,430,James River High,HS,97.06,Distinguished,,45.31,44.45,-,0,35.91,38.9,15.84,16.67,106.12,17.68,99.75,16.62,99,11,^,^,-,-,-,-,9.49,5.02,-,-,95.45,5.3,92.09,25.58,95.04,15.84
6,12,Botetourt County ,440,Lord Botetourt High,HS,95.66,Distinguished,,46.22,50,-,0,35.02,35,14.41,15,106.36,15.95,99.77,14.96,98.21,9.82,54.83,5.48,-,-,-,-,9.7,4.51,-,-,94.55,4.72,103.12,25.78,96.08,14.41
6,12,Botetourt County ,450,Read Mountain Middle,MS,92.37,Distinguished,,55.27,60,18.34,20,18.75,20,-,0,98.71,19.74,99.72,19.94,100.69,10.06,55.17,5.51,90.87,9.08,92.58,9.25,10.85,8.91,98.41,9.84,-,-,-,-,-,-
6,12,Botetourt County ,40,Troutville Elementary,ES,96.96,Distinguished,,55.84,55,31.87,35,9.24,10,-,0,102.7,23.1,101.35,22.8,99.37,9.93,^,^,91.42,15.99,90.71,15.87,7.56,9.24,-,-,-,-,-,-,-,-
7,102,Bristol City ,80,Virginia High,HS,92.27,Meets Expectations,TSI,44.06,44.45,-,0,33.51,38.9,14.69,16.67,101.52,16.92,99.17,16.52,95.58,10.62,^,^,-,-,-,-,28.33,3.98,-,-,89.17,4.95,88.48,24.57,88.16,14.69
7,102,Bristol City ,202,Virginia Intermediate School,ES,85.40,Approaching Expectations,TSI,55.87,65,21.41,25,8.11,10,-,0,89.58,20.15,86.03,19.35,94.85,9.48,68.75,6.87,87.14,10.89,84.13,10.51,18.83,8.11,-,-,-,-,-,-,-,-
7,102,Bristol City ,10,Virginia Middle,MS,88.37,Meets Expectations,,46.05,50,24.68,30,17.63,20,-,0,94.25,18.85,89.76,17.95,92.46,9.24,^,^,85.5,12.82,79.03,11.85,23.61,7.63,100,10,-,-,-,-,-,-
7,102,Bristol City ,200,Virginia Primary School,ES,85.72,Approaching Expectations,TSI,55.87,65,21.41,25,8.43,10,-,0,89.58,20.15,86.03,19.35,94.85,9.48,68.75,6.87,87.14,10.89,84.13,10.51,15.62,8.43,-,-,-,-,-,-,-,-
8,13,Brunswick County ,650,Brunswick High,HS,91.62,Distinguished,,43.08,44.45,-,0,33.39,38.9,15.15,16.67,97.77,16.29,98.34,16.39,93.56,10.39,^,^,-,-,-,-,17.53,4.58,-,-,88.57,4.92,86,23.88,90.9,15.15
8,13,Brunswick County ,660,James S. Russell Middle,MS,87.94,Approaching Expectations,TSI,44.21,50,24.92,30,18.8,20,-,0,89.91,17.98,85.77,17.15,90.78,9.07,^,^,83.02,12.45,83.13,12.46,11.93,8.8,100,10,-,-,-,-,-,-
7,14,Buchanan County ,90,Council Elementary/Middle,ES,84.45,Meets Expectations,,49.05,55,26.38,35,9.01,10,-,0,86.95,19.56,87.17,19.61,98.75,9.87,^,^,75.25,13.16,75.5,13.21,9.84,9.01,-,-,-,-,-,-,-,-
7,14,Buchanan County ,120,Hurley Elementary/Middle,ES,83.24,Meets Expectations,,49.39,55,25.24,35,8.6,10,-,0,92.05,20.71,89.01,20.02,86.53,8.65,^,^,79.56,13.92,64.68,11.31,13.91,8.6,-,-,-,-,-,-,-,-
7,14,Buchanan County ,1040,Riverview Elementary/Middle,ES-MS,84.00,Approaching Expectations,TSI,44.61,50,27.66,35,11.72,15,-,0,88.1,17.62,87.44,17.48,95.03,9.5,^,^,80.32,14.05,77.75,13.6,32.74,6.72,100,5,-,-,-,-,-,-
7,14,Buchanan County ,1041,Twin Valley Elementary/Middle,ES,89.44,Meets Expectations,,51,55,29.18,35,9.24,10,-,0,95.52,21.49,92.1,20.72,87.93,8.79,^,^,86.65,15.16,80.14,14.02,7.55,9.24,-,-,-,-,-,-,-,-
8,15,Buckingham County ,724,Buckingham Co Elementary,ES,84.96,Approaching Expectations,TSI,49.2,55,27.23,35,8.52,10,-,0,86.16,19.38,90.91,20.45,93.64,9.36,^,^,75.69,13.24,79.92,13.98,14.73,8.52,-,-,-,-,-,-,-,-
8,15,Buckingham County ,723,Buckingham Co Primary,ES,83.91,Approaching Expectations,TSI,49.2,55,27.23,35,7.47,10,-,0,86.16,19.38,90.91,20.45,93.64,9.36,^,^,75.69,13.24,79.92,13.98,25.29,7.47,-,-,-,-,-,-,-,-
8,15,Buckingham County ,700,Buckingham County High,HS,98.34,Meets Expectations,TSI,43.81,44.45,-,0,39.66,38.9,14.86,16.67,99.37,16.56,98.92,16.48,96.89,10.76,^,^,-,-,-,-,21.88,4.33,-,-,95.13,5.28,108.12,30.03,89.2,14.86
8,15,Buckingham County ,721,Buckingham County Middle,MS,80.21,Approaching Expectations,TSI,42.2,50,20.57,30,17.43,20,-,0,85.9,17.18,79.36,15.87,91.53,9.15,^,^,72.15,10.82,65.01,9.75,20.93,7.9,95.23,9.52,-,-,-,-,-,-
5,103,Buena Vista City ,40,Enderly Heights Elementary,ES,92.66,Distinguished,,51.76,55,31.74,35,9.15,10,-,0,93.2,20.97,92.09,20.72,100.7,10.07,^,^,91.23,15.96,90.17,15.77,8.48,9.15,-,-,-,-,-,-,-,-
5,103,Buena Vista City ,70,F.W. Kling Jr. Elementary,ES,92.25,Distinguished,,51.76,55,31.74,35,8.74,10,-,0,93.2,20.97,92.09,20.72,100.7,10.07,^,^,91.23,15.96,90.17,15.77,12.59,8.74,-,-,-,-,-,-,-,-
5,103,Buena Vista City ,62,Parry McCluer High,MS-HS,92.95,Distinguished,,40.04,42.35,14.48,20.58,29.39,26.46,9.03,10.59,95.16,15.11,94.44,14.99,93.8,9.93,^,^,74.21,7.64,66.53,6.84,14.69,4.51,^,^,87.09,4.61,127.58,20.26,85.29,9.03
5,103,Buena Vista City ,61,Parry McCluer Middle,ES,96.97,Distinguished,,53.66,55,34.13,35,9.17,10,-,0,96.84,26.63,98.3,27.03,^,^,^,^,93.91,16.43,101.12,17.69,8.26,9.17,-,-,-,-,-,-,-,-
5,16,Campbell County ,560,Altavista Elementary,ES,93.59,Distinguished,,52.4,55,31.96,35,9.22,10,-,0,92.74,20.86,95.56,21.5,100.33,10.03,^,^,87.41,15.29,95.23,16.66,7.75,9.22,-,-,-,-,-,-,-,-
5,16,Campbell County ,200,Altavista High,MS-HS,89.74,Meets Expectations,TSI,37.62,40,16.09,20,27.06,30,8.94,10,93.96,14.09,93.23,13.98,95.46,9.54,^,^,83.33,8.33,77.64,7.76,11.84,4.4,94.73,4.73,93.47,4.67,88.33,13.25,89.47,8.94
5,16,Campbell County ,650,Brookneal Elementary,ES,92.85,Distinguished,,51.18,55,32.48,35,9.18,10,-,0,92.63,20.84,92.76,20.87,94.69,9.46,^,^,94.01,16.45,91.59,16.02,8.11,9.18,-,-,-,-,-,-,-,-
5,16,Campbell County ,720,Brookville High,HS,91.92,Distinguished,,44.54,50,-,0,33.56,35,13.8,15,102.36,15.35,100.42,15.06,97.84,9.78,43.45,4.34,-,-,-,-,9.19,4.54,-,-,95.86,4.79,96.94,24.23,92.03,13.8
5,16,Campbell County ,20,Brookville Middle,MS,87.25,Meets Expectations,,51.56,60,16.65,20,19.03,20,-,0,92.93,18.58,93,18.6,92.48,9.24,51.25,5.12,84.42,8.44,82.16,8.21,7.16,9.28,97.5,9.75,-,-,-,-,-,-
5,16,Campbell County ,130,Concord Elementary,ES,91.21,Meets Expectations,TSI,50.6,55,31.11,35,9.49,10,-,0,90.76,20.42,92.05,20.71,94.69,9.46,^,^,86.38,15.11,91.41,15.99,5.01,9.49,-,-,-,-,-,-,-,-
5,16,Campbell County ,690,Leesville Road Elementary,ES,91.84,Meets Expectations,TSI,59.07,65,23.21,25,9.55,10,-,0,93.45,21.02,94.81,21.33,98.61,9.86,68.57,6.85,91.18,11.39,94.54,11.81,4.44,9.55,-,-,-,-,-,-,-,-
5,16,Campbell County ,821,Rustburg Elementary,ES,90.70,Meets Expectations,TSI,50.79,55,30.6,35,9.3,10,-,0,90.29,20.31,91.79,20.65,98.27,9.82,^,^,86.73,15.17,88.14,15.42,6.94,9.3,-,-,-,-,-,-,-,-
5,16,Campbell County ,222,Rustburg High,HS,95.55,Distinguished,,46.84,50,-,0,34.9,35,13.8,15,105.02,15.75,101.64,15.24,101.53,10.15,56.94,5.69,-,-,-,-,6.28,4.68,-,-,96.66,4.83,101.53,25.38,92.01,13.8
5,16,Campbell County ,211,Rustburg Middle,MS,88.98,Meets Expectations,,45.84,50,24.56,30,18.56,20,-,0,92.13,18.42,90.25,18.05,93.68,9.36,^,^,79.97,11.99,83.82,12.57,8.83,9.11,94.5,9.45,-,-,-,-,-,-
5,16,Campbell County ,60,Tomahawk Elementary,ES,87.50,Meets Expectations,,56.64,65,21.48,25,9.37,10,-,0,92.17,20.74,93.2,20.97,91.44,9.14,57.89,5.78,84.63,10.57,87.27,10.9,6.24,9.37,-,-,-,-,-,-,-,-
5,16,Campbell County ,542,William Campbell High,MS-HS,95.78,Distinguished,,38.05,40,17.34,20,30.87,30,9.51,10,96.74,14.51,94.03,14.1,94.36,9.43,^,^,88.6,8.86,84.81,8.48,8.55,4.57,100,5,94.02,4.7,110.65,16.59,95.16,9.51
5,16,Campbell County ,710,Yellow Branch Elementary,ES,91.58,Distinguished,,51.27,55,31.18,35,9.11,10,-,0,92.55,20.82,91.56,20.6,98.43,9.84,^,^,87.74,15.35,90.48,15.83,8.8,9.11,-,-,-,-,-,-,-,-
3,17,Caroline County ,620,Bowling Green Elementary,ES,80.31,Approaching Expectations,TSI,53.1,65,19.13,25,8.06,10,-,0,80.11,18.02,83.07,18.69,93.18,9.31,70.73,7.07,74.13,9.26,78.94,9.86,19.3,8.06,-,-,-,-,-,-,-,-
3,17,Caroline County ,460,Caroline High,HS,90.89,Meets Expectations,TSI,43.76,50,-,0,33.75,35,13.37,15,101.72,15.25,97.05,14.55,97.56,9.75,41.91,4.19,-,-,-,-,18.59,4.07,-,-,88.44,4.42,101.03,25.25,89.16,13.37
3,17,Caroline County ,450,Caroline Middle,MS,79.38,Needs Intensive Support,TSI,46.87,60,14.07,20,18.43,20,-,0,86.01,17.2,80.7,16.14,89.88,8.98,45.45,4.54,75.19,7.51,65.55,6.55,15.66,8.43,100,10,-,-,-,-,-,-
3,17,Caroline County ,9020,Lewis and Clark Elementary,ES,87.43,Meets Expectations,,56.96,65,21.75,25,8.71,10,-,0,90.63,20.39,91.15,20.51,101.77,10.17,58.87,5.88,86.06,10.75,87.97,10.99,12.85,8.71,-,-,-,-,-,-,-,-
3,17,Caroline County ,630,Madison Elementary,ES,85.71,Approaching Expectations,TSI,56.25,65,20.94,25,8.51,10,-,0,85.54,19.24,89.78,20.2,99.51,9.95,68.54,6.85,78.5,9.81,89.03,11.12,14.87,8.51,-,-,-,-,-,-,-,-
7,18,Carroll County ,1230,Carroll County High,HS,114.28,Distinguished,,46.72,50,-,0,53.49,35,14.06,15,103.74,15.56,100,15,97.63,9.76,64,6.4,-,-,-,-,9.92,4.5,-,-,91.9,4.59,177.57,44.39,93.77,14.06
7,18,Carroll County ,450,Carroll County Middle,MS,85.59,Meets Expectations,,49.38,60,17.09,20,19.1,20,-,0,93.54,18.7,94.53,18.9,96.28,9.62,21.42,2.14,83.96,8.39,87.02,8.7,8.93,9.1,100,10,-,-,-,-,-,-
7,18,Carroll County ,1180,Fancy Gap Elementary,ES,90.20,Distinguished,,52.27,55,28.61,35,9.31,10,-,0,96.61,21.73,94.06,21.16,93.75,9.37,^,^,80.4,14.07,83.1,14.54,6.89,9.31,-,-,-,-,-,-,-,-
7,18,Carroll County ,1150,Gladesboro Elementary,ES,95.88,Distinguished,,54.35,55,31.98,35,9.54,10,-,0,96.27,21.66,98.4,22.14,105.55,10.55,^,^,90.51,15.84,92.24,16.14,4.54,9.54,-,-,-,-,-,-,-,-
7,18,Carroll County ,1210,Gladeville Elementary,ES,86.18,Meets Expectations,,55.3,65,21.1,25,9.78,10,-,0,87.61,19.71,91.89,20.67,89.84,8.98,59.25,5.92,83.58,10.44,85.22,10.65,2.18,9.78,-,-,-,-,-,-,-,-
7,18,Carroll County ,1170,Hillsville Elementary,ES,89.64,Distinguished,,51.72,55,29,35,8.92,10,-,0,91.53,20.59,93.2,20.97,101.53,10.15,^,^,85.6,14.98,80.11,14.01,10.75,8.92,-,-,-,-,-,-,-,-
7,18,Carroll County ,1160,Laurel Elementary,ES,83.93,Meets Expectations,,48.18,55,26.95,35,8.79,10,-,0,86.3,19.41,89.28,20.08,86.8,8.68,^,^,79.46,13.9,74.55,13.04,12.04,8.79,-,-,-,-,-,-,-,-
7,18,Carroll County ,1130,Oakland Elementary,ES,77.18,Approaching Expectations,,53.03,65,15.42,25,8.72,10,-,0,92.72,20.86,87.02,19.58,97.32,9.73,28.57,2.85,61.17,7.64,62.23,7.77,12.72,8.72,-,-,-,-,-,-,-,-
7,18,Carroll County ,1110,St. Paul,ES,87.28,Approaching Expectations,TSI,49.77,55,28.29,35,9.21,10,-,0,86.45,19.45,93.75,21.09,92.26,9.22,^,^,77.22,13.51,84.44,14.77,7.82,9.21,-,-,-,-,-,-,-,-
1,19,Charles City County ,80,Charles City County Elementary,ES,73.60,Needs Intensive Support,TSI,41.69,55,23.47,35,8.44,10,-,0,77.21,17.37,72.4,16.29,80.26,8.02,^,^,72.39,12.66,61.73,10.8,15.57,8.44,-,-,-,-,-,-,-,-
1,19,Charles City County ,100,Charles City County High,MS-HS,82.34,Meets Expectations,,37.08,42.35,14.42,20.58,22.11,26.46,8.71,10.59,91.76,14.57,82.1,13.03,89.47,9.47,^,^,70.67,7.27,69.44,7.14,19.02,4.28,^,^,93.93,4.97,80.92,12.85,82.35,8.71
8,20,Charlotte County ,470,Bacon District Elementary,ES,96.91,Distinguished,,55.65,55,32.28,35,8.97,10,-,0,100,22.5,100.37,22.58,105.68,10.56,^,^,92,16.1,92.5,16.18,10.27,8.97,-,-,-,-,-,-,-,-
8,20,Charlotte County ,210,Central Middle,MS,93.38,Distinguished,,48.29,50,26.41,30,18.66,20,-,0,95.98,19.19,98.13,19.62,94.74,9.47,^,^,85.83,12.87,90.29,13.54,13.37,8.66,100,10,-,-,-,-,-,-
8,20,Charlotte County ,100,Eureka Elementary,ES,94.78,Distinguished,,54.98,55,30.91,35,8.88,10,-,0,98.59,22.18,98.34,22.12,106.71,10.67,^,^,86.85,15.19,89.81,15.71,11.16,8.88,-,-,-,-,-,-,-,-
8,20,Charlotte County ,450,Phenix Elementary,ES,91.98,Distinguished,,52.59,55,31.05,35,8.33,10,-,0,94.27,21.21,95.05,21.38,100,10,^,^,90.57,15.85,86.88,15.2,16.66,8.33,-,-,-,-,-,-,-,-
8,20,Charlotte County ,460,Randolph-Henry High,HS,110.56,Distinguished,,44.89,44.45,-,0,50.33,38.9,15.33,16.67,103.66,17.27,99.35,16.55,99.54,11.06,^,^,-,-,-,-,16.37,4.64,-,-,90,5,146.49,40.69,92,15.33
5,104,Charlottesville City ,140,Charlottesville High,HS,83.43,Approaching Expectations,TSI,43.99,50,-,0,26.95,35,12.48,15,101.82,15.27,99.78,14.96,99.14,9.91,38.37,3.83,-,-,-,-,30.57,3.47,-,-,89.07,4.45,76.13,19.03,83.2,12.48
5,104,Charlottesville City ,100,Charlottesville Middle,MS,84.28,Approaching Expectations,TSI,50.15,60,16.18,20,17.95,20,-,0,86.72,17.34,87.54,17.5,93.21,9.32,59.74,5.97,77.59,7.75,84.26,8.42,19.32,8.06,98.84,9.88,-,-,-,-,-,-
5,104,Charlottesville City ,90,Greenbrier Elementary,ES,87.76,Approaching Expectations,TSI,56.96,65,21.24,25,9.54,10,-,0,95.58,26.28,92.89,25.54,^,^,51.35,5.13,89.7,11.21,80.28,10.03,4.56,9.54,-,-,-,-,-,-,-,-
5,104,Charlottesville City ,120,Jackson-Via Elementary,ES,81.26,Approaching Expectations,TSI,51.74,65,20.9,25,8.61,10,-,0,83.95,23.08,83.82,23.05,^,^,56,5.6,81.6,10.2,85.64,10.7,13.86,8.61,-,-,-,-,-,-,-,-
5,104,Charlottesville City ,50,Summit Elementary,ES,83.35,Meets Expectations,,52.49,65,22.14,25,8.71,10,-,0,85.35,23.47,86.5,23.78,^,^,52.38,5.23,85.78,10.72,91.34,11.41,12.8,8.71,-,-,-,-,-,-,-,-
5,104,Charlottesville City ,70,Sunrise Elementary,ES,97.63,Distinguished,,62.58,65,25.42,25,9.61,10,-,0,100.46,27.62,104.9,28.84,^,^,61.11,6.11,97.16,12.14,106.25,13.28,3.83,9.61,-,-,-,-,-,-,-,-
5,104,Charlottesville City ,10,Tall Oaks Elementary,ES,83.99,Approaching Expectations,TSI,52.4,65,22.67,25,8.92,10,-,0,79.85,21.95,81.06,22.29,^,^,81.48,8.14,86.97,10.87,94.38,11.79,10.8,8.92,-,-,-,-,-,-,-,-
5,104,Charlottesville City ,40,Trailblazer Elementary,ES,89.18,Approaching Expectations,TSI,56.78,65,23.57,25,8.82,10,-,0,92.68,25.48,92.75,25.5,^,^,57.89,5.78,91.14,11.39,97.44,12.18,11.76,8.82,-,-,-,-,-,-,-,-
2,136,Chesapeake City ,35,B.M. Williams Elementary,ES,88.96,Approaching Expectations,TSI,58.65,65,21.79,25,8.51,10,-,0,91.61,20.61,95.46,21.48,95.25,9.52,70.37,7.03,85.2,10.65,89.15,11.14,14.82,8.51,-,-,-,-,-,-,-,-
2,136,Chesapeake City ,860,Butts Road Intermediate,ES,97.00,Distinguished,,55.43,55,32.13,35,9.43,10,-,0,99.2,22.32,101.33,22.8,103.15,10.31,^,^,88.48,15.48,95.15,16.65,5.68,9.43,-,-,-,-,-,-,-,-
2,136,Chesapeake City ,770,Butts Road Primary,ES,97.05,Distinguished,,55.43,55,32.13,35,9.48,10,-,0,99.2,22.32,101.33,22.8,103.15,10.31,^,^,88.48,15.48,95.15,16.65,5.15,9.48,-,-,-,-,-,-,-,-
2,136,Chesapeake City ,90,Camelot Elementary,ES,83.37,Approaching Expectations,TSI,54,65,20.33,25,9.03,10,-,0,82.44,18.55,88.76,19.97,88.73,8.87,66.12,6.61,80.67,10.08,81.99,10.24,9.66,9.03,-,-,-,-,-,-,-,-
2,136,Chesapeake City ,900,Cedar Road Elementary,ES,94.11,Distinguished,,61.94,65,22.6,25,9.55,10,-,0,98.98,22.27,101.82,22.91,102.65,10.26,65,6.5,90.48,11.31,90.39,11.29,4.46,9.55,-,-,-,-,-,-,-,-
2,136,Chesapeake City ,45,Crestwood Elementary School,ES,91.32,Distinguished,,60.45,65,21.97,25,8.9,10,-,0,90.57,20.37,96.81,21.78,96.27,9.62,86.66,8.66,82.73,10.34,93.02,11.62,10.98,8.9,-,-,-,-,-,-,-,-
2,136,Chesapeake City ,560,Crestwood Middle,MS,86.87,Meets Expectations,,52.05,60,16.42,20,18.38,20,-,0,92.53,18.5,89.7,17.94,91.57,9.15,64.47,6.44,83.82,8.38,80.46,8.04,14.6,8.53,98.48,9.84,-,-,-,-,-,-
2,136,Chesapeake City ,660,Deep Creek Central Elementary,ES,93.69,Distinguished,,53.73,55,30.75,35,9.21,10,-,0,94.94,21.36,99.65,22.42,99.48,9.94,^,^,83.3,14.57,92.42,16.17,7.88,9.21,-,-,-,-,-,-,-,-
2,136,Chesapeake City ,210,Deep Creek Elementary,ES,88.09,Meets Expectations,,57.45,65,21.7,25,8.93,10,-,0,92.53,20.82,96.54,21.72,97.04,9.7,52.02,5.2,85.81,10.72,87.83,10.97,10.61,8.93,-,-,-,-,-,-,-,-
2,136,Chesapeake City ,100,Deep Creek High,HS,84.68,Meets Expectations,,44.63,50,-,0,26.65,35,13.39,15,103.78,15.56,100.42,15.06,97.84,9.78,42.18,4.21,-,-,-,-,11.6,4.41,-,-,90.9,4.54,70.76,17.69,89.31,13.39
2,136,Chesapeake City ,610,Deep Creek Middle,MS,85.38,Meets Expectations,,51.49,60,15.61,20,18.28,20,-,0,93.6,18.72,87.95,17.59,95.28,9.52,56.52,5.65,82.06,8.2,74.03,7.4,12.99,8.7,95.83,9.58,-,-,-,-,-,-
2,136,Chesapeake City ,640,Edwin W. Chittum Elementary,ES,96.62,Distinguished,,55.45,55,31.93,35,9.22,10,-,0,97.38,21.91,102.65,23.09,104.47,10.44,^,^,88.15,15.42,94.35,16.51,7.72,9.22,-,-,-,-,-,-,-,-
2,136,Chesapeake City ,720,G.A. Treakle Elementary,ES,94.02,Distinguished,,61.54,65,23.64,25,8.83,10,-,0,97.76,21.99,100.65,22.64,102.34,10.23,66.66,6.66,95.83,11.97,93.34,11.66,11.64,8.83,-,-,-,-,-,-,-,-
2,136,Chesapeake City ,50,George W. Carver Intermediate,ES,80.82,Approaching Expectations,TSI,52.45,65,19.55,25,8.81,10,-,0,80.74,18.16,86.56,19.47,90.33,9.03,57.81,5.78,76.22,9.52,80.22,10.02,11.87,8.81,-,-,-,-,-,-,-,-
2,136,Chesapeake City ,820,Georgetown Primary,ES,83.38,Approaching Expectations,TSI,56.05,65,19.21,25,8.11,10,-,0,83.84,18.86,85.78,19.3,92.5,9.25,86.36,8.63,74.51,9.31,79.23,9.9,18.82,8.11,-,-,-,-,-,-,-,-
2,136,Chesapeake City ,950,Grassfield Elementary,ES,96.52,Distinguished,,63.44,65,23.53,25,9.53,10,-,0,100.07,22.51,104.47,23.5,102.75,10.27,71.42,7.14,93.06,11.63,95.25,11.9,4.6,9.53,-,-,-,-,-,-,-,-
2,136,Chesapeake City ,960,Grassfield High,HS,94.37,Distinguished,,48.08,50,-,0,31.76,35,14.52,15,109.13,16.37,103.32,15.49,101.08,10.1,61.11,6.11,-,-,-,-,6.48,4.67,-,-,97.08,4.85,88.94,22.23,96.83,14.52
2,136,Chesapeake City ,120,Great Bridge High,HS,93.04,Distinguished,,46.97,50,-,0,32.3,35,13.76,15,106.77,16.01,99.39,14.9,100.54,10.05,60,6,-,-,-,-,10.02,4.49,-,-,95.45,4.77,92.12,23.03,91.73,13.76
2,136,Chesapeake City ,850,Great Bridge Intermediate,ES,96.79,Distinguished,,64,65,23.38,25,9.4,10,-,0,98.83,22.23,100.77,22.67,99.23,9.92,91.66,9.16,92.4,11.55,94.65,11.83,5.9,9.4,-,-,-,-,-,-,-,-
2,136,Chesapeake City ,590,Great Bridge Middle,MS,92.71,Distinguished,,56.06,60,17.81,20,18.84,20,-,0,101.36,20.27,98.44,19.68,101.01,10.1,60,6,91.4,9.14,86.73,8.67,7.99,9.2,96.41,9.64,-,-,-,-,-,-
2,136,Chesapeake City ,680,Great Bridge Primary,ES,96.79,Distinguished,,64,65,23.38,25,9.4,10,-,0,98.83,22.23,100.77,22.67,99.23,9.92,91.66,9.16,92.4,11.55,94.65,11.83,5.9,9.4,-,-,-,-,-,-,-,-
2,136,Chesapeake City ,870,Greenbrier Intermediate,ES,91.07,Distinguished,,59.93,65,22.24,25,8.88,10,-,0,93.16,20.96,94.66,21.29,96.02,9.6,80.76,8.07,86.91,10.86,91.07,11.38,11.14,8.88,-,-,-,-,-,-,-,-
2,136,Chesapeake City ,972,Greenbrier Middle,MS,92.14,Distinguished,,48.08,50,25.33,30,18.71,20,-,0,96.38,19.27,95.31,19.06,97.48,9.74,^,^,86.84,13.02,82.09,12.31,10.58,8.94,97.75,9.77,-,-,-,-,-,-
2,136,Chesapeake City ,140,Greenbrier Primary,ES,90.82,Distinguished,,59.93,65,22.24,25,8.63,10,-,0,93.16,20.96,94.66,21.29,96.02,9.6,80.76,8.07,86.91,10.86,91.07,11.38,13.6,8.63,-,-,-,-,-,-,-,-
2,136,Chesapeake City ,340,Hickory Elementary,ES,99.91,Distinguished,,57.31,55,33.4,35,9.18,10,-,0,101.88,22.92,105.64,23.76,106.25,10.62,^,^,93.46,16.35,97.42,17.04,8.12,9.18,-,-,-,-,-,-,-,-
2,136,Chesapeake City ,890,Hickory High,HS,94.36,Distinguished,,46.3,44.45,-,0,32.28,38.9,15.78,16.67,108.07,18.01,102.07,17.01,101.47,11.27,^,^,-,-,-,-,5.6,5.24,-,-,97.08,5.39,77.92,21.64,94.68,15.78
2,136,Chesapeake City ,280,Hickory Middle,MS,96.00,Distinguished,,49.95,50,27.16,30,18.87,20,-,0,100.87,20.17,98.42,19.68,100.96,10.09,^,^,92,13.8,89.11,13.36,6.97,9.3,95.74,9.57,-,-,-,-,-,-
2,136,Chesapeake City ,920,Hugo A. Owens Middle,MS,88.51,Meets Expectations,,52.17,60,17.19,20,19.13,20,-,0,98.21,19.64,95.87,19.17,97.22,9.72,36.36,3.63,88.8,8.88,83.19,8.31,7.71,9.22,99.07,9.9,-,-,-,-,-,-
2,136,Chesapeake City ,830,Indian River High,HS,82.87,Approaching Expectations,TSI,46.74,50,-,0,23.05,35,13.07,15,100.71,15.1,98.48,14.77,95.89,9.58,72.72,7.27,-,-,-,-,14.09,4.29,-,-,94.07,4.7,56.23,14.05,87.15,13.07
2,136,Chesapeake City ,710,Indian River Middle,MS,83.06,Meets Expectations,,50.41,60,15.07,20,17.57,20,-,0,88.54,17.7,82.34,16.46,89.63,8.96,72.72,7.27,80.38,8.03,70.32,7.03,20.7,7.92,96.47,9.64,-,-,-,-,-,-
2,136,Chesapeake City ,973,Jolliff Middle,MS,92.18,Distinguished,,47.88,50,25.13,30,19.15,20,-,0,96.91,19.38,94.27,18.85,96.49,9.64,^,^,84.68,12.7,82.91,12.43,7.59,9.24,99.14,9.91,-,-,-,-,-,-
2,136,Chesapeake City ,160,Norfolk Highlands Primary,ES,86.01,Approaching Expectations,TSI,50.4,55,26.9,35,8.71,10,-,0,90.7,20.4,92.18,20.74,92.5,9.25,^,^,74.51,13.04,79.23,13.86,12.89,8.71,-,-,-,-,-,-,-,-
2,136,Chesapeake City ,80,Oscar F. Smith High,HS,80.15,Approaching Expectations,TSI,44.73,50,-,0,22.57,35,12.83,15,101.28,15.19,100,15,99.12,9.91,46.34,4.63,-,-,-,-,21.66,3.91,-,-,89.98,4.49,56.64,14.16,85.56,12.83
2,136,Chesapeake City ,10,Oscar Smith Middle,MS,82.25,Meets Expectations,,49.12,60,15.91,20,17.21,20,-,0,84.94,16.98,86.54,17.3,86.29,8.62,62,6.2,75.95,7.59,83.17,8.31,26.77,7.32,98.94,9.89,-,-,-,-,-,-
2,136,Chesapeake City ,730,Portlock Primary,ES,80.42,Approaching Expectations,TSI,52.45,65,19.55,25,8.41,10,-,0,80.74,18.16,86.56,19.47,90.33,9.03,57.81,5.78,76.22,9.52,80.22,10.02,15.89,8.41,-,-,-,-,-,-,-,-
2,136,Chesapeake City ,200,Rena B. Wright Primary,ES,82.42,Meets Expectations,,48.32,55,26.96,35,7.14,10,-,0,87.54,19.69,89.07,20.04,85.79,8.57,^,^,76.34,13.36,77.71,13.59,28.57,7.14,-,-,-,-,-,-,-,-
2,136,Chesapeake City ,620,Southeastern Elementary,ES,96.45,Distinguished,,54.82,55,32.27,35,9.35,10,-,0,99.2,22.32,99.83,22.46,100.35,10.03,^,^,92.44,16.17,91.99,16.09,6.43,9.35,-,-,-,-,-,-,-,-
2,136,Chesapeake City ,600,Southwestern Elementary,ES,92.72,Distinguished,,52.8,55,31.24,35,8.68,10,-,0,93.62,21.06,97.46,21.93,98.05,9.8,^,^,87.26,15.27,91.25,15.96,13.12,8.68,-,-,-,-,-,-,-,-
2,136,Chesapeake City ,750,Sparrow Road Intermediate,ES,85.54,Meets Expectations,,57.27,65,19.21,25,9.04,10,-,0,87.5,19.68,88.62,19.93,92.5,9.25,84,8.4,74.51,9.31,79.23,9.9,9.54,9.04,-,-,-,-,-,-,-,-
2,136,Chesapeake City ,40,Thurgood Marshall Elementary,ES,78.58,Needs Intensive Support,TSI,45.03,55,26.39,35,7.15,10,-,0,79.51,17.88,83.07,18.69,84.54,8.45,^,^,78.63,13.76,72.19,12.63,28.46,7.15,-,-,-,-,-,-,-,-
2,136,Chesapeake City ,971,Truitt Intermediate,ES,83.93,Meets Expectations,,48.32,55,26.96,35,8.65,10,-,0,87.54,19.69,89.07,20.04,85.79,8.57,^,^,76.34,13.36,77.71,13.59,13.46,8.65,-,-,-,-,-,-,-,-
2,136,Chesapeake City ,840,Western Branch High,HS,84.33,Meets Expectations,,45.93,50,-,0,24.51,35,13.88,15,103.15,15.47,99.75,14.96,98.74,9.87,56.25,5.62,-,-,-,-,14.35,4.28,-,-,93.29,4.66,62.25,15.56,92.59,13.88
2,136,Chesapeake City ,810,Western Branch Intermediate,ES,88.62,Meets Expectations,,57.64,65,21.62,25,9.34,10,-,0,92.88,20.89,94.67,21.3,96.88,9.68,57.57,5.75,84.01,10.5,88.96,11.12,6.5,9.34,-,-,-,-,-,-,-,-
2,136,Chesapeake City ,740,Western Branch Middle,MS,91.18,Distinguished,,55.36,60,17.01,20,18.79,20,-,0,96,19.2,92.23,18.44,98.22,9.82,78.94,7.89,86.18,8.61,84,8.4,9.95,9,97.93,9.79,-,-,-,-,-,-
2,136,Chesapeake City ,110,Western Branch Primary,ES,88.27,Meets Expectations,,57.64,65,21.62,25,9,10,-,0,92.88,20.89,94.67,21.3,96.88,9.68,57.57,5.75,84.01,10.5,88.96,11.12,9.95,9,-,-,-,-,-,-,-,-
1,21,Chesterfield County ,620,A.M. Davis Elementary,ES,85.35,Approaching Expectations,TSI,55.1,65,21.16,25,9.08,10,-,0,84.78,19.07,87.29,19.64,96.71,9.67,67.2,6.72,82.94,10.36,86.34,10.79,9.13,9.08,-,-,-,-,-,-,-,-
1,21,Chesterfield County ,861,Alberta Smith Elementary,ES,96.85,Distinguished,,64.22,65,23.28,25,9.35,10,-,0,101.08,22.74,105.17,23.66,106.74,10.67,71.42,7.14,90.26,11.28,95.98,11.99,6.46,9.35,-,-,-,-,-,-,-,-
1,21,Chesterfield County ,631,Bailey Bridge Middle,MS,83.76,Meets Expectations,,50.79,60,16.3,20,16.67,20,-,0,91.74,18.34,90.4,18.08,91.83,9.18,51.78,5.17,83.61,8.36,79.42,7.94,15.23,8.47,81.96,8.19,-,-,-,-,-,-
1,21,Chesterfield County ,660,Bellwood Elementary,ES,76.04,Needs Intensive Support,TSI,48.69,65,18.69,25,8.65,10,-,0,72.54,16.32,78.72,17.71,86.68,8.66,59.94,5.99,74.85,9.35,74.7,9.33,13.44,8.65,-,-,-,-,-,-,-,-
1,21,Chesterfield County ,430,Bensley Elementary,ES,72.19,Approaching Expectations,CSI,45.58,65,18.54,25,8.05,10,-,0,70.08,15.76,73.7,16.58,83.33,8.33,48.98,4.89,72.25,9.03,76.11,9.51,19.4,8.05,-,-,-,-,-,-,-,-
1,21,Chesterfield County ,510,Bettie Weaver Elementary,ES,97.96,Distinguished,,55.63,55,32.45,35,9.86,10,-,0,100.65,22.64,100.73,22.66,103.28,10.32,^,^,92.82,16.24,92.65,16.21,1.31,9.86,-,-,-,-,-,-,-,-
1,21,Chesterfield County ,130,Beulah Elementary,ES,76.55,Needs Intensive Support,TSI,50.09,65,17.77,25,8.68,10,-,0,78.03,17.55,79.4,17.86,89.89,8.98,56.85,5.68,75.77,9.47,66.41,8.3,13.16,8.68,-,-,-,-,-,-,-,-
1,21,Chesterfield County ,20,Bon Air Elementary,ES,87.65,Approaching Expectations,TSI,56.82,65,21.71,25,9.11,10,-,0,92.3,20.76,93.82,21.11,94.88,9.48,54.54,5.45,88.83,11.1,84.84,10.6,8.82,9.11,-,-,-,-,-,-,-,-
1,21,Chesterfield County ,50,C.C. Wells Elementary,ES,84.09,Meets Expectations,,55.27,65,20.19,25,8.63,10,-,0,90.19,20.29,89.89,20.22,95.65,9.56,51.85,5.18,81.64,10.2,79.89,9.98,13.66,8.63,-,-,-,-,-,-,-,-
1,21,Chesterfield County ,492,C.E. Curtis Elementary,ES,86.03,Meets Expectations,,56.33,65,20.59,25,9.1,10,-,0,87.73,19.74,89.5,20.13,97.32,9.73,67.18,6.71,80.86,10.1,83.91,10.48,8.95,9.1,-,-,-,-,-,-,-,-
1,21,Chesterfield County ,30,Carver College and Career Academy,HS,46.96,Needs Intensive Support,CSI,29.88,44.45,-,0,11.67,38.9,5.4,16.67,51.47,8.57,92.14,15.35,53.57,5.95,^,^,-,-,-,-,46.8,2.95,-,-,34.53,1.91,24.47,6.79,32.41,5.4
1,21,Chesterfield County ,420,Carver Middle,MS,76.01,Needs Intensive Support,TSI,45.51,60,14.84,20,15.64,20,-,0,86.1,17.22,80.79,16.15,86.21,8.62,35.15,3.51,77.96,7.79,70.53,7.05,18.37,8.16,74.86,7.48,-,-,-,-,-,-
1,21,Chesterfield County ,93,Chesterfield Virtual School,ES-MS,76.25,Needs Intensive Support,TSI,46.31,60,17.76,25,12.17,15,-,0,86.12,17.22,74.13,14.82,83.41,8.34,59.21,5.92,77.76,9.72,64.33,8.04,14.61,8.53,72.72,3.63,-,-,-,-,-,-
1,21,Chesterfield County ,150,Clover Hill Elementary,ES,91.19,Distinguished,,60.33,65,21.67,25,9.19,10,-,0,95.82,21.56,96.86,21.79,101.39,10.13,68.36,6.83,89.58,11.19,83.8,10.47,8.07,9.19,-,-,-,-,-,-,-,-
1,21,Chesterfield County ,740,Clover Hill High,HS,92.22,Distinguished,,45.98,50,-,0,32.22,35,14.01,15,107.06,16.06,100.46,15.07,101.78,10.17,46.73,4.67,-,-,-,-,14.47,4.27,-,-,96.1,4.8,92.59,23.14,93.44,14.01
1,21,Chesterfield County ,840,Cosby High,HS,99.07,Distinguished,,45.22,50,-,0,39.28,35,14.56,15,107.94,16.19,100.46,15.06,100.65,10.06,38.97,3.89,-,-,-,-,6.93,4.65,-,-,98.13,4.9,118.89,29.72,97.1,14.56
1,21,Chesterfield County ,560,Crestwood Elementary,ES,89.57,Meets Expectations,TSI,57.8,65,22.43,25,9.33,10,-,0,89.1,20.04,95.66,21.52,97.89,9.78,64.41,6.44,86.83,10.85,92.67,11.58,6.66,9.33,-,-,-,-,-,-,-,-
1,21,Chesterfield County ,94,Deep Creek Middle,MS,91.01,Distinguished,,54.74,60,17.63,20,18.63,20,-,0,98.22,19.64,99.8,19.96,91.36,9.13,60,6,86.55,8.65,89.83,8.98,6.67,9.33,92.98,9.29,-,-,-,-,-,-
1,21,Chesterfield County ,480,Ecoff Elementary,ES,83.62,Approaching Expectations,TSI,55.01,65,19.75,25,8.85,10,-,0,87.09,19.59,88.81,19.98,94,9.4,60.31,6.03,79.84,9.98,78.21,9.77,11.43,8.85,-,-,-,-,-,-,-,-
1,21,Chesterfield County ,870,Elizabeth Davis Middle,MS,86.23,Meets Expectations,,51.15,60,17.2,20,17.88,20,-,0,92.12,18.42,92.94,18.58,90.8,9.08,50.6,5.06,85.22,8.52,86.79,8.67,14.87,8.51,93.69,9.36,-,-,-,-,-,-
1,21,Chesterfield County ,850,Elizabeth Scott Elementary,ES,90.74,Distinguished,,58.85,65,22.69,25,9.19,10,-,0,92.1,20.72,97.66,21.97,96.82,9.68,64.71,6.47,87.39,10.92,94.17,11.77,8.05,9.19,-,-,-,-,-,-,-,-
1,21,Chesterfield County ,390,Enon Elementary,ES,88.46,Meets Expectations,,57.37,65,22.13,25,8.96,10,-,0,93.62,21.06,92.32,20.77,97,9.7,58.33,5.83,87.79,10.97,89.25,11.15,10.35,8.96,-,-,-,-,-,-,-,-
1,21,Chesterfield County ,350,Ettrick Elementary,ES,89.75,Distinguished,,58.01,65,23.02,25,8.71,10,-,0,91.95,20.68,94.77,21.32,94.54,9.45,65.51,6.55,92.42,11.55,91.76,11.47,12.89,8.71,-,-,-,-,-,-,-,-
1,21,Chesterfield County ,300,Evergreen Elementary,ES,86.77,Meets Expectations,,57.43,65,20.2,25,9.13,10,-,0,89.45,20.12,90.89,20.45,96.27,9.62,72.34,7.23,83.09,10.38,78.54,9.81,8.67,9.13,-,-,-,-,-,-,-,-
1,21,Chesterfield County ,590,Falling Creek Elementary,ES,74.50,Needs Intensive Support,TSI,47.72,65,18.91,25,7.85,10,-,0,73.26,16.48,76.25,17.15,87.81,8.78,53.04,5.3,79.82,9.97,71.49,8.93,21.4,7.85,-,-,-,-,-,-,-,-
1,21,Chesterfield County ,670,Falling Creek Middle,MS,67.38,Approaching Expectations,CSI,38.94,60,11.85,20,16.59,20,-,0,73.14,14.62,65.3,13.06,81.68,8.16,30.88,3.08,66.19,6.61,52.31,5.23,26.93,7.3,92.85,9.28,-,-,-,-,-,-
1,21,Chesterfield County ,180,Grange Hall Elementary,ES,94.57,Distinguished,,55.31,55,30.01,35,9.24,10,-,0,98.74,22.21,100.28,22.56,105.38,10.53,^,^,85.22,14.91,86.27,15.09,7.53,9.24,-,-,-,-,-,-,-,-
1,21,Chesterfield County ,70,Greenfield Elementary,ES,95.48,Distinguished,,62.54,65,23.39,25,9.54,10,-,0,100.07,22.51,101.73,22.89,105.7,10.57,65.71,6.57,94.4,11.8,92.73,11.59,4.55,9.54,-,-,-,-,-,-,-,-
1,21,Chesterfield County ,460,Harrowgate Elementary,ES,78.88,Needs Intensive Support,TSI,52.03,65,19.12,25,7.73,10,-,0,81.55,18.34,79.45,17.87,91.94,9.19,66.12,6.61,76.49,9.56,76.48,9.56,22.67,7.73,-,-,-,-,-,-,-,-
1,21,Chesterfield County ,60,Hopkins Road Elementary,ES,79.27,Needs Intensive Support,TSI,50.43,65,20.02,25,8.81,10,-,0,79.91,17.98,82.21,18.49,90.67,9.06,48.88,4.88,77.47,9.68,82.74,10.34,11.87,8.81,-,-,-,-,-,-,-,-
1,21,Chesterfield County ,550,J.A. Chalkley Elementary,ES,77.24,Needs Intensive Support,TSI,49.07,65,19.91,25,8.25,10,-,0,75.41,16.96,78.69,17.7,85.84,8.58,58.13,5.81,80.35,10.04,78.94,9.86,17.42,8.25,-,-,-,-,-,-,-,-
1,21,Chesterfield County ,650,J.B. Watkins Elementary,ES,95.30,Distinguished,,62.83,65,23.31,25,9.15,10,-,0,100.95,22.71,103.59,23.3,103.44,10.34,64.7,6.47,91.85,11.48,94.66,11.83,8.44,9.15,-,-,-,-,-,-,-,-
1,21,Chesterfield County ,500,J.G. Hening Elementary,ES,78.91,Needs Intensive Support,TSI,50.09,65,19.88,25,8.93,10,-,0,79.88,17.97,82.59,18.58,90.38,9.03,45.02,4.5,79.22,9.9,79.81,9.97,10.64,8.93,-,-,-,-,-,-,-,-
1,21,Chesterfield County ,400,Jacobs Road Elementary,ES,87.64,Approaching Expectations,TSI,56.71,65,22.25,25,8.68,10,-,0,89.62,20.16,94.54,21.27,95.95,9.59,56.79,5.67,89.35,11.16,88.66,11.08,13.19,8.68,-,-,-,-,-,-,-,-
1,21,Chesterfield County ,770,James River High,HS,89.29,Meets Expectations,,45.97,50,-,0,30.42,35,12.89,15,106.25,15.93,96.11,14.41,97.99,9.79,58.17,5.81,-,-,-,-,11.03,4.44,-,-,92.6,4.63,85.4,21.35,85.98,12.89
1,21,Chesterfield County ,10,Lloyd C. Bird High,HS,83.96,Approaching Expectations,TSI,43.11,50,-,0,27.67,35,13.17,15,101.55,15.23,95.15,14.27,93.88,9.38,42.18,4.21,-,-,-,-,22.1,3.89,-,-,90.92,4.54,76.92,19.23,87.82,13.17
1,21,Chesterfield County ,632,Manchester High,HS,85.08,Approaching Expectations,TSI,42.55,50,-,0,29.35,35,13.17,15,100.91,15.13,94.71,14.2,97.07,9.7,35.04,3.5,-,-,-,-,13.97,4.3,-,-,92.39,4.61,81.72,20.43,87.86,13.17
1,21,Chesterfield County ,600,Manchester Middle,MS,76.71,Approaching Expectations,,46.22,60,15.36,20,15.12,20,-,0,85.31,17.06,83.39,16.67,87.5,8.75,37.3,3.73,77.83,7.78,75.79,7.57,23.17,7.68,74.47,7.44,-,-,-,-,-,-
1,21,Chesterfield County ,780,Marguerite F. Christian Elementary,ES,86.25,Approaching Expectations,TSI,55.74,65,22.02,25,8.48,10,-,0,88.23,19.85,90.22,20.3,97.05,9.7,58.82,5.88,86.81,10.85,89.38,11.17,15.1,8.48,-,-,-,-,-,-,-,-
1,21,Chesterfield County ,370,Matoaca Elementary,ES,88.34,Meets Expectations,,57.05,65,22.24,25,9.04,10,-,0,89.19,20.06,90.3,20.31,100,10,66.66,6.66,91.98,11.49,85.96,10.74,9.52,9.04,-,-,-,-,-,-,-,-
1,21,Chesterfield County ,530,Matoaca High,HS,88.79,Meets Expectations,,43.69,50,-,0,31.36,35,13.72,15,102.45,15.36,96.8,14.52,97.06,9.7,41.02,4.1,-,-,-,-,13.2,4.33,-,-,94.25,4.71,89.26,22.31,91.5,13.72
1,21,Chesterfield County ,110,Matoaca Middle,MS,84.36,Approaching Expectations,TSI,44.98,50,23.08,30,16.3,20,-,0,91.95,18.39,88,17.6,89.93,8.99,^,^,80.41,12.06,73.48,11.02,19.92,8,82.92,8.29,-,-,-,-,-,-
1,21,Chesterfield County ,580,Meadowbrook High,HS,73.72,Needs Intensive Support,TSI,42.41,50,-,0,20.49,35,10.81,15,97.85,14.67,94,14.1,96.68,9.66,39.63,3.96,-,-,-,-,29.18,3.54,-,-,81.67,4.08,51.49,12.87,72.1,10.81
1,21,Chesterfield County ,320,Midlothian High,HS,101.27,Meets Expectations,TSI,49.91,50,-,0,36.88,35,14.47,15,108.26,16.23,99.24,14.88,101.37,10.13,86.53,8.65,-,-,-,-,8.81,4.55,-,-,96.69,4.83,109.94,27.48,96.5,14.47
1,21,Chesterfield County ,40,Midlothian Middle,MS,91.06,Distinguished,,54.31,60,18.35,20,18.4,20,-,0,101.12,20.22,100.6,20.12,96.92,9.69,42.74,4.27,91.82,9.18,91.73,9.17,10.75,8.92,94.76,9.47,-,-,-,-,-,-
1,21,Chesterfield County ,280,Monacan High,HS,90.41,Meets Expectations,TSI,43.96,50,-,0,32.49,35,13.95,15,104.01,15.6,95.12,14.26,97.42,9.74,43.47,4.34,-,-,-,-,14.14,4.29,-,-,93.82,4.69,94.04,23.51,93.04,13.95
1,21,Chesterfield County ,92,Moseley Elementary,ES,94.82,Distinguished,,62.94,65,22.34,25,9.53,10,-,0,97.97,22.04,102.33,23.02,102.5,10.25,76.25,7.62,86.19,10.77,92.59,11.57,4.65,9.53,-,-,-,-,-,-,-,-
1,21,Chesterfield County ,360,O.B. Gates Elementary,ES,91.76,Meets Expectations,TSI,60.25,65,22.33,25,9.17,10,-,0,95.15,21.4,95.98,21.59,98.64,9.86,73.86,7.38,89.13,11.14,89.52,11.19,8.29,9.17,-,-,-,-,-,-,-,-
1,21,Chesterfield County ,90,Old Hundred Elementary,ES,94.07,Distinguished,,62.07,65,22.71,25,9.29,10,-,0,96.91,21.8,99.29,22.34,104.22,10.42,75,7.5,90.08,11.26,91.6,11.45,7.08,9.29,-,-,-,-,-,-,-,-
1,21,Chesterfield County ,380,Providence Elementary,ES,85.62,Meets Expectations,,54.92,65,21.81,25,8.89,10,-,0,86.17,19.39,88.21,19.84,86.84,8.68,70,7,87.35,10.91,87.14,10.89,11.05,8.89,-,-,-,-,-,-,-,-
1,21,Chesterfield County ,690,Providence Middle,MS,75.95,Needs Intensive Support,TSI,44.79,60,15.09,20,16.06,20,-,0,80.66,16.13,80.85,16.17,87.73,8.77,37.17,3.71,73.35,7.33,77.56,7.75,20.41,7.95,81.11,8.11,-,-,-,-,-,-
1,21,Chesterfield County ,700,Reams Road Elementary,ES,87.92,Approaching Expectations,TSI,57.69,65,21.41,25,8.81,10,-,0,90.13,20.27,91.59,20.6,97.28,9.72,70.77,7.07,86.11,10.76,85.23,10.65,11.87,8.81,-,-,-,-,-,-,-,-
1,21,Chesterfield County ,730,Robious Elementary,ES,91.25,Distinguished,,58.4,65,23.49,25,9.35,10,-,0,95.84,21.56,96.83,21.78,101.9,10.19,48.64,4.86,92.94,11.61,95,11.87,6.44,9.35,-,-,-,-,-,-,-,-
1,21,Chesterfield County ,760,Robious Middle,MS,90.20,Distinguished,,53.1,60,18.38,20,18.71,20,-,0,97.53,19.5,102.3,20.46,97.41,9.74,34,3.4,87.9,8.79,95.89,9.58,8.06,9.19,95.19,9.51,-,-,-,-,-,-
1,21,Chesterfield County ,720,Salem Church Elementary,ES,74.44,Needs Intensive Support,TSI,49.13,65,16.81,25,8.48,10,-,0,76.95,17.31,78.62,17.69,85.1,8.51,56.2,5.62,71.56,8.94,62.96,7.87,15.13,8.48,-,-,-,-,-,-,-,-
1,21,Chesterfield County ,722,Salem Church Middle,MS,75.58,Needs Intensive Support,TSI,44.59,60,14.61,20,16.37,20,-,0,80.59,16.11,80.03,16,84.04,8.4,40.6,4.06,73.94,7.39,72.24,7.22,22.24,7.77,86.04,8.6,-,-,-,-,-,-
1,21,Chesterfield County ,800,Spring Run Elementary,ES,90.78,Distinguished,,59.82,65,21.67,25,9.28,10,-,0,97.66,21.97,98.67,22.2,100.55,10.05,55.88,5.58,89.14,11.14,84.27,10.53,7.18,9.28,-,-,-,-,-,-,-,-
1,21,Chesterfield County ,340,Swift Creek Elementary,ES,93.91,Meets Expectations,TSI,62.91,65,21.91,25,9.07,10,-,0,97.17,21.86,99.4,22.36,102.9,10.29,84,8.4,85.6,10.7,89.69,11.21,9.21,9.07,-,-,-,-,-,-,-,-
1,21,Chesterfield County ,270,Swift Creek Middle,MS,89.87,Distinguished,,53.14,60,18.46,20,18.26,20,-,0,97.82,19.56,101,20.2,94.23,9.42,39.58,3.95,89.1,8.91,95.52,9.55,10.91,8.9,93.57,9.35,-,-,-,-,-,-
1,21,Chesterfield County ,410,Thelma Crenshaw Elementary,ES,82.55,Approaching Expectations,TSI,54.13,65,19.47,25,8.93,10,-,0,85.47,19.23,87.5,19.68,97.87,9.78,54.26,5.42,78.67,9.83,77.15,9.64,10.62,8.93,-,-,-,-,-,-,-,-
1,21,Chesterfield County ,610,Thomas Dale High,HS,90.13,Meets Expectations,TSI,45.44,50,-,0,30.93,35,13.75,15,102.23,15.33,94.63,14.19,97.55,9.75,61.55,6.15,-,-,-,-,15.35,4.23,-,-,93.49,4.67,88.1,22.02,91.71,13.75
1,21,Chesterfield County ,880,Tomahawk Creek Middle,MS,97.44,Distinguished,,50.36,50,28.22,30,18.85,20,-,0,101.22,20.24,102.36,20.47,96.45,9.64,^,^,92.04,13.8,96.11,14.41,8.74,9.12,97.31,9.73,-,-,-,-,-,-
1,21,Chesterfield County ,290,W.W. Gordon Elementary,ES,98.50,Distinguished,,56.96,55,32.02,35,9.51,10,-,0,100.85,22.69,106.16,23.88,103.82,10.38,^,^,89.67,15.69,93.3,16.32,4.82,9.51,-,-,-,-,-,-,-,-
1,21,Chesterfield County ,860,Winterpock Elementary,ES,95.09,Distinguished,,62.5,65,23.2,25,9.37,10,-,0,101.43,22.82,103.76,23.34,102.55,10.25,60.83,6.08,92.08,11.51,93.55,11.69,6.24,9.37,-,-,-,-,-,-,-,-
1,21,Chesterfield County ,440,Woolridge Elementary,ES,97.47,Distinguished,,63.15,65,24.92,25,9.39,10,-,0,100.5,22.61,101.7,22.88,106.64,10.66,70,7,98.06,12.25,101.36,12.67,6.09,9.39,-,-,-,-,-,-,-,-
4,22,Clarke County ,250,Boyce Elementary,ES,94.48,Distinguished,,61.51,65,23.65,25,9.32,10,-,0,93.42,21.02,95.8,21.55,106,10.6,83.33,8.33,95.61,11.95,93.62,11.7,6.79,9.32,-,-,-,-,-,-,-,-
4,22,Clarke County ,10,Clarke County High,HS,106.21,Distinguished,,49.41,50,-,0,41.98,35,14.82,15,104.87,15.73,100.46,15.06,98.59,9.85,87.5,8.75,-,-,-,-,16.74,4.16,-,-,98.96,4.94,131.49,32.87,98.8,14.82
4,22,Clarke County ,290,D.G. Cooley Elementary,ES,88.04,Approaching Expectations,TSI,56.48,65,22.03,25,9.53,10,-,0,93.75,21.09,94.36,21.23,98.73,9.87,42.85,4.28,90.78,11.34,85.46,10.68,4.67,9.53,-,-,-,-,-,-,-,-
4,22,Clarke County ,280,Johnson-Williams Middle,MS,90.08,Distinguished,,53.84,60,17.42,20,18.81,20,-,0,94.73,18.94,92.85,18.57,93.93,9.39,69.31,6.93,87.53,8.75,86.69,8.66,11.8,8.81,100,10,-,-,-,-,-,-
3,202,Colonial Beach ,22,Colonial Beach Elementary,ES,91.48,Distinguished,,51.57,55,30.79,35,9.11,10,-,0,91.66,20.62,93.11,20.95,100,10,^,^,86.12,15.07,89.84,15.72,8.85,9.11,-,-,-,-,-,-,-,-
3,202,Colonial Beach ,21,Colonial Beach High,MS-HS,97.00,Distinguished,,41.14,42.35,16.89,20.58,29.25,26.46,9.7,10.59,99.65,15.82,94.79,15.05,96.91,10.26,^,^,77.5,7.97,86.66,8.92,13.4,4.58,^,^,90.9,4.81,125,19.85,91.66,9.7
1,106,Colonial Heights City ,40,Colonial Heights High,HS,96.12,Distinguished,,45.45,50,-,0,37.57,35,13.1,15,103.99,15.59,99.88,14.98,99.29,9.92,49.41,4.94,-,-,-,-,25.64,3.71,-,-,89.67,4.48,117.48,29.37,87.34,13.1
1,106,Colonial Heights City ,20,Colonial Heights Middle,MS,83.50,Meets Expectations,,50.54,60,15.54,20,17.42,20,-,0,89.63,17.92,86.32,17.26,92.9,9.29,60.57,6.05,81.07,8.1,74.35,7.43,20.84,7.91,95.08,9.5,-,-,-,-,-,-
1,106,Colonial Heights City ,50,Lakeview Elementary,ES,86.20,Meets Expectations,,57.23,65,20.73,25,8.23,10,-,0,90.52,20.36,94.1,21.17,97.5,9.75,59.37,5.93,80.61,10.07,85.25,10.65,17.6,8.23,-,-,-,-,-,-,-,-
1,106,Colonial Heights City ,30,North Elementary,ES,90.02,Distinguished,,57.71,65,23.83,25,8.46,10,-,0,90.11,20.27,95.74,21.54,101.11,10.11,57.89,5.78,89.42,11.17,101.26,12.65,15.3,8.46,-,-,-,-,-,-,-,-
1,106,Colonial Heights City ,60,Tussing Elementary,ES,90.22,Distinguished,,59.27,65,22.22,25,8.72,10,-,0,94.77,21.32,95.2,21.42,99.25,9.92,66,6.6,86.29,10.78,91.53,11.44,12.77,8.72,-,-,-,-,-,-,-,-
6,23,Craig County ,11,Craig County High,MS-HS,90.78,Meets Expectations,TSI,36.19,40,15.1,20,30.18,30,9.3,10,91.93,13.79,87.18,13.07,93.26,9.32,^,^,80.58,8.05,70.49,7.04,14.6,4.26,94.11,4.7,91.66,4.58,110.81,16.62,93.02,9.3
6,23,Craig County ,10,McCleary Elementary,ES,82.90,Meets Expectations,,48.67,55,25.63,35,8.6,10,-,0,86.85,19.54,89.21,20.07,90.62,9.06,^,^,76.15,13.32,70.31,12.3,14,8.6,-,-,-,-,-,-,-,-
4,24,Culpeper County ,240,A.G. Richardson Elementary,ES,91.03,Distinguished,,59.22,65,23.26,25,8.54,10,-,0,92.01,20.7,97.42,21.92,100.25,10.02,65.78,6.57,91.57,11.44,94.54,11.81,14.54,8.54,-,-,-,-,-,-,-,-
4,24,Culpeper County ,480,Culpeper County High,HS,90.47,Distinguished,,42.52,50,-,0,35.28,35,12.66,15,102.03,15.3,97.64,14.64,96.61,9.66,29.07,2.9,-,-,-,-,21.81,3.9,-,-,95.12,4.75,106.47,26.61,84.45,12.66
4,24,Culpeper County ,20,Culpeper Middle,MS,81.86,Meets Expectations,,48.51,60,15.59,20,17.74,20,-,0,87.04,17.4,86.72,17.34,90.36,9.03,47.2,4.72,78.71,7.87,77.28,7.72,19.07,8.09,96.57,9.65,-,-,-,-,-,-
4,24,Culpeper County ,50,Eastern View High,HS,86.68,Approaching Expectations,TSI,42.49,50,-,0,31.51,35,12.67,15,102.04,15.3,98.73,14.81,97.74,9.77,26.03,2.6,-,-,-,-,24.68,3.76,-,-,88.97,4.44,93.21,23.3,84.48,12.67
4,24,Culpeper County ,450,Emerald Hill Elementary,ES,91.49,Distinguished,,59.85,65,22.67,25,8.97,10,-,0,92.17,20.74,97.72,21.98,98.87,9.88,72.36,7.23,87.9,10.98,93.45,11.68,10.25,8.97,-,-,-,-,-,-,-,-
4,24,Culpeper County ,470,Farmington Elementary,ES,82.77,Approaching Expectations,TSI,52.44,65,21.79,25,8.53,10,-,0,83.33,18.75,84.9,19.1,89.58,8.95,56.3,5.63,84.7,10.58,89.66,11.2,14.61,8.53,-,-,-,-,-,-,-,-
4,24,Culpeper County ,581,Floyd T. Binns Middle,MS,81.76,Meets Expectations,,47.79,60,16.16,20,17.79,20,-,0,88.69,17.73,89.82,17.96,90.92,9.09,30,3,78.98,7.89,82.69,8.26,19.59,8.04,97.56,9.75,-,-,-,-,-,-
4,24,Culpeper County ,10,Pearl Sample Elementary,ES,93.11,Distinguished,,60.87,65,23.56,25,8.66,10,-,0,92,20.7,97.75,21.99,100.82,10.08,80.96,8.09,88.98,11.12,99.56,12.44,13.32,8.66,-,-,-,-,-,-,-,-
4,24,Culpeper County ,460,Sycamore Park Elementary,ES,83.65,Meets Expectations,,53.32,65,21.65,25,8.67,10,-,0,81.73,18.38,88.45,19.9,91.38,9.13,58.92,5.89,84.54,10.56,88.72,11.09,13.26,8.67,-,-,-,-,-,-,-,-
4,24,Culpeper County ,40,Yowell Elementary,ES,84.73,Meets Expectations,,55.57,65,20.28,25,8.86,10,-,0,88.44,19.9,90.4,20.34,89.35,8.93,63.97,6.39,82.03,10.25,80.26,10.03,11.31,8.86,-,-,-,-,-,-,-,-
8,25,Cumberland County ,140,Cumberland Elementary,ES,90.02,Distinguished,,50.66,55,30.54,35,8.81,10,-,0,90.64,24.92,93.58,25.73,^,^,^,^,85.83,15.02,88.73,15.52,11.86,8.81,-,-,-,-,-,-,-,-
8,25,Cumberland County ,151,Cumberland High,HS,96.50,Distinguished,,42.32,44.45,-,0,38.56,38.9,15.61,16.67,101.12,16.85,88.37,14.72,96.66,10.74,^,^,-,-,-,-,24.31,4.2,-,-,87.65,4.86,106.17,29.49,93.68,15.61
8,25,Cumberland County ,152,Cumberland Middle,MS,88.48,Meets Expectations,,44.99,50,25.7,30,17.78,20,-,0,88.65,17.73,90.16,18.03,92.31,9.23,^,^,84.11,12.61,87.24,13.08,14.01,8.59,91.86,9.18,-,-,-,-,-,-
6,108,Danville City ,55,Arnett Hills Elementary,ES,76.31,Needs Intensive Support,TSI,43.52,55,23.87,35,8.91,10,-,0,80.49,18.11,75.6,17.01,84.01,8.4,^,^,67.96,11.89,68.48,11.98,10.8,8.91,-,-,-,-,-,-,-,-
6,108,Danville City ,490,Edwin A. Gibson Elementary,ES,75.74,Needs Intensive Support,TSI,48.35,65,18.3,25,9.08,10,-,0,76.82,17.28,73.5,16.53,84.21,8.42,61.11,6.11,72.12,9.01,74.33,9.29,9.17,9.08,-,-,-,-,-,-,-,-
6,108,Danville City ,20,Forest Hills Elementary,ES,90.05,Distinguished,,57.56,65,23.08,25,9.4,10,-,0,93.62,21.06,97.7,21.98,95.13,9.51,50,5,84.32,10.54,100.36,12.54,5.9,9.4,-,-,-,-,-,-,-,-
6,108,Danville City ,1374,Galileo Magnet High,HS,96.34,Distinguished,,46.22,44.45,-,0,33.68,38.9,16.44,16.67,107.19,17.86,103.47,17.24,100,11.11,^,^,-,-,-,-,3.47,5.36,-,-,100,5.55,81.94,22.76,98.64,16.44
6,108,Danville City ,210,George Washington High,HS,89.71,Meets Expectations,TSI,43.18,50,-,0,33.8,35,12.72,15,98.34,14.75,95.61,14.34,91.93,9.19,49,4.9,-,-,-,-,12.4,4.37,-,-,78.28,3.91,102.02,25.5,84.84,12.72
6,108,Danville City ,260,O. Trent Bonner Middle,MS,86.48,Meets Expectations,,50.37,60,17.36,20,18.74,20,-,0,90.94,18.18,91.66,18.33,91.04,9.1,47.5,4.75,83.56,8.35,90.09,9,3.56,9.64,90.99,9.09,-,-,-,-,-,-
6,108,Danville City ,250,Park Avenue Elementary,ES,84.08,Meets Expectations,,54.84,65,19.59,25,9.63,10,-,0,87.87,19.77,87.72,19.73,93.54,9.35,59.84,5.98,77.04,9.63,79.72,9.96,3.6,9.63,-,-,-,-,-,-,-,-
6,108,Danville City ,139,R.I.S.E Academy at the John M. Langston Campus,MS-HS,54.50,Needs Intensive Support,CSI,28.66,42.35,11.24,20.58,9.15,26.46,5.44,10.59,67.08,10.65,59.06,9.38,81.45,8.62,^,^,54.36,5.59,54.91,5.65,50.99,2.59,^,^,53.84,2.85,23.33,3.7,51.42,5.44
6,108,Danville City ,40,Schoolfield Elementary,ES,80.46,Meets Expectations,,52.24,65,18.85,25,9.36,10,-,0,83.76,18.84,82.3,18.51,87.94,8.79,60.86,6.08,78.45,9.8,72.34,9.04,6.3,9.36,-,-,-,-,-,-,-,-
6,108,Danville City ,1372,Westwood Middle,MS,82.34,Meets Expectations,,46.71,60,16.52,20,19.1,20,-,0,86.92,17.38,85.11,17.02,87.15,8.71,35.86,3.58,83.4,8.34,81.81,8.18,5.31,9.46,96.39,9.63,-,-,-,-,-,-
6,108,Danville City ,220,Woodberry Hills Elementary,ES,86.63,Meets Expectations,,55.21,65,22.74,25,8.67,10,-,0,88.29,19.86,92.24,20.75,86.73,8.67,59.21,5.92,86.53,10.81,95.43,11.92,13.23,8.67,-,-,-,-,-,-,-,-
7,26,Dickenson County ,281,Ridgeview Elementary ,ES,90.00,Distinguished,,51.35,55,30.77,35,7.88,10,-,0,92.72,25.49,94.01,25.85,^,^,^,^,92.64,16.21,83.19,14.55,21.14,7.88,-,-,-,-,-,-,-,-
7,26,Dickenson County ,275,Ridgeview High,HS,106.64,Distinguished,,44.3,44.45,-,0,47.28,38.9,15.06,16.67,101.89,16.98,98.8,16.46,97.68,10.85,^,^,-,-,-,-,42.01,3.22,-,-,91.21,5.06,140.36,38.99,90.37,15.06
7,26,Dickenson County ,280,Ridgeview Middle,MS,90.25,Distinguished,,46.89,50,26.05,30,17.3,20,-,0,94.14,18.82,92.91,18.58,94.86,9.48,^,^,87.2,13.08,86.5,12.97,26.96,7.3,100,10,-,-,-,-,-,-
1,27,Dinwiddie County ,500,Dinwiddie County High,HS,89.11,Meets Expectations,,44.65,50,-,0,31.45,35,13,15,98.85,14.82,97.68,14.65,96.71,9.67,55,5.5,-,-,-,-,26.95,3.65,-,-,91.09,4.55,93.01,23.25,86.68,13
1,27,Dinwiddie County ,471,Dinwiddie County Middle,MS,78.78,Needs Intensive Support,TSI,49.32,60,13.88,20,15.56,20,-,0,86.33,17.26,78.38,15.67,87.16,8.71,76.66,7.66,72.87,7.28,66.02,6.6,26.24,7.37,81.89,8.18,-,-,-,-,-,-
1,27,Dinwiddie County ,310,Dinwiddie Elementary,ES,88.43,Approaching Expectations,TSI,48.93,55,30.75,35,8.74,10,-,0,87.57,19.7,87.5,19.68,95.41,9.54,^,^,91.44,16,84.31,14.75,12.57,8.74,-,-,-,-,-,-,-,-
1,27,Dinwiddie County ,250,Midway Elementary,ES,95.59,Distinguished,,55.75,55,30.69,35,9.14,10,-,0,98.39,22.13,105.16,23.66,99.53,9.95,^,^,82.52,14.44,92.89,16.25,8.53,9.14,-,-,-,-,-,-,-,-
1,27,Dinwiddie County ,10,Southside Elementary,ES,83.22,Approaching Expectations,TSI,54.95,65,19.82,25,8.44,10,-,0,89.24,20.08,90.1,20.27,89.78,8.97,56.25,5.62,76.86,9.6,81.71,10.21,15.51,8.44,-,-,-,-,-,-,-,-
1,27,Dinwiddie County ,180,Sunnyside Elementary,ES,94.54,Distinguished,,53.62,55,31.77,35,9.14,10,-,0,93.7,21.08,98.81,22.23,103.12,10.31,^,^,85.71,14.99,95.83,16.77,8.56,9.14,-,-,-,-,-,-,-,-
1,27,Dinwiddie County ,520,Sutherland Elementary,ES,85.02,Approaching Expectations,TSI,49.39,55,26.76,35,8.86,10,-,0,88.9,20,89.08,20.04,93.51,9.35,^,^,77.92,13.63,75,13.12,11.39,8.86,-,-,-,-,-,-,-,-
3,28,Essex County ,10,Essex High,HS,94.06,Distinguished,,42.54,44.45,-,0,36.55,38.9,14.96,16.67,101.37,16.89,89.94,14.99,95.92,10.65,^,^,-,-,-,-,24.18,4.21,-,-,93.68,5.2,97.7,27.13,89.79,14.96
3,28,Essex County ,150,James H. Cary Intermediate ,MS,81.58,Meets Expectations,CSI,43.07,50,21.54,30,16.96,20,-,0,88.97,17.79,80.63,16.12,91.53,9.15,^,^,76.58,11.48,67.04,10.05,20.87,7.91,90.47,9.04,-,-,-,-,-,-
3,28,Essex County ,160,Tappahannock Elementary,ES,76.79,Approaching Expectations,,45.83,55,22.55,35,8.4,10,-,0,81.9,22.52,84.77,23.31,^,^,^,^,77.58,13.57,51.29,8.97,15.91,8.4,-,-,-,-,-,-,-,-
4,29,Fairfax County ,2203,Aldrin Elementary,ES,96.30,Distinguished,,62.93,65,23.91,25,9.44,10,-,0,99.43,22.37,101.47,22.83,99.09,9.9,78.24,7.82,96.54,12.06,94.8,11.85,5.54,9.44,-,-,-,-,-,-,-,-
4,29,Fairfax County ,660,Annandale High,HS,93.33,Distinguished,,46.1,50,-,0,34.08,35,13.14,15,103.04,15.45,100.36,15.05,96.99,9.69,58.9,5.89,-,-,-,-,15.46,4.22,-,-,94.55,4.72,100.53,25.13,87.62,13.14
4,29,Fairfax County ,1360,Annandale Terrace Elementary,ES,79.69,Meets Expectations,,50.65,65,20.23,25,8.81,10,-,0,78.03,17.55,81.56,18.35,89.2,8.92,58.2,5.82,84.73,10.59,77.16,9.64,11.89,8.81,-,-,-,-,-,-,-,-
4,29,Fairfax County ,110,Archer Elementary,ES,102.59,Distinguished,,67.46,65,25.34,25,9.79,10,-,0,108.82,24.48,108.82,24.48,114.2,11.42,70.74,7.07,102.27,12.78,100.45,12.55,2.09,9.79,-,-,-,-,-,-,-,-
4,29,Fairfax County ,1530,Armstrong Elementary,ES,92.99,Meets Expectations,TSI,59.77,65,23.9,25,9.3,10,-,0,95.78,21.55,97.38,21.91,100.65,10.06,62.5,6.25,96.24,12.03,95,11.87,6.94,9.3,-,-,-,-,-,-,-,-
4,29,Fairfax County ,550,Bailey's Elementary School for the Arts and Sciences,ES,83.20,Approaching Expectations,TSI,52.22,65,21.89,25,9.09,10,-,0,80.7,18.15,85,19.12,89.77,8.97,59.59,5.95,87.85,10.98,87.27,10.9,9.05,9.09,-,-,-,-,-,-,-,-
4,29,Fairfax County ,2459,Bailey's Upper Elementary School for the Arts and Sciences,ES,83.62,Approaching Expectations,TSI,52.22,65,21.89,25,9.51,10,-,0,80.7,18.15,85,19.12,89.77,8.97,59.59,5.95,87.85,10.98,87.27,10.9,4.86,9.51,-,-,-,-,-,-,-,-
4,29,Fairfax County ,1730,Beech Tree Elementary,ES,87.90,Meets Expectations,,57.65,65,21.14,25,9.09,10,-,0,87.1,19.59,93.15,20.95,96.25,9.62,74.74,7.47,83.24,10.4,85.95,10.74,9,9.09,-,-,-,-,-,-,-,-
4,29,Fairfax County ,560,Belle View Elementary,ES,85.96,Approaching Expectations,TSI,54.74,65,22.05,25,9.16,10,-,0,87.85,19.76,87.04,19.58,94.81,9.48,59.13,5.91,87.82,10.97,88.6,11.07,8.37,9.16,-,-,-,-,-,-,-,-
4,29,Fairfax County ,720,Belvedere Elementary,ES,92.32,Distinguished,,59.95,65,22.96,25,9.4,10,-,0,96.15,21.63,99.56,22.4,100.78,10.07,58.4,5.84,92.9,11.61,90.77,11.34,5.98,9.4,-,-,-,-,-,-,-,-
4,29,Fairfax County ,2000,Bonnie Brae Elementary,ES,91.88,Distinguished,,59.44,65,23.1,25,9.33,10,-,0,94.88,21.35,95.04,21.38,101.45,10.14,65.62,6.56,90.67,11.33,94.13,11.76,6.6,9.33,-,-,-,-,-,-,-,-
4,29,Fairfax County ,1090,Braddock Elementary,ES,78.39,Needs Intensive Support,TSI,49.25,65,20.19,25,8.94,10,-,0,69.53,15.64,83.71,18.83,85.76,8.57,61.98,6.19,76.99,9.62,84.53,10.56,10.57,8.94,-,-,-,-,-,-,-,-
4,29,Fairfax County ,940,Bren Mar Park Elementary,ES,88.34,Meets Expectations,,56.51,65,22.69,25,9.14,10,-,0,87.75,19.74,89.74,20.19,95.89,9.58,69.85,6.98,89.88,11.23,91.66,11.45,8.57,9.14,-,-,-,-,-,-,-,-
4,29,Fairfax County ,1790,Brookfield Elementary,ES,84.77,Meets Expectations,,53.32,65,22.26,25,9.18,10,-,0,82.52,18.56,88.82,19.98,91.76,9.17,56,5.6,87.2,10.9,90.88,11.36,8.17,9.18,-,-,-,-,-,-,-,-
4,29,Fairfax County ,2201,Bryant High,HS,53.97,Needs Intensive Support,CSI,36.74,50,-,0,10.27,35,6.95,15,67.08,10.06,95.58,14.33,87.25,8.72,36.23,3.62,-,-,-,-,62.56,1.87,-,-,53.91,2.69,22.82,5.7,46.36,6.95
4,29,Fairfax County ,700,Bucknell Elementary,ES,89.23,Meets Expectations,,57.2,65,23.19,25,8.83,10,-,0,89.75,20.19,89.88,20.22,95.83,9.58,72,7.2,91.59,11.44,93.95,11.74,11.62,8.83,-,-,-,-,-,-,-,-
4,29,Fairfax County ,2225,Bull Run Elementary,ES,91.54,Meets Expectations,TSI,59,65,23.18,25,9.34,10,-,0,94.54,21.27,97.06,21.84,101.32,10.13,57.58,5.75,89.64,11.2,95.85,11.98,6.51,9.34,-,-,-,-,-,-,-,-
4,29,Fairfax County ,680,Bush Hill Elementary,ES,93.18,Distinguished,,60.22,65,23.7,25,9.26,10,-,0,99.37,22.35,100.24,22.55,97.95,9.79,55.1,5.51,93.56,11.69,96.04,12,7.36,9.26,-,-,-,-,-,-,-,-
4,29,Fairfax County ,1940,Camelot Elementary,ES,90.02,Distinguished,,58.7,65,21.91,25,9.4,10,-,0,91.3,20.54,94.96,21.36,95.83,9.58,72.08,7.2,87.31,10.91,88.03,11,5.95,9.4,-,-,-,-,-,-,-,-
4,29,Fairfax County ,620,Cameron Elementary,ES,87.49,Approaching Expectations,TSI,55.64,65,23.15,25,8.68,10,-,0,88.09,19.82,90.27,20.31,89.35,8.93,65.79,6.57,94.55,11.81,90.7,11.33,13.14,8.68,-,-,-,-,-,-,-,-
4,29,Fairfax County ,1590,Canterbury Woods Elementary,ES,100.80,Distinguished,,66.35,65,24.71,25,9.73,10,-,0,103.9,23.37,107.64,24.22,108.77,10.87,78.78,7.87,97.79,12.22,99.93,12.49,2.68,9.73,-,-,-,-,-,-,-,-
4,29,Fairfax County ,1690,Cardinal Forest Elementary,ES,92.04,Distinguished,,59.54,65,23.21,25,9.28,10,-,0,96.41,21.69,96.22,21.64,94.35,9.43,67.7,6.77,92.59,11.57,93.14,11.64,7.18,9.28,-,-,-,-,-,-,-,-
4,29,Fairfax County ,2222,Carson Middle,MS,94.77,Distinguished,,56.99,60,18.87,20,18.9,20,-,0,101.37,20.27,104.72,20.94,100.97,10.09,56.8,5.68,90.44,9.04,98.3,9.83,9.88,9.01,98.9,9.89,-,-,-,-,-,-
4,29,Fairfax County ,2090,Centre Ridge Elementary,ES,83.36,Approaching Expectations,TSI,52.9,65,21.21,25,9.23,10,-,0,83.03,18.68,83.89,18.87,93.07,9.3,60.43,6.04,83.52,10.44,86.18,10.77,7.6,9.23,-,-,-,-,-,-,-,-
4,29,Fairfax County ,2205,Centreville Elementary,ES,90.35,Distinguished,,58.9,65,22.09,25,9.35,10,-,0,95.21,21.42,95.88,21.57,100,10,59.03,5.9,88.38,11.04,88.36,11.04,6.45,9.35,-,-,-,-,-,-,-,-
4,29,Fairfax County ,200,Centreville High,HS,92.24,Meets Expectations,TSI,46.78,50,-,0,31.71,35,13.73,15,106.28,15.94,102.12,15.31,102.08,10.2,53.18,5.31,-,-,-,-,19.14,4.04,-,-,95.15,4.75,91.66,22.91,91.56,13.73
4,29,Fairfax County ,131,Chantilly High,HS,102.61,Distinguished,,48.84,50,-,0,39.57,35,14.19,15,110.45,16.56,105.7,15.85,103.86,10.38,60.35,6.03,-,-,-,-,9.67,4.51,-,-,97.82,4.89,120.66,30.16,94.66,14.19
4,29,Fairfax County ,480,Cherry Run Elementary,ES,98.40,Distinguished,,55.89,55,32.88,35,9.62,10,-,0,102.89,23.15,99.9,22.47,102.63,10.26,^,^,94.6,16.55,93.32,16.33,3.74,9.62,-,-,-,-,-,-,-,-
4,29,Fairfax County ,100,Chesterbrook Elementary,ES,101.60,Distinguished,,58.36,55,33.77,35,9.46,10,-,0,106.33,23.92,104.59,23.53,109.06,10.9,^,^,93.96,16.44,99.03,17.33,5.35,9.46,-,-,-,-,-,-,-,-
4,29,Fairfax County ,1050,Churchill Road Elementary,ES,104.56,Distinguished,,69.28,65,25.74,25,9.54,10,-,0,109.47,24.63,112.79,25.37,112.05,11.2,80.64,8.06,99.55,12.44,106.38,13.29,4.58,9.54,-,-,-,-,-,-,-,-
4,29,Fairfax County ,260,Clearview Elementary,ES,90.76,Meets Expectations,TSI,58.02,65,23.21,25,9.53,10,-,0,90.66,20.39,95.01,21.37,98.64,9.86,63.8,6.38,90.1,11.26,95.58,11.94,4.69,9.53,-,-,-,-,-,-,-,-
4,29,Fairfax County ,1870,Clermont Elementary,ES,96.60,Distinguished,,63.33,65,23.7,25,9.56,10,-,0,101.65,22.87,102.33,23.02,108.78,10.87,65.62,6.56,94.97,11.87,94.62,11.82,4.36,9.56,-,-,-,-,-,-,-,-
4,29,Fairfax County ,2347,Coates Elementary,ES,82.54,Approaching Expectations,TSI,52.24,65,21.25,25,9.04,10,-,0,80.27,18.06,85.58,19.25,89.28,8.92,59.93,5.99,85,10.62,85.04,10.63,9.5,9.04,-,-,-,-,-,-,-,-
4,29,Fairfax County ,1510,Columbia Elementary,ES,92.92,Distinguished,,59.82,65,23.83,25,9.26,10,-,0,95.58,21.5,98.7,22.2,99.58,9.95,61.53,6.15,93.99,11.74,96.66,12.08,7.36,9.26,-,-,-,-,-,-,-,-
4,29,Fairfax County ,2234,Colvin Run Elementary,ES,105.17,Distinguished,,60.5,55,35.14,35,9.52,10,-,0,108.43,24.39,110.87,24.94,111.58,11.15,^,^,99.57,17.42,101.27,17.72,4.79,9.52,-,-,-,-,-,-,-,-
4,29,Fairfax County ,1190,Cooper Middle,MS,97.26,Distinguished,,58.99,60,19.18,20,19.08,20,-,0,106.24,21.24,107.99,21.59,104.97,10.49,56.52,5.65,93.43,9.34,98.43,9.84,7.07,9.29,97.88,9.78,-,-,-,-,-,-
4,29,Fairfax County ,870,Crestwood Elementary,ES,81.27,Meets Expectations,,51.43,65,20.76,25,9.06,10,-,0,82.11,18.47,82.18,18.49,88.23,8.82,56.48,5.64,87.96,10.99,78.19,9.77,9.32,9.06,-,-,-,-,-,-,-,-
4,29,Fairfax County ,2020,Crossfield Elementary,ES,98.78,Distinguished,,64.85,65,24.31,25,9.6,10,-,0,101.86,22.91,101.69,22.88,105.26,10.52,85.29,8.52,96.2,12.02,98.32,12.29,3.9,9.6,-,-,-,-,-,-,-,-
4,29,Fairfax County ,1600,Cub Run Elementary,ES,90.23,Meets Expectations,TSI,58.24,65,22.95,25,9.03,10,-,0,93.51,21.04,95.03,21.38,94.04,9.4,64.19,6.41,92.05,11.5,91.59,11.44,9.67,9.03,-,-,-,-,-,-,-,-
4,29,Fairfax County ,1700,Cunningham Park Elementary,ES,92.50,Distinguished,,58.73,65,24.08,25,9.69,10,-,0,94.01,21.15,95.68,21.52,95,9.5,65.51,6.55,95.27,11.9,97.37,12.17,3.08,9.69,-,-,-,-,-,-,-,-
4,29,Fairfax County ,2229,Daniels Run Elementary,ES,89.40,Meets Expectations,,57.06,65,23.01,25,9.32,10,-,0,90.51,20.36,93.12,20.95,97.97,9.79,59.45,5.94,90.52,11.31,93.57,11.69,6.73,9.32,-,-,-,-,-,-,-,-
4,29,Fairfax County ,2204,Deer Park Elementary,ES,91.97,Distinguished,,59.54,65,23.22,25,9.2,10,-,0,92.39,20.78,94.96,21.36,96.07,9.6,77.83,7.78,90.16,11.27,95.64,11.95,7.97,9.2,-,-,-,-,-,-,-,-
4,29,Fairfax County ,220,Dogwood Elementary,ES,77.30,Needs Intensive Support,TSI,49.33,65,18.97,25,8.98,10,-,0,74.5,16.76,77.87,17.52,88.66,8.86,61.87,6.18,73.94,9.24,77.88,9.73,10.15,8.98,-,-,-,-,-,-,-,-
4,29,Fairfax County ,2010,Dranesville Elementary,ES,89.76,Distinguished,,56.76,65,23.51,25,9.49,10,-,0,90.68,20.4,91.12,20.5,101.23,10.12,57.3,5.73,94.18,11.77,93.93,11.74,5.08,9.49,-,-,-,-,-,-,-,-
4,29,Fairfax County ,2243,Eagle View Elementary,ES,93.03,Distinguished,,60.32,65,23.86,25,8.84,10,-,0,91.87,20.67,96.66,21.75,96.47,9.64,82.52,8.25,91.59,11.44,99.36,12.42,11.55,8.84,-,-,-,-,-,-,-,-
4,29,Fairfax County ,1270,Edison High,HS,87.78,Approaching Expectations,TSI,45.33,50,-,0,28.37,35,14.07,15,105.31,15.79,100.26,15.04,97.57,9.75,47.44,4.74,-,-,-,-,13.83,4.3,-,-,94.06,4.7,77.45,19.36,93.84,14.07
4,29,Fairfax County ,190,Fairfax County Adult High,HS,50.25,Needs Intensive Support,CSI,40.62,50,-,0,7.04,35,2.58,15,90.17,13.52,99.44,14.91,76.38,7.63,45.45,4.54,-,-,-,-,6.92,4.65,-,-,25.29,1.26,4.48,1.12,17.26,2.58
4,29,Fairfax County ,20,Fairfax High,HS,94.40,Distinguished,,47.06,50,-,0,33.78,35,13.55,15,107.03,16.05,100.82,15.12,101.56,10.15,57.26,5.72,-,-,-,-,14.39,4.28,-,-,95.61,4.78,98.87,24.71,90.39,13.55
4,29,Fairfax County ,1480,Fairfax Villa Elementary,ES,94.78,Distinguished,,61.52,65,23.93,25,9.33,10,-,0,97.32,21.89,97.44,21.92,104.06,10.4,72.91,7.29,95.65,11.95,95.79,11.97,6.64,9.33,-,-,-,-,-,-,-,-
4,29,Fairfax County ,1630,Fairhill Elementary,ES,95.18,Distinguished,,61.85,65,23.7,25,9.62,10,-,0,98.75,22.22,98.95,22.26,99.59,9.95,74.07,7.4,94.48,11.81,95.18,11.89,3.75,9.62,-,-,-,-,-,-,-,-
4,29,Fairfax County ,290,Fairview Elementary,ES,96.18,Distinguished,,62.62,65,24.09,25,9.47,10,-,0,102.26,23,101.48,22.83,104.66,10.46,63.15,6.31,96.81,12.1,95.92,11.99,5.29,9.47,-,-,-,-,-,-,-,-
4,29,Fairfax County ,1100,Falls Church High,HS,87.53,Meets Expectations,,44.96,50,-,0,29.29,35,13.28,15,102.68,15.4,100.8,15.12,95.93,9.59,48.46,4.84,-,-,-,-,11.44,4.42,-,-,91.93,4.59,81.06,20.26,88.55,13.28
4,29,Fairfax County ,730,Flint Hill Elementary,ES,100.20,Distinguished,,66.15,65,24.31,25,9.73,10,-,0,102.83,23.13,105.5,23.73,103.27,10.32,89.47,8.94,95.83,11.97,98.71,12.33,2.68,9.73,-,-,-,-,-,-,-,-
4,29,Fairfax County ,740,Floris Elementary,ES,95.61,Distinguished,,62.59,65,23.8,25,9.21,10,-,0,100.25,22.55,101.4,22.81,109.87,10.98,62.3,6.23,95.63,11.95,94.8,11.85,7.85,9.21,-,-,-,-,-,-,-,-
4,29,Fairfax County ,70,Forest Edge Elementary,ES,90.53,Distinguished,,58.96,65,22.53,25,9.03,10,-,0,94.73,21.31,94.23,21.2,102.11,10.21,62.36,6.23,91.71,11.46,88.55,11.06,9.66,9.03,-,-,-,-,-,-,-,-
4,29,Fairfax County ,1450,Forestdale Elementary,ES,83.73,Approaching Expectations,TSI,53.18,65,21.59,25,8.95,10,-,0,82.15,18.48,86.31,19.42,92.18,9.21,60.56,6.05,84.86,10.6,87.89,10.98,10.4,8.95,-,-,-,-,-,-,-,-
4,29,Fairfax County ,370,Forestville Elementary,ES,98.59,Distinguished,,64.24,65,24.75,25,9.59,10,-,0,106.05,23.86,107.84,24.26,103.27,10.32,57.89,5.78,99.17,12.39,98.85,12.35,4.01,9.59,-,-,-,-,-,-,-,-
4,29,Fairfax County ,2224,Fort Belvoir Elementary,ES,88.14,Approaching Expectations,TSI,56.78,65,22.68,25,8.68,10,-,0,93.7,21.08,93.59,21.05,98.75,9.87,47.61,4.76,89.84,11.23,91.6,11.45,13.13,8.68,-,-,-,-,-,-,-,-
4,29,Fairfax County ,2458,Fort Belvoir Upper Elementary,ES,88.39,Approaching Expectations,TSI,56.78,65,22.68,25,8.92,10,-,0,93.7,21.08,93.59,21.05,98.75,9.87,47.61,4.76,89.84,11.23,91.6,11.45,10.7,8.92,-,-,-,-,-,-,-,-
4,29,Fairfax County ,1920,Fort Hunt Elementary,ES,90.74,Distinguished,,59.34,65,22.23,25,9.16,10,-,0,95.46,21.48,95.73,21.54,95.77,9.57,67.42,6.74,88.24,11.03,89.67,11.2,8.34,9.16,-,-,-,-,-,-,-,-
4,29,Fairfax County ,390,Fox Mill Elementary,ES,97.35,Distinguished,,64.46,65,23.34,25,9.54,10,-,0,101.21,22.77,103.17,23.21,100,10,84.78,8.47,91.86,11.48,94.86,11.85,4.55,9.54,-,-,-,-,-,-,-,-
4,29,Fairfax County ,320,Franconia Elementary,ES,89.13,Meets Expectations,,57.65,65,22.44,25,9.03,10,-,0,90.74,20.41,93.08,20.94,92.74,9.27,70.16,7.01,90.8,11.35,88.78,11.09,9.69,9.03,-,-,-,-,-,-,-,-
4,29,Fairfax County ,440,Franklin Middle,MS,92.53,Distinguished,,56.23,60,17.73,20,18.57,20,-,0,98.88,19.77,96.41,19.28,97.71,9.77,74.05,7.4,91.61,9.16,85.7,8.57,11.02,8.89,96.74,9.67,-,-,-,-,-,-
4,29,Fairfax County ,490,Freedom Hill Elementary,ES,85.15,Approaching Expectations,TSI,54.99,65,20.99,25,9.16,10,-,0,88.73,19.96,88.09,19.82,95.14,9.51,56.88,5.68,89.94,11.24,78.03,9.75,8.31,9.16,-,-,-,-,-,-,-,-
4,29,Fairfax County ,1410,Frost Middle,MS,94.51,Distinguished,,57.24,60,18.35,20,18.91,20,-,0,102.43,20.48,101.78,20.35,103.1,10.31,60.85,6.08,91,9.1,92.55,9.25,6.27,9.37,95.42,9.54,-,-,-,-,-,-
4,29,Fairfax County ,630,Garfield Elementary,ES,87.22,Meets Expectations,,55.42,65,22.51,25,9.28,10,-,0,87.86,19.77,85.9,19.32,94.18,9.41,69.09,6.9,88.91,11.11,91.17,11.39,7.14,9.28,-,-,-,-,-,-,-,-
4,29,Fairfax County ,1170,Glasgow Middle,MS,81.69,Approaching Expectations,TSI,47.39,60,15.42,20,18.87,20,-,0,83.55,16.71,82.72,16.54,89.36,8.93,51.98,5.19,78.68,7.86,75.56,7.55,8.99,9.1,97.75,9.77,-,-,-,-,-,-
4,29,Fairfax County ,970,Glen Forest Elementary,ES,78.87,Needs Intensive Support,TSI,50.08,65,19.84,25,8.93,10,-,0,78.3,17.61,80.65,18.14,86.11,8.61,57.1,5.71,83.91,10.48,74.87,9.35,10.67,8.93,-,-,-,-,-,-,-,-
4,29,Fairfax County ,530,Graham Road Elementary,ES,76.95,Needs Intensive Support,TSI,48.23,65,19.84,25,8.87,10,-,0,72.87,16.39,81.41,18.31,81.54,8.15,53.67,5.36,83.39,10.42,75.38,9.42,11.29,8.87,-,-,-,-,-,-,-,-
4,29,Fairfax County ,570,Great Falls Elementary,ES,97.45,Distinguished,,62.92,65,25.07,25,9.45,10,-,0,106.33,23.92,106.47,23.95,112.91,11.29,37.5,3.75,99.54,12.44,101.02,12.62,5.43,9.45,-,-,-,-,-,-,-,-
4,29,Fairfax County ,1840,Greenbriar East Elementary,ES,87.36,Approaching Expectations,TSI,56.55,65,21.74,25,9.05,10,-,0,89.19,20.06,87.74,19.74,94.66,9.46,72.82,7.28,89.63,11.2,84.3,10.53,9.4,9.05,-,-,-,-,-,-,-,-
4,29,Fairfax County ,1500,Greenbriar West Elementary,ES,99.08,Distinguished,,65.06,65,24.72,25,9.28,10,-,0,102.92,23.15,105.38,23.71,106.3,10.63,75.65,7.56,96.66,12.08,101.16,12.64,7.13,9.28,-,-,-,-,-,-,-,-
4,29,Fairfax County ,330,Groveton Elementary,ES,79.39,Needs Intensive Support,TSI,51.56,65,18.89,25,8.93,10,-,0,81.9,18.42,81.96,18.44,86.78,8.67,60.15,6.01,81.31,10.16,69.86,8.73,10.69,8.93,-,-,-,-,-,-,-,-
4,29,Fairfax County ,690,Gunston Elementary,ES,91.81,Distinguished,,59.67,65,23.23,25,8.91,10,-,0,96.2,21.64,99.15,22.3,102.47,10.24,54.68,5.46,91.88,11.48,93.96,11.74,10.85,8.91,-,-,-,-,-,-,-,-
4,29,Fairfax County ,2210,Halley Elementary,ES,87.95,Approaching Expectations,TSI,56.97,65,22.04,25,8.92,10,-,0,91.23,20.52,91.07,20.49,96.15,9.61,63.41,6.34,90.31,11.28,86.07,10.75,10.71,8.92,-,-,-,-,-,-,-,-
4,29,Fairfax County ,750,Haycock Elementary,ES,105.34,Distinguished,,69.91,65,25.64,25,9.78,10,-,0,111.15,25.01,113.01,25.42,112.89,11.28,81.81,8.18,100.35,12.54,104.83,13.1,2.16,9.78,-,-,-,-,-,-,-,-
4,29,Fairfax County ,1740,Hayfield Elementary,ES,93.82,Distinguished,,60.36,65,23.95,25,9.5,10,-,0,97.76,21.99,100.62,22.64,99.12,9.91,58.13,5.81,93.88,11.73,97.79,12.22,5,9.5,-,-,-,-,-,-,-,-
4,29,Fairfax County ,1800,Hayfield Secondary,MS-HS,92.10,Meets Expectations,TSI,45.26,50,8.52,10,28.77,30,9.54,10,99.32,14.89,94.63,14.19,96.83,9.68,64.84,6.48,84.91,4.24,85.61,4.28,17.28,4.13,92.65,4.63,96.92,4.84,101.04,15.15,95.45,9.54
4,29,Fairfax County ,1250,Herndon Elementary,ES,75.68,Approaching Expectations,CSI,47.05,65,19.06,25,9.56,10,-,0,73.16,16.46,73.67,16.57,85.04,8.5,55.11,5.51,78.44,9.8,74.06,9.25,4.37,9.56,-,-,-,-,-,-,-,-
4,29,Fairfax County ,32,Herndon High,HS,83.55,Approaching Expectations,TSI,43.71,50,-,0,27.34,35,12.49,15,101.61,15.24,99.65,14.94,95.24,9.52,40,4,-,-,-,-,23.39,3.83,-,-,91.6,4.58,75.73,18.93,83.27,12.49
4,29,Fairfax County ,33,Herndon Middle,MS,84.07,Meets Expectations,,50.01,60,16.94,20,17.12,20,-,0,87.01,17.4,90.65,18.13,90.92,9.09,53.87,5.38,83.27,8.32,86.15,8.61,11.33,8.86,82.54,8.25,-,-,-,-,-,-
4,29,Fairfax County ,1330,Hollin Meadows Elementary,ES,84.18,Approaching Expectations,TSI,53.3,65,21.9,25,8.97,10,-,0,85.65,19.27,86.97,19.56,88.19,8.81,56.46,5.64,87.19,10.89,88.03,11,10.27,8.97,-,-,-,-,-,-,-,-
4,29,Fairfax County ,1521,Holmes Middle,MS,82.78,Approaching Expectations,TSI,48.66,60,16.45,20,17.66,20,-,0,86.92,17.38,86.23,17.24,91.22,9.12,49.15,4.91,83.13,8.31,81.41,8.14,21,7.9,97.62,9.76,-,-,-,-,-,-
4,29,Fairfax County ,350,Hughes Middle,MS,90.17,Distinguished,,54.66,60,17.56,20,17.94,20,-,0,98.03,19.6,95.85,19.17,97.71,9.77,61.17,6.11,89.29,8.92,86.31,8.63,14.84,8.51,94.33,9.43,-,-,-,-,-,-
4,29,Fairfax County ,1880,Hunt Valley Elementary,ES,93.60,Distinguished,,61.64,65,22.42,25,9.53,10,-,0,100.74,22.66,99.25,22.33,99.46,9.94,67,6.7,90.74,11.34,88.69,11.08,4.68,9.53,-,-,-,-,-,-,-,-
4,29,Fairfax County ,1950,Hunters Woods Elementary School for the Arts and Sciences,ES,98.29,Distinguished,,64.64,65,24.22,25,9.42,10,-,0,102.8,23.13,101.8,22.9,106.06,10.6,80,8,95.91,11.98,97.87,12.23,5.76,9.42,-,-,-,-,-,-,-,-
4,29,Fairfax County ,1980,Hutchison Elementary,ES,77.17,Needs Intensive Support,TSI,48.5,65,19.33,25,9.33,10,-,0,73.45,16.52,76.44,17.19,87.23,8.72,60.57,6.05,80.82,10.1,73.82,9.22,6.64,9.33,-,-,-,-,-,-,-,-
4,29,Fairfax County ,1420,Hybla Valley Elementary,ES,78.57,Needs Intensive Support,TSI,50.21,65,19.69,25,8.65,10,-,0,76.62,17.24,79.84,17.96,86.05,8.6,64,6.4,77.72,9.71,79.86,9.98,13.4,8.65,-,-,-,-,-,-,-,-
4,29,Fairfax County ,1120,Irving Middle,MS,93.32,Distinguished,,57.07,60,17.38,20,18.86,20,-,0,99.3,19.86,98.18,19.63,100.04,10,75.71,7.57,86.84,8.68,87.02,8.7,8.86,9.11,97.53,9.75,-,-,-,-,-,-
4,29,Fairfax County ,2235,Island Creek Elementary,ES,92.54,Distinguished,,59.59,65,23.47,25,9.47,10,-,0,100.06,22.51,97.67,21.97,96.02,9.6,55,5.5,93.9,11.73,93.92,11.74,5.26,9.47,-,-,-,-,-,-,-,-
4,29,Fairfax County ,673,Jackson Middle,MS,81.32,Meets Expectations,,49.31,60,15.35,20,16.64,20,-,0,87.76,17.55,87.81,17.56,95.78,9.57,46.2,4.62,78.57,7.85,75,7.5,16.15,8.38,82.62,8.26,-,-,-,-,-,-
4,29,Fairfax County ,1110,Johnson Middle,MS,90.51,Distinguished,,54.74,60,17.55,20,18.21,20,-,0,94.72,18.94,97.38,19.47,96.16,9.61,67.03,6.7,85.73,8.57,89.78,8.97,12.36,8.76,94.55,9.45,-,-,-,-,-,-
4,29,Fairfax County ,1070,Justice High,HS,85.46,Meets Expectations,,45.6,50,-,0,27.58,35,12.26,15,102.67,15.4,100.17,15.02,94.81,9.48,57,5.7,-,-,-,-,21.54,3.92,-,-,94.06,4.7,75.84,18.96,81.78,12.26
4,29,Fairfax County ,1240,Keene Mill Elementary,ES,101.21,Distinguished,,67.07,65,24.76,25,9.37,10,-,0,106.67,24,108.72,24.46,108.62,10.86,77.46,7.74,99.32,12.41,98.76,12.34,6.23,9.37,-,-,-,-,-,-,-,-
4,29,Fairfax County ,980,Kent Gardens Elementary,ES,104.20,Distinguished,,68.83,65,25.62,25,9.74,10,-,0,108.63,24.44,113.05,25.43,113.2,11.32,76.31,7.63,102.43,12.8,102.56,12.82,2.55,9.74,-,-,-,-,-,-,-,-
4,29,Fairfax County ,1901,Key Center,ES-MS-HS,^,Too Small,,18.72,57.78,^,15,3.33,7.23,^,0,27.38,5.93,30.95,6.7,42.1,6.08,^,^,^,^,^,^,53.84,3.33,^,^,^,^,^,^,^,^
4,29,Fairfax County ,1900,Key Middle,MS,80.43,Meets Expectations,,47.64,60,15.45,20,17.32,20,-,0,81.39,16.27,83.33,16.66,89.64,8.96,57.36,5.73,75.25,7.52,79.3,7.93,17.83,8.21,91.11,9.11,-,-,-,-,-,-
4,29,Fairfax County ,1761,Kilmer Center,ES-MS-HS,^,Too Small,,60.05,67.78,^,15,5.15,7.23,^,0,94.11,25.09,82.35,21.96,^,^,90,13,^,^,^,^,28.57,5.15,^,^,^,^,^,^,^,^
4,29,Fairfax County ,1760,Kilmer Middle,MS,96.20,Distinguished,,58.14,60,19.04,20,19.01,20,-,0,101.59,20.31,102.9,20.58,100.47,10.04,71.96,7.19,92.67,9.26,97.75,9.77,8.48,9.15,98.6,9.86,-,-,-,-,-,-
4,29,Fairfax County ,1890,Kings Glen Elementary,ES,95.75,Distinguished,,62.31,65,23.86,25,9.57,10,-,0,99.67,22.42,100.63,22.64,97.48,9.74,75,7.5,95.39,11.92,95.48,11.93,4.22,9.57,-,-,-,-,-,-,-,-
4,29,Fairfax County ,1440,Kings Park Elementary,ES,94.29,Distinguished,,61.07,65,23.86,25,9.35,10,-,0,98.37,22.13,96.93,21.81,97.48,9.74,73.77,7.37,95.39,11.92,95.48,11.93,6.4,9.35,-,-,-,-,-,-,-,-
4,29,Fairfax County ,1570,Lake Anne Elementary,ES,87.51,Approaching Expectations,TSI,55.17,65,23.44,25,8.89,10,-,0,89.59,20.15,89.24,20.08,90,9,59.32,5.93,90.21,11.27,97.35,12.16,11.02,8.89,-,-,-,-,-,-,-,-
4,29,Fairfax County ,90,Lake Braddock Secondary,MS-HS,95.37,Distinguished,,47.01,50,9.07,10,29.65,30,9.63,10,104.63,15.69,100.73,15.11,99.65,9.96,62.41,6.24,90.7,4.53,90.74,4.53,12.74,4.36,98.39,4.91,98.4,4.92,103.02,15.45,96.34,9.63
4,29,Fairfax County ,2209,Lane Elementary,ES,89.87,Distinguished,,59.04,65,21.57,25,9.25,10,-,0,93.4,21.01,91.49,20.58,97,9.7,77.4,7.74,87.35,10.91,85.26,10.65,7.43,9.25,-,-,-,-,-,-,-,-
4,29,Fairfax County ,1460,Langley High,HS,100.00,Distinguished,,50.16,50,-,0,35.19,35,14.63,15,115.59,17.33,107.23,16.08,107.22,10.72,60.22,6.02,-,-,-,-,8.42,4.57,-,-,99.6,4.98,102.55,25.63,97.57,14.63
4,29,Fairfax County ,2348,Laurel Hill Elementary,ES,94.47,Meets Expectations,TSI,61.76,65,23.49,25,9.21,10,-,0,96.35,21.68,98.29,22.11,100.21,10.02,79.48,7.94,91.09,11.38,96.84,12.1,7.83,9.21,-,-,-,-,-,-,-,-
4,29,Fairfax County ,1970,Laurel Ridge Elementary,ES,96.30,Distinguished,,63.45,65,23.51,25,9.33,10,-,0,101.33,22.79,101.97,22.94,102.1,10.21,75,7.5,93.76,11.72,94.38,11.79,6.64,9.33,-,-,-,-,-,-,-,-
4,29,Fairfax County ,1850,Lees Corner Elementary,ES,94.51,Distinguished,,62.04,65,22.92,25,9.54,10,-,0,98.38,22.13,99.1,22.29,106.02,10.6,70.1,7.01,91.23,11.4,92.18,11.52,4.57,9.54,-,-,-,-,-,-,-,-
4,29,Fairfax County ,770,Lemon Road Elementary,ES,97.77,Distinguished,,64,65,24.21,25,9.55,10,-,0,102.3,23.01,104.47,23.5,107.76,10.77,67.03,6.7,98.48,12.31,95.2,11.9,4.41,9.55,-,-,-,-,-,-,-,-
4,29,Fairfax County ,1020,Lewis High,HS,84.05,Approaching Expectations,TSI,43.52,50,-,0,27.61,35,12.9,15,98.83,14.82,96.95,14.54,92.57,9.25,48.95,4.89,-,-,-,-,15.61,4.21,-,-,96.37,4.81,74.32,18.58,86.06,12.9
4,29,Fairfax County ,2233,Liberty Middle,MS,89.72,Distinguished,,53.42,60,17.84,20,18.46,20,-,0,93.14,18.62,97.78,19.55,94.76,9.47,57.6,5.76,86.05,8.6,92.37,9.23,12.83,8.71,97.46,9.74,-,-,-,-,-,-
4,29,Fairfax County ,1400,Little Run Elementary,ES,94.34,Distinguished,,61.19,65,23.67,25,9.47,10,-,0,95.03,21.38,95.06,21.38,103.28,10.32,80.95,8.09,92.21,11.52,97.16,12.14,5.22,9.47,-,-,-,-,-,-,-,-
4,29,Fairfax County ,1830,London Towne Elementary,ES,87.82,Meets Expectations,,56.24,65,22.73,25,8.84,10,-,0,91.28,20.53,89.14,20.05,92.62,9.26,63.86,6.38,91.18,11.39,90.66,11.33,11.52,8.84,-,-,-,-,-,-,-,-
4,29,Fairfax County ,1150,Longfellow Middle,MS,98.56,Distinguished,,60.18,60,19.36,20,19.01,20,-,0,106.6,21.32,107.04,21.4,104.97,10.49,69.56,6.95,95,9.5,98.68,9.86,6.13,9.38,96.3,9.63,-,-,-,-,-,-
4,29,Fairfax County ,2236,Lorton Station Elementary,ES,90.71,Meets Expectations,TSI,58.86,65,23.01,25,8.82,10,-,0,91.92,20.68,91.32,20.54,95.95,9.59,80.4,8.04,93.05,11.63,91.07,11.38,11.71,8.82,-,-,-,-,-,-,-,-
4,29,Fairfax County ,890,Lynbrook Elementary,ES,76.58,Needs Intensive Support,TSI,47.4,65,20.57,25,8.59,10,-,0,74.55,16.77,73.39,16.51,83.58,8.35,57.63,5.76,83.88,10.48,80.71,10.08,14.03,8.59,-,-,-,-,-,-,-,-
4,29,Fairfax County ,1060,Madison High,HS,99.37,Distinguished,,48.53,50,-,0,36.78,35,14.05,15,111.55,16.73,106.08,15.91,102.14,10.21,56.79,5.67,-,-,-,-,8.93,4.55,-,-,98.87,4.94,109.13,27.28,93.72,14.05
4,29,Fairfax County ,1210,Mantua Elementary,ES,98.85,Distinguished,,64.2,65,25.02,25,9.62,10,-,0,104.38,23.48,106.25,23.9,112.34,11.23,55.73,5.57,98.45,12.3,101.76,12.72,3.7,9.62,-,-,-,-,-,-,-,-
4,29,Fairfax County ,1290,Marshall High,HS,95.27,Distinguished,,47.32,50,-,0,34.61,35,13.33,15,109.56,16.43,103.02,15.45,106.46,10.64,47.91,4.79,-,-,-,-,17.38,4.13,-,-,96.06,4.8,102.71,25.67,88.92,13.33
4,29,Fairfax County ,1200,Marshall Road Elementary,ES,88.93,Meets Expectations,,57.91,65,21.9,25,9.11,10,-,0,91.91,20.68,92.45,20.8,94.75,9.47,69.53,6.95,87.55,10.94,87.7,10.96,8.84,9.11,-,-,-,-,-,-,-,-
4,29,Fairfax County ,2410,Mason Crest Elementary,ES,90.76,Distinguished,,57.46,65,23.82,25,9.47,10,-,0,88.62,19.93,96.1,21.62,98.11,9.81,60.88,6.08,90.9,11.36,99.72,12.46,5.23,9.47,-,-,-,-,-,-,-,-
4,29,Fairfax County ,790,McLean High,HS,99.86,Distinguished,,49.17,50,-,0,36.41,35,14.28,15,112.41,16.86,104.93,15.74,104.64,10.46,61.03,6.1,-,-,-,-,12.83,4.35,-,-,97.01,4.85,108.83,27.2,95.2,14.28
4,29,Fairfax County ,2231,McNair Elementary,ES,90.61,Meets Expectations,TSI,58.11,65,23.37,25,9.12,10,-,0,92.22,20.74,95.7,21.53,97.34,9.73,61,6.1,91.38,11.42,95.63,11.95,8.78,9.12,-,-,-,-,-,-,-,-
4,29,Fairfax County ,2200,McNair Upper Elementary,ES,90.61,Meets Expectations,TSI,58.11,65,23.37,25,9.11,10,-,0,92.22,20.74,95.7,21.53,97.34,9.73,61,6.1,91.38,11.42,95.63,11.95,8.83,9.11,-,-,-,-,-,-,-,-
4,29,Fairfax County ,1390,Mosaic Elementary,ES,97.60,Distinguished,,63.72,65,24.52,25,9.34,10,-,0,102.9,23.15,106.42,23.94,103.41,10.34,62.85,6.28,97.11,12.13,99.09,12.38,6.5,9.34,-,-,-,-,-,-,-,-
4,29,Fairfax County ,510,Mount Eagle Elementary,ES,78.92,Needs Intensive Support,TSI,51.42,65,18.47,25,9.02,10,-,0,80.85,18.19,81.84,18.41,86.42,8.64,61.71,6.17,78.47,9.8,69.29,8.66,9.72,9.02,-,-,-,-,-,-,-,-
4,29,Fairfax County ,420,Mount Vernon High,HS,85.04,Meets Expectations,,43.85,50,-,0,28.07,35,13.11,15,98.99,14.84,98.58,14.78,95.67,9.56,46.5,4.65,-,-,-,-,11.05,4.44,-,-,93.51,4.67,75.79,18.94,87.44,13.11
4,29,Fairfax County ,1640,Mount Vernon Woods Elementary,ES,79.42,Needs Intensive Support,TSI,51.64,65,19.28,25,8.49,10,-,0,81.94,18.43,79.31,17.84,85.09,8.5,68.51,6.85,80.66,10.08,73.61,9.2,15.05,8.49,-,-,-,-,-,-,-,-
4,29,Fairfax County ,2211,Mountain View High,HS,51.56,Needs Intensive Support,CSI,39.98,50,-,0,6.39,35,5.18,15,79.41,11.91,95.9,14.38,73.4,7.34,63.49,6.34,-,-,-,-,50.58,2.47,-,-,50,2.5,5.7,1.42,34.57,5.18
4,29,Fairfax County ,800,Navy Elementary,ES,100.70,Distinguished,,65.62,65,25.57,25,9.5,10,-,0,106.36,23.93,109.81,24.7,111.69,11.16,58.13,5.81,99.42,12.42,105.18,13.14,4.93,9.5,-,-,-,-,-,-,-,-
4,29,Fairfax County ,470,Newington Forest Elementary,ES,92.37,Distinguished,,60.73,65,22.72,25,8.91,10,-,0,97.38,21.91,97.36,21.9,101.47,10.14,67.7,6.77,91.96,11.49,89.84,11.23,10.88,8.91,-,-,-,-,-,-,-,-
4,29,Fairfax County ,930,North Springfield Elementary,ES,90.07,Distinguished,,58.14,65,22.69,25,9.23,10,-,0,93.06,20.93,94.82,21.33,99.12,9.91,59.57,5.95,91.74,11.46,89.82,11.22,7.62,9.23,-,-,-,-,-,-,-,-
4,29,Fairfax County ,430,Oak Hill Elementary,ES,96.97,Distinguished,,63.03,65,24.43,25,9.5,10,-,0,104.32,23.47,105.86,23.81,103.6,10.36,53.84,5.38,96.79,12.09,98.65,12.33,4.92,9.5,-,-,-,-,-,-,-,-
4,29,Fairfax County ,1860,Oak View Elementary,ES,96.03,Distinguished,,62.58,65,24.02,25,9.42,10,-,0,100.32,22.57,100.16,22.53,103.48,10.34,71.22,7.12,95.07,11.88,97.12,12.14,5.72,9.42,-,-,-,-,-,-,-,-
4,29,Fairfax County ,140,Oakton Elementary,ES,103.25,Distinguished,,67.91,65,25.66,25,9.67,10,-,0,104.94,23.61,107.25,24.13,109.75,10.97,91.91,9.19,101.19,12.64,104.15,13.01,3.28,9.67,-,-,-,-,-,-,-,-
4,29,Fairfax County ,1710,Oakton High,HS,103.22,Distinguished,,49.79,50,-,0,39.14,35,14.28,15,113.03,16.95,104.99,15.74,106.68,10.66,64.17,6.41,-,-,-,-,17.13,4.14,-,-,98.66,4.93,120.25,30.06,95.26,14.28
4,29,Fairfax County ,1650,Olde Creek Elementary,ES,96.33,Distinguished,,62.13,65,24.6,25,9.6,10,-,0,101.58,22.85,101.69,22.88,102.63,10.26,61.29,6.12,99.52,12.44,97.29,12.16,3.97,9.6,-,-,-,-,-,-,-,-
4,29,Fairfax County ,150,Orange Hunt Elementary,ES,94.13,Distinguished,,61.51,65,23.07,25,9.55,10,-,0,101.28,22.78,99.36,22.35,100.69,10.06,62.96,6.29,91.89,11.48,92.69,11.58,4.46,9.55,-,-,-,-,-,-,-,-
4,29,Fairfax County ,1030,Parklawn Elementary,ES,81.75,Approaching Expectations,TSI,51.96,65,20.85,25,8.93,10,-,0,79.73,17.93,81.84,18.41,84.96,8.49,71.12,7.11,85.21,10.65,81.65,10.2,10.65,8.93,-,-,-,-,-,-,-,-
4,29,Fairfax County ,820,Pine Spring Elementary,ES,91.88,Distinguished,,57.32,65,25.02,25,9.53,10,-,0,87.04,19.58,92.32,20.77,93.92,9.39,75.75,7.57,96.83,12.1,103.36,12.92,4.69,9.53,-,-,-,-,-,-,-,-
4,29,Fairfax County ,1130,Poe Middle,MS,77.99,Needs Intensive Support,TSI,45.85,60,15.35,20,16.79,20,-,0,79.92,15.98,79.79,15.95,89.63,8.96,49.48,4.94,78.06,7.8,75.46,7.54,15.69,8.43,83.6,8.36,-,-,-,-,-,-
4,29,Fairfax County ,2080,Poplar Tree Elementary,ES,100.19,Distinguished,,66.02,65,24.66,25,9.5,10,-,0,105.41,23.71,107.71,24.23,106.31,10.63,74.41,7.44,99.39,12.42,97.89,12.23,4.93,9.5,-,-,-,-,-,-,-,-
4,29,Fairfax County ,2237,Powell Elementary,ES,96.27,Meets Expectations,TSI,62.27,65,24.44,25,9.55,10,-,0,98.46,22.15,104.91,23.6,101.4,10.14,63.7,6.37,94.7,11.83,100.89,12.61,4.42,9.55,-,-,-,-,-,-,-,-
4,29,Fairfax County ,2230,Providence Elementary,ES,86.96,Approaching Expectations,TSI,56.18,65,21.8,25,8.97,10,-,0,89.27,20.08,93.93,21.13,95.39,9.53,54.26,5.42,86.04,10.75,88.36,11.04,10.27,8.97,-,-,-,-,-,-,-,-
4,29,Fairfax County ,1310,Ravensworth Elementary,ES,94.94,Distinguished,,62.12,65,23.44,25,9.37,10,-,0,98.56,22.17,99.84,22.46,97.67,9.76,77.19,7.71,90.18,11.27,97.36,12.17,6.29,9.37,-,-,-,-,-,-,-,-
4,29,Fairfax County ,1820,Riverside Elementary,ES,89.58,Meets Expectations,TSI,58.42,65,22.18,25,8.98,10,-,0,91.81,20.65,93.61,21.06,98.37,9.83,68.63,6.86,89.5,11.18,87.95,10.99,10.15,8.98,-,-,-,-,-,-,-,-
4,29,Fairfax County ,1960,Robinson Secondary,MS-HS,94.05,Distinguished,,47.09,50,8.97,10,28.31,30,9.66,10,105.08,15.76,99.26,14.88,99.32,9.93,65.13,6.51,92.52,4.62,87.05,4.35,13.75,4.31,98.51,4.92,98.57,4.92,94.3,14.14,96.61,9.66
4,29,Fairfax County ,300,Rocky Run Middle,MS,97.66,Distinguished,,58.76,60,19.68,20,19.21,20,-,0,104.52,20.9,107.88,21.57,104.96,10.49,57.87,5.78,95.25,9.52,101.63,10.16,7.34,9.26,99.45,9.94,-,-,-,-,-,-
4,29,Fairfax County ,1770,Rolling Valley Elementary,ES,91.06,Distinguished,,59.43,65,22.32,25,9.3,10,-,0,94.07,21.16,93.78,21.1,97.12,9.71,74.57,7.45,88.38,11.04,90.18,11.27,6.99,9.3,-,-,-,-,-,-,-,-
4,29,Fairfax County ,950,Rose Hill Elementary,ES,89.23,Approaching Expectations,TSI,57.31,65,22.62,25,9.29,10,-,0,89.74,20.19,91.22,20.52,97.05,9.7,68.93,6.89,91.83,11.47,89.16,11.14,7.05,9.29,-,-,-,-,-,-,-,-
4,29,Fairfax County ,1300,Sandburg Middle,MS,83.59,Meets Expectations,,50.44,60,15.5,20,17.64,20,-,0,92.65,18.53,87.36,17.47,92.32,9.23,52.14,5.21,81.96,8.19,73.09,7.3,14.02,8.59,90.45,9.04,-,-,-,-,-,-
4,29,Fairfax County ,2030,Sangster Elementary,ES,104.33,Distinguished,,69.1,65,25.52,25,9.69,10,-,0,110.62,24.88,112.42,25.29,111.46,11.14,77.77,7.77,101.53,12.69,102.66,12.83,3.03,9.69,-,-,-,-,-,-,-,-
4,29,Fairfax County ,2040,Saratoga Elementary,ES,85.76,Meets Expectations,,55.77,65,20.99,25,8.99,10,-,0,89.48,20.13,91.36,20.55,95.37,9.53,55.44,5.54,84.07,10.5,83.89,10.48,10.01,8.99,-,-,-,-,-,-,-,-
4,29,Fairfax County ,80,Sherman Elementary,ES,101.42,Distinguished,,66.35,65,25.3,25,9.75,10,-,0,101.25,22.78,107.82,24.25,100.75,10.07,92.39,9.23,99.05,12.38,103.4,12.92,2.44,9.75,-,-,-,-,-,-,-,-
4,29,Fairfax County ,1660,Shrevewood Elementary,ES,86.88,Approaching Expectations,TSI,55.44,65,22.33,25,9.1,10,-,0,87.74,19.74,88.07,19.81,92.15,9.21,66.66,6.66,89.78,11.22,88.9,11.11,8.91,9.1,-,-,-,-,-,-,-,-
4,29,Fairfax County ,1680,Silverbrook Elementary,ES,97.46,Distinguished,,63.93,65,24.05,25,9.47,10,-,0,103.33,23.25,104.55,23.52,106.41,10.64,65.17,6.51,94.53,11.81,97.91,12.23,5.27,9.47,-,-,-,-,-,-,-,-
4,29,Fairfax County ,710,Sleepy Hollow Elementary,ES,81.20,Approaching Expectations,TSI,51.01,65,20.54,25,9.64,10,-,0,81.25,18.28,82.96,18.66,82.89,8.28,57.76,5.77,87.79,10.97,76.55,9.56,3.52,9.64,-,-,-,-,-,-,-,-
4,29,Fairfax County ,2241,South County High,HS,96.02,Distinguished,,47.17,50,-,0,34.3,35,14.54,15,108.91,16.33,100.24,15.03,100.25,10.02,57.74,5.77,-,-,-,-,12.35,4.38,-,-,98.45,4.92,100,25,96.98,14.54
4,29,Fairfax County ,2420,South County Middle,MS,92.57,Distinguished,,55.42,60,18.33,20,18.81,20,-,0,100.07,20.01,101.5,20.3,97.59,9.75,53.5,5.35,87.3,8.73,96.01,9.6,10.94,8.9,99.12,9.91,-,-,-,-,-,-
4,29,Fairfax County ,1990,South Lakes High,HS,91.76,Distinguished,,46.66,50,-,0,31.38,35,13.72,15,107.54,16.13,101.77,15.26,100.86,10.08,51.78,5.17,-,-,-,-,18.72,4.06,-,-,96.26,4.81,90.02,22.5,91.47,13.72
4,29,Fairfax County ,1620,Spring Hill Elementary,ES,101.07,Distinguished,,66.92,65,24.71,25,9.42,10,-,0,103.85,23.36,107.11,24.1,109.67,10.96,84.9,8.49,99.33,12.41,98.38,12.29,5.7,9.42,-,-,-,-,-,-,-,-
4,29,Fairfax County ,960,Springfield Estates Elementary,ES,96.71,Distinguished,,63.67,65,23.72,25,9.31,10,-,0,101.85,22.91,103.6,23.31,103.15,10.31,71.3,7.13,94.71,11.83,95.09,11.88,6.89,9.31,-,-,-,-,-,-,-,-
4,29,Fairfax County ,1380,Stenwood Elementary,ES,97.77,Distinguished,,63.83,65,24.32,25,9.62,10,-,0,103.27,23.23,103.5,23.28,101.62,10.16,71.42,7.14,96.75,12.09,97.8,12.22,3.72,9.62,-,-,-,-,-,-,-,-
4,29,Fairfax County ,2070,Stone Middle,MS,86.85,Meets Expectations,,52.21,60,17.32,20,17.32,20,-,0,91.39,18.27,94.17,18.83,93.76,9.37,57.24,5.72,82.46,8.24,90.74,9.07,10.26,8.97,83.46,8.34,-,-,-,-,-,-
4,29,Fairfax County ,1350,Stratford Landing Elementary,ES,95.83,Distinguished,,62.75,65,23.9,25,9.17,10,-,0,103.04,23.18,100.45,22.6,104.68,10.46,65,6.5,95.69,11.96,95.56,11.94,8.29,9.17,-,-,-,-,-,-,-,-
4,29,Fairfax County ,280,Sunrise Valley Elementary,ES,98.46,Distinguished,,64.71,65,24.27,25,9.47,10,-,0,103.81,23.35,104.53,23.52,104.54,10.45,73.78,7.37,96.96,12.12,97.19,12.14,5.21,9.47,-,-,-,-,-,-,-,-
4,29,Fairfax County ,170,Terra Centre Elementary,ES,96.87,Distinguished,,62.83,65,24.19,25,9.83,10,-,0,101.56,22.85,102.07,22.96,104.54,10.45,65.62,6.56,95.33,11.91,98.23,12.27,1.6,9.83,-,-,-,-,-,-,-,-
4,29,Fairfax County ,250,Terraset Elementary,ES,91.57,Distinguished,,59.32,65,22.79,25,9.46,10,-,0,95.05,21.38,94.82,21.33,99.3,9.93,66.66,6.66,89.6,11.2,92.75,11.59,5.37,9.46,-,-,-,-,-,-,-,-
4,29,Fairfax County ,1371,Thomas Jefferson High for Science and Technology,HS,109.34,Distinguished,,52.4,44.45,-,0,40.27,38.9,16.66,16.67,120.9,20.15,117.05,19.5,114.7,12.74,^,^,-,-,-,-,7.59,5.13,-,-,100,5.55,106.5,29.58,100,16.66
4,29,Fairfax County ,1140,Thoreau Middle,MS,95.25,Distinguished,,57.57,60,18.67,20,19,20,-,0,102.25,20.45,103.03,20.6,101.66,10.16,63.47,6.34,91.62,9.16,95.13,9.51,7.77,9.22,97.87,9.78,-,-,-,-,-,-
4,29,Fairfax County ,830,Timber Lane Elementary,ES,88.11,Meets Expectations,,55.71,65,22.96,25,9.43,10,-,0,88.28,19.86,90.77,20.42,93.4,9.34,60.88,6.08,94.24,11.78,89.47,11.18,5.66,9.43,-,-,-,-,-,-,-,-
4,29,Fairfax County ,1160,Twain Middle,MS,89.01,Meets Expectations,,53.49,60,17.23,20,18.28,20,-,0,95.95,19.19,94.36,18.87,96.24,9.62,58.07,5.8,87.48,8.74,84.85,8.48,12,8.79,94.87,9.48,-,-,-,-,-,-
4,29,Fairfax County ,1540,Union Mill Elementary,ES,96.32,Distinguished,,62.81,65,24.13,25,9.37,10,-,0,98.91,22.25,101.18,22.76,104.81,10.48,73.07,7.3,96.51,12.06,96.57,12.07,6.26,9.37,-,-,-,-,-,-,-,-
4,29,Fairfax County ,120,Vienna Elementary,ES,95.83,Distinguished,,62.81,65,23.68,25,9.33,10,-,0,102.55,23.07,102.12,22.97,100,10,67.64,6.76,95.14,11.89,94.3,11.78,6.62,9.33,-,-,-,-,-,-,-,-
4,29,Fairfax County ,2050,Virginia Run Elementary,ES,87.40,Approaching Expectations,TSI,56.37,65,21.7,25,9.31,10,-,0,89.15,20.06,91.68,20.62,95.52,9.55,61.36,6.13,87.58,10.94,86.07,10.75,6.86,9.31,-,-,-,-,-,-,-,-
4,29,Fairfax County ,850,Wakefield Forest Elementary,ES,97.53,Distinguished,,64.27,65,23.57,25,9.68,10,-,0,103.17,23.21,103.99,23.39,107.6,10.76,68.96,6.89,94.25,11.78,94.36,11.79,3.13,9.68,-,-,-,-,-,-,-,-
4,29,Fairfax County ,2100,Waples Mill Elementary,ES,95.53,Distinguished,,62.11,65,23.98,25,9.42,10,-,0,100.43,22.59,102.05,22.96,101.08,10.1,64.5,6.45,95.24,11.9,96.64,12.08,5.74,9.42,-,-,-,-,-,-,-,-
4,29,Fairfax County ,1320,Washington Mill Elementary,ES,85.71,Approaching Expectations,TSI,55.47,65,21.34,25,8.88,10,-,0,85.42,19.22,88.79,19.97,94.48,9.44,68.32,6.83,88.31,11.03,82.48,10.31,11.19,8.88,-,-,-,-,-,-,-,-
4,29,Fairfax County ,1080,Waynewood Elementary,ES,100.69,Distinguished,,56.96,55,33.99,35,9.73,10,-,0,104.44,23.49,102.18,22.99,104.72,10.47,^,^,98.02,17.15,96.24,16.84,2.65,9.73,-,-,-,-,-,-,-,-
4,29,Fairfax County ,900,West Potomac High,HS,86.48,Approaching Expectations,TSI,44.15,50,-,0,28.87,35,13.45,15,101.91,15.28,98.75,14.81,94.52,9.45,46.02,4.6,-,-,-,-,16.78,4.16,-,-,91.83,4.59,80.47,20.11,89.68,13.45
4,29,Fairfax County ,1430,West Springfield Elementary,ES,95.44,Distinguished,,62.48,65,23.23,25,9.72,10,-,0,100.15,22.53,100.93,22.71,105.96,10.59,66.47,6.64,92.81,11.6,93.05,11.63,2.77,9.72,-,-,-,-,-,-,-,-
4,29,Fairfax County ,1610,West Springfield High,HS,98.91,Distinguished,,48.72,50,-,0,35.75,35,14.42,15,111.14,16.67,102.89,15.43,104.42,10.44,61.77,6.17,-,-,-,-,12.5,4.37,-,-,98.67,4.93,105.8,26.45,96.18,14.42
4,29,Fairfax County ,1580,Westbriar Elementary,ES,100.41,Distinguished,,66.13,65,25.02,25,9.24,10,-,0,103.54,23.29,107.56,24.2,106.15,10.61,80.19,8.01,96.52,12.06,103.67,12.95,7.5,9.24,-,-,-,-,-,-,-,-
4,29,Fairfax County ,2228,Westfield High,HS,90.80,Distinguished,,46.11,50,-,0,30.52,35,14.16,15,104.86,15.73,97.26,14.58,97.48,9.74,60.48,6.04,-,-,-,-,10.9,4.45,-,-,95.89,4.79,85.08,21.27,94.42,14.16
4,29,Fairfax County ,1670,Westgate Elementary,ES,89.84,Meets Expectations,TSI,58.65,65,21.8,25,9.37,10,-,0,92.89,20.9,94.07,21.16,95.53,9.55,70.37,7.03,86.98,10.87,87.43,10.92,6.2,9.37,-,-,-,-,-,-,-,-
4,29,Fairfax County ,580,Westlawn Elementary,ES,83.78,Approaching Expectations,TSI,53,65,21.71,25,9.06,10,-,0,80.45,18.1,84.49,19.01,89.04,8.9,69.85,6.98,82.86,10.35,90.89,11.36,9.34,9.06,-,-,-,-,-,-,-,-
4,29,Fairfax County ,520,Weyanoke Elementary,ES,81.12,Approaching Expectations,TSI,50.98,65,21.18,25,8.95,10,-,0,75.57,17,82.2,18.49,88.44,8.84,66.4,6.64,81.03,10.12,88.45,11.05,10.48,8.95,-,-,-,-,-,-,-,-
4,29,Fairfax County ,400,White Oaks Elementary,ES,95.84,Distinguished,,63.17,65,23.43,25,9.23,10,-,0,102.36,23.03,101.58,22.85,102.45,10.24,70.42,7.04,93.13,11.64,94.32,11.79,7.67,9.23,-,-,-,-,-,-,-,-
4,29,Fairfax County ,1550,Whitman Middle,MS,86.76,Meets Expectations,,51.71,60,16.35,20,18.69,20,-,0,88.85,17.77,87.1,17.42,91.02,9.1,74.21,7.42,81.33,8.13,82.18,8.21,10.75,8.92,97.66,9.76,-,-,-,-,-,-
4,29,Fairfax County ,2060,Willow Springs Elementary,ES,96.38,Distinguished,,63.11,65,24.04,25,9.22,10,-,0,102.02,22.95,103.92,23.38,103.7,10.37,64,6.4,95.16,11.89,97.22,12.15,7.71,9.22,-,-,-,-,-,-,-,-
4,29,Fairfax County ,1810,Wolftrap Elementary,ES,101.41,Distinguished,,58.24,55,33.39,35,9.77,10,-,0,105.05,23.63,105.72,23.78,108.22,10.82,^,^,94.64,16.56,96.17,16.83,2.24,9.77,-,-,-,-,-,-,-,-
4,29,Fairfax County ,650,Woodburn Elementary,ES,82.55,Approaching Expectations,TSI,51.48,65,22.15,25,8.91,10,-,0,79.23,17.82,84.67,19.05,86.85,8.68,59.16,5.91,87.14,10.89,90.08,11.26,10.8,8.91,-,-,-,-,-,-,-,-
4,29,Fairfax County ,380,Woodlawn Elementary,ES,81.73,Meets Expectations,,52.35,65,21.05,25,8.32,10,-,0,81.21,18.27,84.14,18.93,90.34,9.03,61.15,6.11,85.07,10.63,83.33,10.41,16.71,8.32,-,-,-,-,-,-,-,-
4,29,Fairfax County ,590,Woodley Hills Elementary,ES,84.55,Approaching Expectations,TSI,53.81,65,21.82,25,8.92,10,-,0,85.39,19.21,84.93,19.11,91.07,9.1,63.79,6.37,87.8,10.97,86.75,10.84,10.79,8.92,-,-,-,-,-,-,-,-
4,29,Fairfax County ,1260,Woodson High,HS,97.70,Distinguished,,49,50,-,0,34.45,35,14.23,15,112.52,16.87,105.2,15.78,106.26,10.62,57.2,5.72,-,-,-,-,10.36,4.48,-,-,98.33,4.91,100.23,25.05,94.92,14.23
4,109,Falls Church City ,252,Mary Ellen Henderson Middle School,MS,98.23,Distinguished,,59.63,60,19.36,20,19.23,20,-,0,104.74,20.94,104.29,20.85,101.76,10.17,76.47,7.64,95.7,9.57,97.89,9.78,4.46,9.55,96.85,9.68,-,-,-,-,-,-
4,109,Falls Church City ,251,Meridian High School,HS,100.13,Distinguished,,50.25,50,-,0,35.35,35,14.52,15,113.02,16.95,103.08,15.46,104.76,10.47,73.61,7.36,-,-,-,-,8.99,4.55,-,-,98.57,4.92,103.51,25.87,96.81,14.52
4,109,Falls Church City ,240,Mount Daniel Elementary School,ES,95.04,Distinguished,,62.12,65,23.36,25,9.55,10,-,0,101.62,22.86,103.62,23.31,99.73,9.97,59.74,5.97,91.86,11.48,95.03,11.87,4.48,9.55,-,-,-,-,-,-,-,-
4,109,Falls Church City ,260,Oak Street Elementary School,ES,95.28,Distinguished,,62.12,65,23.36,25,9.79,10,-,0,101.62,22.86,103.62,23.31,99.73,9.97,59.74,5.97,91.86,11.48,95.03,11.87,2.01,9.79,-,-,-,-,-,-,-,-
4,30,Fauquier County ,854,Auburn Middle,MS,93.19,Distinguished,,48.46,50,25.89,30,18.83,20,-,0,97.93,19.58,96.38,19.27,95.96,9.59,^,^,88.24,13.23,84.41,12.66,9.04,9.09,97.43,9.74,-,-,-,-,-,-
4,30,Fauquier County ,460,C. Hunter Ritchie Elementary,ES,98.84,Distinguished,,55.01,55,34.26,35,9.56,10,-,0,100.85,22.69,99.35,22.35,99.66,9.96,^,^,95,16.62,100.8,17.64,4.34,9.56,-,-,-,-,-,-,-,-
4,30,Fauquier County ,730,C.M. Bradley Elementary,ES,85.77,Meets Expectations,,55.82,65,21.03,25,8.91,10,-,0,94.18,21.19,91.42,20.57,98.72,9.87,41.93,4.19,86.73,10.84,81.52,10.19,10.85,8.91,-,-,-,-,-,-,-,-
4,30,Fauquier County ,520,Cedar Lee Middle,MS,83.10,Meets Expectations,,49.21,60,16.12,20,17.75,20,-,0,88.1,17.62,86.95,17.39,91.05,9.1,51,5.1,80.66,8.06,80.62,8.06,19.4,8.05,96.96,9.69,-,-,-,-,-,-
4,30,Fauquier County ,120,Claude Thompson Elementary,ES,89.04,Meets Expectations,,56.72,65,23.82,25,8.5,10,-,0,86.06,19.36,93.64,21.07,97.22,9.72,65.62,6.56,88.96,11.12,101.62,12.7,14.94,8.5,-,-,-,-,-,-,-,-
4,30,Fauquier County ,701,Fauquier High,HS,92.46,Distinguished,,44.74,50,-,0,33.86,35,13.86,15,101.7,15.25,99.24,14.88,98.67,9.86,47.29,4.72,-,-,-,-,13.51,4.32,-,-,96.27,4.81,98.89,24.72,92.41,13.86
4,30,Fauquier County ,450,Grace Miller Elementary,ES,86.95,Meets Expectations,,55.63,65,22.24,25,9.07,10,-,0,87.44,19.67,91.89,20.67,88.63,8.86,64.17,6.41,90.29,11.28,87.66,10.95,9.23,9.07,-,-,-,-,-,-,-,-
4,30,Fauquier County ,511,Greenville Elementary,ES,93.43,Distinguished,,60.66,65,23.52,25,9.24,10,-,0,97.88,22.02,101.53,22.84,101.64,10.16,56.25,5.62,89.97,11.24,98.21,12.27,7.51,9.24,-,-,-,-,-,-,-,-
4,30,Fauquier County ,750,H.M. Pearson Elementary,ES,83.70,Meets Expectations,,54.47,65,20.48,25,8.74,10,-,0,86.32,19.42,88.02,19.8,92.85,9.28,59.57,5.95,81.66,10.2,82.23,10.27,12.53,8.74,-,-,-,-,-,-,-,-
4,30,Fauquier County ,853,James G. Brumfield Elementary,ES,87.26,Approaching Expectations,TSI,56.36,65,21.84,25,9.05,10,-,0,92.7,20.85,91.2,20.52,94.87,9.48,55,5.5,88.11,11.01,86.63,10.82,9.45,9.05,-,-,-,-,-,-,-,-
4,30,Fauquier County ,510,Kettle Run High,HS,97.63,Distinguished,,46.56,50,-,0,36.74,35,14.32,15,104.82,15.72,99.68,14.95,99.75,9.97,59.09,5.9,-,-,-,-,12.79,4.36,-,-,97.51,4.87,110.01,27.5,95.52,14.32
4,30,Fauquier County ,851,Liberty High,HS,88.51,Approaching Expectations,TSI,43.92,50,-,0,30.69,35,13.88,15,101.14,15.17,98.43,14.76,96.96,9.69,42.94,4.29,-,-,-,-,19.26,4.03,-,-,94.64,4.73,87.7,21.92,92.58,13.88
4,30,Fauquier County ,530,Margaret M. Pierce Elementary,ES,83.98,Approaching Expectations,TSI,54.81,65,20.16,25,9,10,-,0,86.83,19.53,86.12,19.37,87.78,8.77,71.21,7.12,85.31,10.66,76.02,9.5,10,9,-,-,-,-,-,-,-,-
4,30,Fauquier County ,10,Marshall Middle,MS,83.89,Meets Expectations,,48.93,60,17.06,20,17.89,20,-,0,95.1,19.02,89.31,17.86,94.8,9.48,25.71,2.57,89.3,8.93,81.31,8.13,13.48,8.65,92.42,9.24,-,-,-,-,-,-
4,30,Fauquier County ,20,Mary Walter Elementary,ES,85.13,Meets Expectations,,55.78,65,21,25,8.34,10,-,0,87.3,19.64,92.23,20.75,93.03,9.3,60.86,6.08,85.38,10.67,82.69,10.33,16.58,8.34,-,-,-,-,-,-,-,-
4,30,Fauquier County ,720,P.B. Smith Elementary,ES,89.44,Approaching Expectations,TSI,58.61,65,21.41,25,9.41,10,-,0,94,21.15,96.2,21.64,94.51,9.45,63.63,6.36,80.96,10.12,90.33,11.29,5.8,9.41,-,-,-,-,-,-,-,-
4,30,Fauquier County ,670,W.C. Taylor Middle,MS,83.31,Meets Expectations,,48.06,60,16.77,20,18.46,20,-,0,94.32,18.86,92.98,18.59,94.51,9.45,11.53,1.15,84.15,8.41,83.63,8.36,10.15,8.98,94.82,9.48,-,-,-,-,-,-
4,30,Fauquier County ,740,W.G. Coleman Elementary,ES,81.67,Approaching Expectations,TSI,52.71,65,20.06,25,8.89,10,-,0,85.59,19.25,88.31,19.87,89.49,8.94,46.34,4.63,77.48,9.68,83.01,10.37,11.01,8.89,-,-,-,-,-,-,-,-
6,31,Floyd County ,90,Check Elementary,ES,89.44,Approaching Expectations,TSI,49.62,55,31.22,35,8.59,10,-,0,89.61,20.16,89.26,20.08,93.75,9.37,^,^,90.36,15.81,88.08,15.41,14.05,8.59,-,-,-,-,-,-,-,-
6,31,Floyd County ,660,Floyd County High,MS-HS,102.01,Meets Expectations,TSI,38.49,40,15.5,20,38.35,30,9.65,10,96.03,14.4,94.9,14.23,98.54,9.85,^,^,72.56,7.25,82.52,8.25,18.05,4.09,100,5,94.44,4.72,163.58,24.53,96.52,9.65
6,31,Floyd County ,360,Floyd Elementary,ES,86.30,Approaching Expectations,TSI,49.72,55,27.51,35,9.06,10,-,0,89.63,20.16,89.1,20.04,95.08,9.5,^,^,80.12,14.02,77.08,13.48,9.35,9.06,-,-,-,-,-,-,-,-
6,31,Floyd County ,650,Indian Valley Elementary,ES,92.91,Distinguished,,53.71,55,30.16,35,9.03,10,-,0,98,26.95,97.33,26.76,^,^,^,^,82.45,14.42,89.91,15.73,9.67,9.03,-,-,-,-,-,-,-,-
6,31,Floyd County ,500,Willis Elementary,ES,90.09,Distinguished,,50.48,55,30.62,35,8.98,10,-,0,89.9,20.22,90.62,20.39,98.68,9.86,^,^,88.81,15.54,86.18,15.08,10.17,8.98,-,-,-,-,-,-,-,-
5,32,Fluvanna County ,300,Carysbrook Elementary,ES,87.31,Approaching Expectations,TSI,57,65,21.77,25,8.53,10,-,0,88.83,24.43,90.16,24.79,^,^,77.77,7.77,88.45,11.05,85.76,10.72,14.66,8.53,-,-,-,-,-,-,-,-
5,32,Fluvanna County ,310,Central Elementary,ES,88.10,Approaching Expectations,TSI,57,65,21.77,25,9.32,10,-,0,88.83,24.43,90.16,24.79,^,^,77.77,7.77,88.45,11.05,85.76,10.72,6.75,9.32,-,-,-,-,-,-,-,-
5,32,Fluvanna County ,260,Fluvanna County High,MS-HS,90.54,Distinguished,,43.17,50,8.47,10,29.06,30,9.82,10,98,14.7,98.66,14.8,95.55,9.55,41.17,4.11,77.24,3.86,92.34,4.61,35.01,3.24,91.8,4.59,95.06,4.75,109.78,16.46,98.27,9.82
5,32,Fluvanna County ,320,Fluvanna Middle,ES,82.89,Approaching Expectations,TSI,54.33,65,21,25,7.55,10,-,0,89.47,20.13,93.21,20.97,98.9,9.89,33.33,3.33,79.14,9.89,88.92,11.11,24.48,7.55,-,-,-,-,-,-,-,-
2,135,Franklin City ,20,Franklin High,MS-HS,72.95,Needs Intensive Support,TSI,32.81,42.35,10.3,20.58,20.17,26.46,9.65,10.59,77.67,12.33,70.1,11.13,88.23,9.34,^,^,53.26,5.48,46.87,4.82,11.37,4.69,^,^,87.8,4.64,68.2,10.83,91.2,9.65
2,135,Franklin City ,10,S.P. Morton Elementary,ES,73.52,Approaching Expectations,CSI,39.82,55,24.75,35,8.94,10,-,0,73.49,16.53,66.33,14.92,83.66,8.36,^,^,72.63,12.71,68.8,12.04,10.53,8.94,-,-,-,-,-,-,-,-
6,33,Franklin County ,31,Benjamin Franklin Middle,MS,85.60,Meets Expectations,,51.79,60,17.02,20,16.77,20,-,0,93.45,18.69,96.19,19.23,95.32,9.53,43.33,4.33,84.24,8.42,86.04,8.6,16.32,8.36,84.11,8.41,-,-,-,-,-,-
6,33,Franklin County ,1370,Boones Mill Elementary,ES,88.83,Meets Expectations,,50.63,55,28.76,35,9.43,10,-,0,88.4,19.89,95.32,21.44,92.94,9.29,^,^,78.97,13.82,85.39,14.94,5.66,9.43,-,-,-,-,-,-,-,-
6,33,Franklin County ,350,Callaway Elementary,ES,95.27,Distinguished,,53.77,55,31.99,35,9.5,10,-,0,95.43,21.47,97.83,22.01,102.88,10.28,^,^,93.35,16.33,89.45,15.65,4.9,9.5,-,-,-,-,-,-,-,-
6,33,Franklin County ,20,Dudley Elementary,ES,92.73,Distinguished,,51.93,55,31.71,35,9.07,10,-,0,91.72,20.63,93.54,21.04,102.54,10.25,^,^,89.75,15.7,91.5,16.01,9.21,9.07,-,-,-,-,-,-,-,-
6,33,Franklin County ,1360,Ferrum Elementary,ES,90.78,Distinguished,,52,55,29.85,35,8.92,10,-,0,92.95,20.91,92.42,20.79,102.88,10.28,^,^,84.34,14.75,86.26,15.09,10.7,8.92,-,-,-,-,-,-,-,-
6,33,Franklin County ,1311,Franklin County High,HS,86.22,Approaching Expectations,TSI,43.91,50,-,0,29,35,13.3,15,101.98,15.29,101.18,15.17,98,9.8,36.36,3.63,-,-,-,-,14.76,4.26,-,-,93.39,4.66,80.3,20.07,88.67,13.3
6,33,Franklin County ,690,Glade Hill Elementary,ES,89.82,Distinguished,,50.89,55,30.44,35,8.48,10,-,0,90,20.25,93.54,21.04,95.96,9.59,^,^,83.33,14.58,90.62,15.85,15.16,8.48,-,-,-,-,-,-,-,-
6,33,Franklin County ,660,Lee M. Waid Elementary,ES,94.35,Distinguished,,54.32,55,30.98,35,9.05,10,-,0,93.75,21.09,101.71,22.88,103.4,10.34,^,^,86.88,15.2,90.15,15.77,9.42,9.05,-,-,-,-,-,-,-,-
6,33,Franklin County ,1380,Rocky Mount Elementary,ES,83.97,Meets Expectations,,54.3,65,20.51,25,9.15,10,-,0,89.5,20.13,91.15,20.5,92.14,9.21,44.44,4.44,85.81,10.72,78.33,9.79,8.45,9.15,-,-,-,-,-,-,-,-
6,33,Franklin County ,1170,Snow Creek Elementary,ES,93.59,Distinguished,,53.48,55,30.95,35,9.15,10,-,0,96.78,21.77,96.5,21.71,100,10,^,^,82.81,14.49,94.04,16.45,8.41,9.15,-,-,-,-,-,-,-,-
6,33,Franklin County ,960,Sontag Elementary,ES,92.22,Distinguished,,51.58,55,31.72,35,8.92,10,-,0,90.77,20.42,97.08,21.84,93.18,9.31,^,^,86.26,15.09,95,16.62,10.79,8.92,-,-,-,-,-,-,-,-
6,33,Franklin County ,980,Windy Gap Elementary,ES,97.88,Distinguished,,55.31,55,33.28,35,9.27,10,-,0,96.63,21.74,100.58,22.63,109.37,10.93,^,^,92.04,16.1,98.18,17.18,7.2,9.27,-,-,-,-,-,-,-,-
4,34,Frederick County ,586,Admiral Richard E. Byrd Middle,MS,84.12,Meets Expectations,,49.98,60,15.73,20,18.4,20,-,0,90.35,18.07,87.03,17.4,92,9.2,53.03,5.3,80.03,8,77.32,7.73,15,8.5,99.02,9.9,-,-,-,-,-,-
4,34,Frederick County ,10,Apple Pie Ridge Elementary,ES,83.22,Approaching Expectations,TSI,54.22,65,20.06,25,8.93,10,-,0,85.61,19.26,85,19.12,89.47,8.94,68.88,6.88,79.46,9.93,81.08,10.13,10.64,8.93,-,-,-,-,-,-,-,-
4,34,Frederick County ,320,Armel Elementary,ES,84.19,Approaching Expectations,TSI,55.07,65,20.06,25,9.04,10,-,0,87.95,19.78,92.88,20.89,93.88,9.38,50,5,78.09,9.76,82.46,10.3,9.5,9.04,-,-,-,-,-,-,-,-
4,34,Frederick County ,20,Bass-Hoover Elementary,ES,82.52,Approaching Expectations,TSI,53.7,65,20.12,25,8.7,10,-,0,85.16,19.16,84.75,19.06,88.52,8.85,66.17,6.61,83.37,10.42,77.6,9.7,12.97,8.7,-,-,-,-,-,-,-,-
4,34,Frederick County ,587,Evendale Elementary,ES,83.31,Approaching Expectations,TSI,55.44,65,19.37,25,8.5,10,-,0,87.02,19.57,86.45,19.45,88.8,8.88,75.31,7.53,80.41,10.05,74.58,9.32,14.98,8.5,-,-,-,-,-,-,-,-
4,34,Frederick County ,460,Frederick County Middle,MS,79.11,Needs Intensive Support,TSI,46.14,60,14.76,20,18.2,20,-,0,85.21,17.04,81.63,16.32,90.2,9.02,37.5,3.75,74.73,7.47,72.9,7.29,12.77,8.72,94.82,9.48,-,-,-,-,-,-
4,34,Frederick County ,380,Gainesboro Elementary,ES,81.02,Approaching Expectations,TSI,46.57,55,25.63,35,8.81,10,-,0,85,19.12,83.09,18.69,87.5,8.75,^,^,75.16,13.15,71.3,12.47,11.83,8.81,-,-,-,-,-,-,-,-
4,34,Frederick County ,590,Greenwood Mill Elementary,ES,85.71,Approaching Expectations,TSI,55.32,65,21.42,25,8.95,10,-,0,90.22,20.29,93.1,20.94,95.04,9.5,45.71,4.57,83.87,10.48,87.56,10.94,10.42,8.95,-,-,-,-,-,-,-,-
4,34,Frederick County ,40,Indian Hollow Elementary,ES,84.98,Approaching Expectations,TSI,55.49,65,20.63,25,8.85,10,-,0,88.75,19.97,86.89,19.55,94.69,9.46,65,6.5,81.25,10.15,83.85,10.48,11.42,8.85,-,-,-,-,-,-,-,-
4,34,Frederick County ,30,James Wood High,HS,94.30,Meets Expectations,TSI,44.43,50,-,0,35.57,35,14.28,15,102.04,15.3,98.72,14.8,95.84,9.58,47.36,4.73,-,-,-,-,14.25,4.28,-,-,95.21,4.76,106.1,26.52,95.26,14.28
4,34,Frederick County ,420,James Wood Middle,MS,80.92,Approaching Expectations,TSI,47.55,60,15.23,20,18.13,20,-,0,87.52,17.5,81.83,16.36,89.98,8.99,46.87,4.68,79.77,7.97,72.61,7.26,15.27,8.47,96.59,9.65,-,-,-,-,-,-
4,34,Frederick County ,591,Jordan Springs Elementary,ES,84.58,Approaching Expectations,TSI,56.13,65,19.89,25,8.55,10,-,0,88.03,19.8,89.72,20.18,92.95,9.29,68.42,6.84,79.64,9.95,79.47,9.93,14.41,8.55,-,-,-,-,-,-,-,-
4,34,Frederick County ,340,Middletown Elementary,ES,84.65,Approaching Expectations,TSI,55.9,65,19.99,25,8.74,10,-,0,87.25,19.63,91.14,20.5,93.01,9.3,64.63,6.46,78.99,9.87,80.99,10.12,12.51,8.74,-,-,-,-,-,-,-,-
4,34,Frederick County ,584,Millbrook High,HS,90.23,Meets Expectations,TSI,44.28,50,-,0,32.24,35,13.7,15,102.17,15.32,100.46,15.06,95.37,9.53,43.51,4.35,-,-,-,-,18.29,4.08,-,-,91.64,4.58,94.3,23.57,91.37,13.7
4,34,Frederick County ,583,Orchard View Elementary,ES,80.58,Approaching Expectations,TSI,52.16,65,19.25,25,9.15,10,-,0,84.78,19.07,85.97,19.34,89,8.9,48.48,4.84,80.32,10.04,73.73,9.21,8.44,9.15,-,-,-,-,-,-,-,-
4,34,Frederick County ,582,Redbud Run Elementary,ES,80.83,Approaching Expectations,TSI,52.71,65,19.82,25,8.3,10,-,0,82.96,18.66,86.83,19.53,85.63,8.56,59.45,5.94,76.32,9.54,82.24,10.28,16.99,8.3,-,-,-,-,-,-,-,-
4,34,Frederick County ,480,Robert E. Aylor Middle,MS,80.27,Approaching Expectations,TSI,47.12,60,15.47,20,17.67,20,-,0,88.3,17.66,83.96,16.79,91.75,9.17,34.93,3.49,81.2,8.12,73.56,7.35,19.32,8.06,96.05,9.6,-,-,-,-,-,-
4,34,Frederick County ,581,Sherando High,HS,92.18,Distinguished,,45.47,50,-,0,32.97,35,13.73,15,101.39,15.2,99.55,14.93,98.59,9.85,54.73,5.47,-,-,-,-,17.18,4.14,-,-,93.67,4.68,96.59,24.14,91.54,13.73
4,34,Frederick County ,410,Stonewall Elementary,ES,82.87,Approaching Expectations,TSI,54.19,65,19.5,25,9.17,10,-,0,84.02,18.9,88.82,19.98,87.69,8.76,65.33,6.53,76.9,9.61,79.12,9.89,8.28,9.17,-,-,-,-,-,-,-,-
3,110,Fredericksburg City ,20,Gladys West Elementary,ES,84.97,Approaching Expectations,TSI,54.72,65,22.01,25,8.23,10,-,0,86.17,19.38,84.94,19.11,93.6,9.36,68.64,6.86,88.63,11.07,87.5,10.93,17.63,8.23,-,-,-,-,-,-,-,-
3,110,Fredericksburg City ,50,Hugh Mercer Elementary,ES,77.89,Needs Intensive Support,TSI,50.68,65,18.81,25,8.39,10,-,0,77.34,17.4,80.61,18.13,91.04,9.1,60.41,6.04,72.81,9.1,77.67,9.7,16.03,8.39,-,-,-,-,-,-,-,-
3,110,Fredericksburg City ,40,James Monroe High,HS,91.33,Meets Expectations,TSI,44.23,50,-,0,35.33,35,11.77,15,99.89,14.98,97,14.55,94.42,9.44,52.53,5.25,-,-,-,-,37.56,3.12,-,-,86.8,4.34,111.47,27.86,78.46,11.77
3,110,Fredericksburg City ,272,Lafayette Elementary,ES,71.83,Needs Intensive Support,TSI,47.12,65,17.09,25,7.62,10,-,0,73.88,16.62,72.83,16.38,90.62,9.06,50.46,5.04,72.01,9,64.7,8.08,23.73,7.62,-,-,-,-,-,-,-,-
3,110,Fredericksburg City ,273,Walker-Grant Middle,MS,79.10,Needs Intensive Support,TSI,46.39,60,15.59,20,17.11,20,-,0,84.14,16.82,78.42,15.68,90.27,9.02,48.57,4.85,81.54,8.15,74.35,7.43,23.58,7.64,94.73,9.47,-,-,-,-,-,-
7,111,Galax City ,10,Galax Elementary,ES,89.69,Distinguished,,57.83,65,22.64,25,9.21,10,-,0,90.64,20.39,93.34,21,95,9.5,69.31,6.93,85.47,10.68,95.66,11.95,7.8,9.21,-,-,-,-,-,-,-,-
7,111,Galax City ,31,Galax High,HS,115.03,Distinguished,,47.28,50,-,0,53.53,35,14.21,15,105.74,15.86,100.54,15.08,100.31,10.03,63.12,6.31,-,-,-,-,8.57,4.57,-,-,91.86,4.59,177.5,44.37,94.73,14.21
7,111,Galax City ,32,Galax Middle,MS,87.19,Meets Expectations,,51.65,60,16.43,20,19.11,20,-,0,89.87,17.97,93.37,18.67,93.51,9.35,56.52,5.65,79.98,7.99,84.34,8.43,6.81,9.31,97.91,9.79,-,-,-,-,-,-
7,35,Giles County ,10,Eastern Elementary/Middle ,ES,87.97,Approaching Expectations,TSI,50.37,55,28.75,35,8.83,10,-,0,91.37,20.55,89.64,20.17,96.42,9.64,^,^,87.68,15.34,76.64,13.41,11.62,8.83,-,-,-,-,-,-,-,-
7,35,Giles County ,112,Giles County K-12 Virtual School,HS,73.83,Approaching Expectations,,47.55,47.05,-,0,8.85,35.29,17.42,17.64,106.46,18.78,98.72,17.42,96.46,11.34,^,^,-,-,-,-,0,5.88,-,-,^,^,10.1,2.97,98.72,17.42
7,35,Giles County ,461,Giles High,MS-HS,101.20,Distinguished,,38.1,40,17.47,20,36.78,30,8.83,10,96.53,14.47,95.37,14.3,93.14,9.31,^,^,75,7.5,99.77,9.97,6.92,4.65,100,5,91.86,4.59,150.26,22.54,88.34,8.83
7,35,Giles County ,390,Macy Mcclaugherty Elementary/Middle,ES,85.23,Approaching Expectations,TSI,48.55,55,27.74,35,8.92,10,-,0,88.62,19.94,85.82,19.31,93.08,9.3,^,^,84.62,14.8,73.91,12.93,10.74,8.92,-,-,-,-,-,-,-,-
7,35,Giles County ,400,Narrows Elementary/Middle ,ES,89.73,Meets Expectations,TSI,50.84,55,29.39,35,9.5,10,-,0,90.8,20.43,91.91,20.68,97.28,9.72,^,^,83.9,14.68,84.05,14.7,4.94,9.5,-,-,-,-,-,-,-,-
7,35,Giles County ,470,Narrows High,MS-HS,97.34,Distinguished,,39.93,42.35,16.6,20.58,30.82,26.46,9.97,10.59,93.44,14.84,95.19,15.11,94.23,9.97,^,^,83.01,8.54,78.3,8.06,3.09,5.13,^,^,97.87,5.18,129.16,20.51,94.23,9.97
3,36,Gloucester County ,250,Abingdon Elementary,ES,94.55,Distinguished,,52.71,55,32.73,35,9.1,10,-,0,94.09,21.17,95.72,21.53,100,10,^,^,92.36,16.16,94.69,16.57,8.95,9.1,-,-,-,-,-,-,-,-
3,36,Gloucester County ,240,Achilles Elementary,ES,91.43,Distinguished,,52.42,55,30.31,35,8.69,10,-,0,92.67,20.85,97.01,21.82,97.45,9.74,^,^,80.96,14.16,92.27,16.14,13.03,8.69,-,-,-,-,-,-,-,-
3,36,Gloucester County ,381,Bethel Elementary,ES,92.27,Distinguished,,53.3,55,30.08,35,8.89,10,-,0,94.24,21.2,98.67,22.2,98.94,9.89,^,^,81.55,14.27,90.34,15.81,11.06,8.89,-,-,-,-,-,-,-,-
3,36,Gloucester County ,100,Botetourt Elementary,ES,94.32,Meets Expectations,TSI,54.75,55,30.74,35,8.82,10,-,0,97.26,21.88,100.2,22.54,103.19,10.31,^,^,88.44,15.47,87.25,15.27,11.76,8.82,-,-,-,-,-,-,-,-
3,36,Gloucester County ,260,Gloucester High,HS,99.43,Meets Expectations,TSI,44.95,44.45,-,0,39.31,38.9,15.16,16.67,103.69,17.28,99.78,16.63,99.34,11.03,^,^,-,-,-,-,18.66,4.51,-,-,94.61,5.25,106.34,29.54,91,15.16
3,36,Gloucester County ,802,Page Middle,MS,90.37,Distinguished,,47.17,50,25.31,30,17.87,20,-,0,93.82,18.76,94.19,18.83,95.72,9.57,^,^,85.03,12.75,83.75,12.56,20.24,7.97,99,9.9,-,-,-,-,-,-
3,36,Gloucester County ,280,Peasley Middle,MS,91.95,Distinguished,,47.6,50,26.19,30,18.15,20,-,0,95.61,19.12,95.01,19,94.79,9.47,^,^,87.3,13.09,87.32,13.09,14.23,8.57,95.78,9.57,-,-,-,-,-,-
3,36,Gloucester County ,270,Petsworth Elementary,ES,93.65,Distinguished,,53.51,55,31.29,35,8.85,10,-,0,95.58,21.5,97.61,21.96,100.43,10.04,^,^,90.25,15.79,88.55,15.49,11.48,8.85,-,-,-,-,-,-,-,-
1,37,Goochland County ,120,Byrd Elementary,ES,92.43,Distinguished,,52.02,55,31.03,35,9.37,10,-,0,92.93,20.91,95.8,21.55,95.58,9.55,^,^,91.35,15.98,85.97,15.04,6.27,9.37,-,-,-,-,-,-,-,-
1,37,Goochland County ,360,Goochland Elementary,ES,92.26,Distinguished,,53.17,55,29.97,35,9.11,10,-,0,96.32,21.67,95.28,21.43,100.61,10.06,^,^,86.55,15.14,84.72,14.82,8.81,9.11,-,-,-,-,-,-,-,-
1,37,Goochland County ,220,Goochland High,HS,92.01,Meets Expectations,TSI,45.24,50,-,0,32.5,35,14.27,15,104.87,15.73,99.45,14.91,98.55,9.85,47.36,4.73,-,-,-,-,10.84,4.45,-,-,97.72,4.88,92.63,23.15,95.16,14.27
1,37,Goochland County ,340,Goochland Middle,MS,90.34,Distinguished,,46.38,50,25.61,30,18.34,20,-,0,97.97,19.59,92.45,18.49,82.98,8.29,^,^,89.35,13.4,81.4,12.21,5.29,9.47,88.71,8.87,-,-,-,-,-,-
1,37,Goochland County ,260,Randolph Elementary,ES,100.50,Distinguished,,56.98,55,33.89,35,9.62,10,-,0,102.97,23.16,102.79,23.12,106.85,10.68,^,^,95.94,16.79,97.74,17.1,3.73,9.62,-,-,-,-,-,-,-,-
7,38,Grayson County ,480,Fairview Elementary,ES,90.12,Distinguished,,51.18,55,29.74,35,9.2,10,-,0,92.5,20.81,94.64,21.29,90.78,9.07,^,^,82.44,14.42,87.5,15.31,7.97,9.2,-,-,-,-,-,-,-,-
7,38,Grayson County ,911,Fries Elementary,ES,88.20,Meets Expectations,,50.4,55,28.95,35,8.84,10,-,0,88.54,19.92,91.98,20.69,97.82,9.78,^,^,82.84,14.49,82.59,14.45,11.51,8.84,-,-,-,-,-,-,-,-
7,38,Grayson County ,421,Grayson County High,HS,102.41,Distinguished,,44.76,44.45,-,0,41.58,38.9,16.06,16.67,103.88,17.31,100.71,16.78,95.95,10.66,^,^,-,-,-,-,18.16,4.54,-,-,100,5.55,113.33,31.48,96.39,16.06
7,38,Grayson County ,430,Grayson Highlands,ES,93.15,Distinguished,,53.87,55,29.84,35,9.43,10,-,0,97.56,21.95,98.14,22.08,98.43,9.84,^,^,85.26,14.92,85.26,14.92,5.63,9.43,-,-,-,-,-,-,-,-
7,38,Grayson County ,422,Independence Elementary,ES,87.87,Meets Expectations,,49.09,55,29.81,35,8.96,10,-,0,90.03,20.25,88.58,19.93,89.02,8.9,^,^,86.94,15.21,83.42,14.59,10.35,8.96,-,-,-,-,-,-,-,-
7,38,Grayson County ,11,Independence Middle,MS,91.12,Distinguished,,46.96,50,25.48,30,18.67,20,-,0,93.53,18.7,93.79,18.75,95.04,9.5,^,^,85.01,12.75,84.88,12.73,13.26,8.67,100,10,-,-,-,-,-,-
5,39,Greene County ,20,Nathanael Greene Elementary,ES,85.83,Approaching Expectations,TSI,55.9,65,21.5,25,8.42,10,-,0,86.66,19.49,90.97,20.46,90.09,9,69.31,6.93,84.2,10.52,87.81,10.97,15.74,8.42,-,-,-,-,-,-,-,-
5,39,Greene County ,10,Nathanael Greene Primary,ES,85.66,Approaching Expectations,TSI,55.9,65,21.5,25,8.25,10,-,0,86.66,19.49,90.97,20.46,90.09,9,69.31,6.93,84.2,10.52,87.81,10.97,17.49,8.25,-,-,-,-,-,-,-,-
5,39,Greene County ,30,Ruckersville Elementary,ES,86.46,Meets Expectations,,56.23,65,21.53,25,8.69,10,-,0,90.96,20.46,92.73,20.86,96.63,9.66,52.38,5.23,87.03,10.87,85.21,10.65,13,8.69,-,-,-,-,-,-,-,-
5,39,Greene County ,72,William Monroe High,HS,97.86,Distinguished,,44.75,50,-,0,39.23,35,13.87,15,102.97,15.44,100.43,15.06,95.79,9.57,46.63,4.66,-,-,-,-,20.5,3.97,-,-,94.46,4.72,122.13,30.53,92.53,13.87
5,39,Greene County ,71,William Monroe Middle,MS,81.60,Approaching Expectations,TSI,48.32,60,15.7,20,17.56,20,-,0,90.2,18.04,86.08,17.21,90.71,9.07,40,4,81.86,8.18,75.21,7.52,19.87,8.01,95.55,9.55,-,-,-,-,-,-
8,40,Greensville County ,190,Edward W. Wyatt Middle,MS,84.45,Meets Expectations,,50.29,60,16.72,20,17.44,20,-,0,88.09,17.61,88.56,17.71,91.28,9.12,58.33,5.83,85.3,8.53,81.9,8.19,11.73,8.82,86.15,8.61,-,-,-,-,-,-
8,40,Greensville County ,200,Greensville County High,HS,103.19,Meets Expectations,TSI,43.32,50,-,0,46.44,35,13.43,15,99.68,14.95,98.77,14.81,95.52,9.55,40,4,-,-,-,-,17.86,4.1,-,-,92.8,4.64,150.77,37.69,89.56,13.43
8,40,Greensville County ,50,Greensville Elementary,ES,79.81,Approaching Expectations,TSI,52.62,65,19.17,25,8.02,10,-,0,82.93,18.66,86.75,19.52,92.32,9.23,52.08,5.2,74.68,9.33,78.71,9.83,19.79,8.02,-,-,-,-,-,-,-,-
8,41,Halifax County ,1560,Clays Mill Elementary,ES,88.57,Meets Expectations,,49.71,55,30.87,35,7.97,10,-,0,87.22,19.62,90.1,20.27,98.14,9.81,^,^,81.73,14.3,94.71,16.57,20.21,7.97,-,-,-,-,-,-,-,-
8,41,Halifax County ,20,Cluster Springs Elementary,ES,93.42,Distinguished,,51.7,55,32.71,35,9,10,-,0,91.56,20.6,95.78,21.55,95.48,9.54,^,^,88.19,15.43,98.75,17.28,9.93,9,-,-,-,-,-,-,-,-
8,41,Halifax County ,10,Halifax County High,HS,88.00,Approaching Expectations,TSI,43.89,50,-,0,31.49,35,12.6,15,100.83,15.12,98.67,14.8,95.69,9.56,44,4.4,-,-,-,-,27.55,3.62,-,-,88.92,4.44,93.7,23.42,84.05,12.6
8,41,Halifax County ,1480,Halifax County Middle,MS,82.53,Approaching Expectations,TSI,49.49,60,15.46,20,17.57,20,-,0,87.48,17.49,88.93,17.78,88.77,8.87,53.33,5.33,75.44,7.54,79.16,7.91,18.26,8.17,94,9.4,-,-,-,-,-,-
8,41,Halifax County ,1550,Meadville Elementary,ES,92.03,Distinguished,,51.49,55,31.73,35,8.8,10,-,0,93.26,20.98,93.26,20.98,95.19,9.51,^,^,91.51,16.01,89.81,15.71,11.92,8.8,-,-,-,-,-,-,-,-
8,41,Halifax County ,1510,Scottsburg Elementary,ES,92.12,Distinguished,,53.13,55,31.51,35,7.47,10,-,0,94.29,21.21,97.82,22.01,99.07,9.9,^,^,81.94,14.34,98.14,17.17,25.26,7.47,-,-,-,-,-,-,-,-
8,41,Halifax County ,1521,Sinai Elementary,ES,86.22,Meets Expectations,,48.58,55,28.8,35,8.83,10,-,0,86.19,19.39,87.85,19.76,94.28,9.42,^,^,84.02,14.7,80.55,14.09,11.68,8.83,-,-,-,-,-,-,-,-
8,41,Halifax County ,30,South Boston Elementary,ES,89.02,Approaching Expectations,TSI,50.25,55,29.45,35,9.32,10,-,0,88.33,19.87,93.05,20.93,94.41,9.44,^,^,84.59,14.8,83.69,14.64,6.79,9.32,-,-,-,-,-,-,-,-
8,41,Halifax County ,1490,Sydnor Jennings Elementary,ES,93.02,Distinguished,,50.85,55,32.79,35,9.37,10,-,0,90.53,20.36,93.18,20.96,95.23,9.52,^,^,91.84,16.07,95.55,16.72,6.29,9.37,-,-,-,-,-,-,-,-
2,112,Hampton City ,500,A.W.E. Bassette Elementary,ES,88.30,Meets Expectations,,49.83,55,29.22,35,9.24,10,-,0,89.6,20.16,90.54,20.37,93,9.3,^,^,81.12,14.19,85.89,15.03,7.59,9.24,-,-,-,-,-,-,-,-
2,112,Hampton City ,160,Aberdeen Elementary,ES,88.06,Meets Expectations,,56.94,65,21.81,25,9.29,10,-,0,87.2,19.62,89.09,20.04,94.54,9.45,78.26,7.82,84.06,10.5,90.46,11.3,7,9.29,-,-,-,-,-,-,-,-
2,112,Hampton City ,470,Albert W. Patrick III Elementary,ES,93.00,Distinguished,,52.63,55,30.86,35,9.5,10,-,0,94.12,21.17,96.21,21.64,98.07,9.8,^,^,86.46,15.13,89.9,15.73,4.98,9.5,-,-,-,-,-,-,-,-
2,112,Hampton City ,260,Alfred S. Forrest Elementary,ES,91.15,Meets Expectations,TSI,50.86,55,30.85,35,9.43,10,-,0,90.2,20.29,92.22,20.75,98.19,9.81,^,^,86.84,15.19,89.47,15.65,5.62,9.43,-,-,-,-,-,-,-,-
2,112,Hampton City ,120,Armstrong Elementary,ES,93.70,Distinguished,,53.87,55,30.71,35,9.1,10,-,0,95.5,21.48,98.56,22.17,102.12,10.21,^,^,82.71,14.47,92.81,16.24,8.93,9.1,-,-,-,-,-,-,-,-
2,112,Hampton City ,330,Barron Elementary,ES,93.77,Distinguished,,52.84,55,31.67,35,9.25,10,-,0,96.89,21.8,93.91,21.13,99.1,9.91,^,^,91.32,15.98,89.66,15.69,7.43,9.25,-,-,-,-,-,-,-,-
2,112,Hampton City ,350,Benjamin Syms Middle,MS,88.21,Meets Expectations,,51.63,60,17.6,20,18.97,20,-,0,92.86,18.57,93.06,18.61,94.45,9.44,50,5,87.15,8.71,88.89,8.88,8.78,9.12,98.52,9.85,-,-,-,-,-,-
2,112,Hampton City ,430,Bethel High,HS,101.64,Distinguished,,45.49,50,-,0,41.85,35,14.29,15,103.57,15.53,99.04,14.85,99.58,9.95,51.42,5.14,-,-,-,-,9.17,4.54,-,-,99,4.95,129.45,32.36,95.32,14.29
2,112,Hampton City ,450,C. Alton Lindsay Middle,MS,90.88,Distinguished,,54.13,60,17.52,20,19.22,20,-,0,88.36,17.67,91.36,18.27,90.57,9.05,91.3,9.13,83.27,8.32,91.97,9.19,6.9,9.3,99.1,9.91,-,-,-,-,-,-
2,112,Hampton City ,460,Captain John Smith Elementary,ES,84.50,Approaching Expectations,TSI,46.19,55,28.99,35,9.3,10,-,0,80.81,18.18,83.86,18.87,91.42,9.14,^,^,79.32,13.88,86.38,15.11,6.92,9.3,-,-,-,-,-,-,-,-
2,112,Hampton City ,300,Cesar Tarrant Middle,MS,90.32,Distinguished,,45.47,50,25.74,30,19.1,20,-,0,88.66,17.73,91.25,18.25,94.95,9.49,^,^,80.81,12.12,90.83,13.62,6.38,9.36,97.4,9.74,-,-,-,-,-,-
2,112,Hampton City ,420,Christopher C. Kraft Elementary ,ES,90.88,Distinguished,,58.63,65,22.78,25,9.46,10,-,0,90.8,20.43,94.11,21.17,96.53,9.65,73.68,7.36,86.83,10.85,95.43,11.92,5.32,9.46,-,-,-,-,-,-,-,-
2,112,Hampton City ,30,Francis Asbury Elementary,ES,90.63,Meets Expectations,TSI,51.01,55,29.86,35,9.75,10,-,0,91.35,20.55,91.74,20.64,98.18,9.81,^,^,88.18,15.43,82.48,14.43,2.46,9.75,-,-,-,-,-,-,-,-
2,112,Hampton City ,70,Francis W. Jones Magnet Middle,MS,97.23,Distinguished,,49.62,50,28.2,30,19.41,20,-,0,98.53,19.7,99.62,19.92,99.87,9.98,^,^,91.39,13.7,96.62,14.49,3.31,9.66,97.43,9.74,-,-,-,-,-,-
2,112,Hampton City ,650,George P. Phenix Elementary,ES-MS,91.77,Distinguished,,54.92,60,22.61,25,14.23,15,-,0,95.21,19.04,96.8,19.36,100.52,10.05,64.7,6.47,90.17,11.27,90.71,11.33,5.15,9.48,95.04,4.75,-,-,-,-,-,-
2,112,Hampton City ,280,Hampton High,HS,100.64,Distinguished,,45.35,50,-,0,41.23,35,14.05,15,103.3,15.49,99.91,14.98,100.16,10.01,48.57,4.85,-,-,-,-,8.15,4.59,-,-,95.66,4.78,127.43,31.85,93.69,14.05
2,112,Hampton City ,640,Hunter B. Andrews,ES-MS,94.14,Distinguished,,47.4,50,32.31,35,14.42,15,-,0,93.01,18.6,95.42,19.08,97.19,9.71,^,^,88.37,15.46,96.28,16.85,5.73,9.42,100,5,-,-,-,-,-,-
2,112,Hampton City ,250,Jane H. Bryan Elementary,ES,86.06,Meets Expectations,,48.13,55,28.38,35,9.54,10,-,0,86.06,19.36,85.05,19.13,96.31,9.63,^,^,81.95,14.34,80.21,14.03,4.53,9.54,-,-,-,-,-,-,-,-
2,112,Hampton City ,320,Kecoughtan High,HS,101.02,Meets Expectations,TSI,44.75,44.45,-,0,40.31,38.9,15.94,16.67,104.42,17.4,97.8,16.3,99.48,11.05,^,^,-,-,-,-,9.86,5,-,-,97.08,5.39,107.69,29.91,95.66,15.94
2,112,Hampton City ,490,Luther W. Machen Elementary ,ES,91.85,Distinguished,,59.51,65,23.03,25,9.3,10,-,0,89.85,20.21,89.67,20.17,97.46,9.74,93.75,9.37,91.54,11.44,92.7,11.58,6.95,9.3,-,-,-,-,-,-,-,-
2,112,Hampton City ,440,Mary S. Peake Elementary,ES,88.18,Meets Expectations,,48.76,55,30.04,35,9.37,10,-,0,85.85,19.31,87.7,19.73,97.13,9.71,^,^,85.65,14.98,86.04,15.05,6.26,9.37,-,-,-,-,-,-,-,-
2,112,Hampton City ,270,Mary T. Christian Elementary,ES,83.61,Approaching Expectations,TSI,46.22,55,28.11,35,9.27,10,-,0,80.27,18.06,82.99,18.67,94.92,9.49,^,^,79.04,13.83,81.6,14.28,7.21,9.27,-,-,-,-,-,-,-,-
2,112,Hampton City ,360,Mary W. Jackson Elementary,ES,95.74,Distinguished,,54.32,55,31.77,35,9.64,10,-,0,97.84,22.01,95.65,21.52,107.85,10.78,^,^,89.43,15.65,92.14,16.12,3.55,9.64,-,-,-,-,-,-,-,-
2,112,Hampton City ,410,Paul Burbank Elementary,ES,86.21,Approaching Expectations,TSI,48.56,55,28.3,35,9.34,10,-,0,87.02,19.58,86.84,19.54,94.4,9.44,^,^,81.4,14.24,80.32,14.05,6.51,9.34,-,-,-,-,-,-,-,-
2,112,Hampton City ,370,Phillips Elementary,ES,90.27,Distinguished,,50,55,30.92,35,9.34,10,-,0,88.58,19.93,90.2,20.29,97.72,9.77,^,^,85.11,14.89,91.6,16.03,6.52,9.34,-,-,-,-,-,-,-,-
2,112,Hampton City ,50,Phoebus High,HS,108.78,Distinguished,,50.04,50,-,0,44.32,35,14.41,15,103.82,15.57,99.03,14.85,101.71,10.17,94.44,9.44,-,-,-,-,10.04,4.49,-,-,99.41,4.97,139.44,34.86,96.09,14.41
2,112,Hampton City ,180,Samuel P. Langley Elementary,ES,92.71,Distinguished,,59.49,65,23.76,25,9.46,10,-,0,94.97,21.36,100,22.5,104.6,10.46,51.61,5.16,95.4,11.92,94.69,11.83,5.36,9.46,-,-,-,-,-,-,-,-
2,112,Hampton City ,380,Thomas Eaton Middle,MS,94.35,Distinguished,,47.32,50,27.77,30,19.25,20,-,0,93.79,18.75,93.79,18.75,98,9.8,^,^,91,13.65,94.18,14.12,6.75,9.32,99.34,9.93,-,-,-,-,-,-
2,112,Hampton City ,80,William Mason Cooper Elementary,ES,91.28,Distinguished,,51.7,55,29.9,35,9.66,10,-,0,94.24,21.2,92.93,20.91,95.9,9.59,^,^,86.13,15.07,84.77,14.83,3.34,9.66,-,-,-,-,-,-,-,-
1,42,Hanover County ,160,Ashland Elementary,ES,85.72,Approaching Expectations,TSI,56.21,65,20.23,25,9.26,10,-,0,90.18,20.29,92,20.7,94.95,9.49,57.3,5.73,84.81,10.6,77.08,9.63,7.31,9.26,-,-,-,-,-,-,-,-
1,42,Hanover County ,62,Atlee High,HS,100.71,Distinguished,,48.41,50,-,0,37.91,35,14.38,15,108.28,16.24,102.22,15.33,100.2,10.02,68.18,6.81,-,-,-,-,6.92,4.65,-,-,96.22,4.81,113.8,28.45,95.87,14.38
1,42,Hanover County ,360,Battlefield Park Elementary,ES,94.45,Distinguished,,53.29,55,31.71,35,9.45,10,-,0,93.75,21.09,97.35,21.9,102.94,10.29,^,^,85.77,15.01,95.43,16.7,5.49,9.45,-,-,-,-,-,-,-,-
1,42,Hanover County ,20,Beaverdam Elementary,ES,88.72,Meets Expectations,,51.64,55,27.54,35,9.52,10,-,0,91.37,20.55,92.95,20.91,101.7,10.17,^,^,79.7,13.94,77.72,13.6,4.71,9.52,-,-,-,-,-,-,-,-
1,42,Hanover County ,440,Bell Creek Middle,MS,87.93,Meets Expectations,,51.78,60,17.08,20,19.06,20,-,0,92.39,18.47,94.77,18.95,93.51,9.35,50,5,82.75,8.27,88.07,8.8,9.35,9.06,100,10,-,-,-,-,-,-
1,42,Hanover County ,61,Chickahominy Middle,MS,97.81,Distinguished,,50.61,50,27.7,30,19.49,20,-,0,100.47,20.09,103.39,20.67,98.36,9.83,^,^,88.88,13.33,95.84,14.37,4.31,9.56,99.24,9.92,-,-,-,-,-,-
1,42,Hanover County ,70,Cold Harbor Elementary,ES,88.92,Approaching Expectations,TSI,50.26,55,29.15,35,9.5,10,-,0,88.23,19.85,92.56,20.82,95.83,9.58,^,^,83.27,14.57,83.33,14.58,4.96,9.5,-,-,-,-,-,-,-,-
1,42,Hanover County ,551,Cool Spring Elementary,ES,92.06,Distinguished,,60.22,65,22.16,25,9.68,10,-,0,97.83,22.01,99.75,22.44,100.48,10.04,57.14,5.71,86.37,10.79,90.91,11.36,3.19,9.68,-,-,-,-,-,-,-,-
1,42,Hanover County ,430,Elmont Elementary,ES,90.33,Distinguished,,58.28,65,22.41,25,9.62,10,-,0,90.06,20.26,97.28,21.89,97.72,9.77,63.63,6.36,86.16,10.77,93.14,11.64,3.71,9.62,-,-,-,-,-,-,-,-
1,42,Hanover County ,554,Hanover High,HS,110.97,Distinguished,,45.6,44.45,-,0,49.18,38.9,16.17,16.67,106.08,17.68,101.58,16.93,98.98,10.99,^,^,-,-,-,-,6.47,5.19,-,-,98.17,5.45,138.72,38.53,97.07,16.17
1,42,Hanover County ,200,Kersey Creek Elementary,ES,94.18,Meets Expectations,TSI,53.16,55,31.37,35,9.64,10,-,0,95.85,21.56,97.6,21.96,96.37,9.63,^,^,88.09,15.41,91.18,15.95,3.51,9.64,-,-,-,-,-,-,-,-
1,42,Hanover County ,210,Laurel Meadow Elementary,ES,91.05,Distinguished,,60.35,65,21.26,25,9.43,10,-,0,93.55,21.04,96.26,21.66,98.05,9.8,78.4,7.84,82.99,10.37,87.11,10.88,5.67,9.43,-,-,-,-,-,-,-,-
1,42,Hanover County ,450,Liberty Middle,MS,87.44,Meets Expectations,,52.13,60,16.16,20,19.14,20,-,0,92.52,18.5,90.21,18.04,93.38,9.33,62.5,6.25,82.64,8.26,78.96,7.89,7.23,9.27,98.67,9.86,-,-,-,-,-,-
1,42,Hanover County ,420,Mechanicsville Elementary,ES,90.44,Distinguished,,59.21,65,22.28,25,8.94,10,-,0,88.31,19.87,96.44,21.69,94.69,9.46,81.73,8.17,85.24,10.65,93.05,11.63,10.51,8.94,-,-,-,-,-,-,-,-
1,42,Hanover County ,370,Mechanicsville High,HS,92.74,Meets Expectations,TSI,46.72,50,-,0,31.92,35,14.09,15,104.4,15.66,99.68,14.95,97.14,9.71,64,6.4,-,-,-,-,13.67,4.31,-,-,95.87,4.79,91.26,22.81,93.95,14.09
1,42,Hanover County ,553,Oak Knoll Middle,MS,96.62,Distinguished,,49.95,50,27.07,30,19.6,20,-,0,99.19,19.83,100.61,20.12,99.9,9.99,^,^,89.01,13.35,91.44,13.71,2.98,9.7,99.02,9.9,-,-,-,-,-,-
1,42,Hanover County ,400,Patrick Henry High,HS,89.53,Meets Expectations,TSI,44.86,50,-,0,31.29,35,13.37,15,103.88,15.58,101.85,15.27,96.15,9.61,43.9,4.39,-,-,-,-,13.45,4.32,-,-,95.36,4.76,88.8,22.2,89.16,13.37
1,42,Hanover County ,410,Pearson's Corner Elementary,ES,99.88,Distinguished,,57.16,55,32.9,35,9.81,10,-,0,101.48,22.83,104.53,23.52,108.07,10.8,^,^,92.17,16.12,95.87,16.77,1.81,9.81,-,-,-,-,-,-,-,-
1,42,Hanover County ,552,Pole Green Elementary,ES,93.03,Meets Expectations,TSI,53.57,55,29.83,35,9.62,10,-,0,94.98,21.37,97.74,21.99,102.1,10.21,^,^,82.16,14.37,88.3,15.45,3.72,9.62,-,-,-,-,-,-,-,-
1,42,Hanover County ,30,Rural Point Elementary,ES,97.19,Distinguished,,55.37,55,32.29,35,9.52,10,-,0,98.33,22.12,101.16,22.76,104.89,10.48,^,^,91,15.92,93.51,16.36,4.73,9.52,-,-,-,-,-,-,-,-
1,42,Hanover County ,40,South Anna Elementary,ES,88.84,Approaching Expectations,TSI,51.07,55,28.24,35,9.52,10,-,0,90.52,20.36,91.89,20.67,100.32,10.03,^,^,80.44,14.07,80.94,14.16,4.77,9.52,-,-,-,-,-,-,-,-
1,42,Hanover County ,290,Washington-Henry Elementary ,ES,91.56,Distinguished,,60.35,65,21.52,25,9.68,10,-,0,94.91,21.35,95.6,21.51,98.38,9.83,76.47,7.64,86.53,10.81,85.68,10.71,3.13,9.68,-,-,-,-,-,-,-,-
5,113,Harrisonburg City ,120,Bluestone Elementary,ES,83.20,Meets Expectations,,53.91,65,19.84,25,9.45,10,-,0,79.48,17.88,86.17,19.38,96.35,9.63,70.04,7,78.86,9.85,79.86,9.98,5.5,9.45,-,-,-,-,-,-,-,-
5,113,Harrisonburg City ,12,Harrisonburg High,HS,86.21,Approaching Expectations,TSI,45.89,50,-,0,26.76,35,13.55,15,101.85,15.27,99.8,14.97,98.66,9.86,57.81,5.78,-,-,-,-,18.44,4.07,-,-,96.76,4.83,71.38,17.84,90.39,13.55
5,113,Harrisonburg City ,50,Keister Elementary,ES,86.50,Approaching Expectations,TSI,54.93,65,22,25,9.56,10,-,0,82.86,18.64,90.39,20.33,99.68,9.96,59.85,5.98,84.85,10.6,91.18,11.39,4.36,9.56,-,-,-,-,-,-,-,-
5,113,Harrisonburg City ,20,Rocktown High,HS,77.70,Needs Intensive Support,TSI,46.57,52.64,-,0,16.96,31.58,14.16,15.79,97.97,15.46,99.11,15.64,96.25,10.13,50.6,5.32,-,-,-,-,17.77,4.32,-,-,^,^,48.02,12.63,89.7,14.16
5,113,Harrisonburg City ,111,Skyline Middle,MS,77.25,Needs Intensive Support,TSI,44.11,60,14.65,20,18.49,20,-,0,77.1,15.42,78.94,15.78,91.72,9.17,37.32,3.73,74.84,7.48,71.66,7.16,13.61,8.63,98.52,9.85,-,-,-,-,-,-
5,113,Harrisonburg City ,110,Smithland Elementary,ES,81.29,Meets Expectations,,51.65,65,20.03,25,9.6,10,-,0,76.79,17.27,83.89,18.87,93.68,9.36,61.27,6.12,83.33,10.41,76.95,9.61,3.92,9.6,-,-,-,-,-,-,-,-
5,113,Harrisonburg City ,60,Spotswood Elementary,ES,85.47,Approaching Expectations,TSI,55.3,65,20.83,25,9.34,10,-,0,85.07,19.14,86.93,19.56,92.53,9.25,73.46,7.34,86.73,10.84,79.92,9.99,6.55,9.34,-,-,-,-,-,-,-,-
5,113,Harrisonburg City ,191,Stone Spring Elementary,ES,79.38,Needs Intensive Support,TSI,50.57,65,19.47,25,9.32,10,-,0,74.05,16.66,80.77,18.17,92.3,9.23,65.11,6.51,74.39,9.29,81.43,10.17,6.78,9.32,-,-,-,-,-,-,-,-
5,113,Harrisonburg City ,80,Thomas Harrison Middle,MS,83.70,Approaching Expectations,TSI,48.2,60,16.75,20,18.75,20,-,0,82.5,16.5,86.91,17.38,92.75,9.27,50.45,5.04,80.84,8.08,86.67,8.66,12.48,8.75,100,10,-,-,-,-,-,-
5,113,Harrisonburg City ,30,Waterman Elementary,ES,76.07,Needs Intensive Support,TSI,48.39,65,18.33,25,9.33,10,-,0,74.39,16.73,74.29,16.71,86.89,8.68,62.56,6.25,79.87,9.98,66.82,8.35,6.62,9.33,-,-,-,-,-,-,-,-
1,43,Henrico County ,450,Anthony P. Mehfoud Elementary,ES,78.28,Needs Intensive Support,TSI,45.28,55,23.73,35,9.25,10,-,0,82.47,18.55,80.21,18.04,86.85,8.68,^,^,69.18,12.1,66.45,11.62,7.4,9.25,-,-,-,-,-,-,-,-
1,43,Henrico County ,320,Arthur Ashe Jr. Elementary ,ES,81.08,Approaching Expectations,TSI,53.38,65,19.75,25,7.94,10,-,0,80.29,18.06,85.63,19.26,92.62,9.26,67.85,6.78,75.2,9.4,82.85,10.35,20.58,7.94,-,-,-,-,-,-,-,-
1,43,Henrico County ,500,Brookland Middle,MS,74.28,Needs Intensive Support,TSI,44.07,60,13.79,20,16.41,20,-,0,78.78,15.75,74.79,14.95,86.56,8.65,47.07,4.7,74.01,7.4,63.95,6.39,20.41,7.95,84.54,8.45,-,-,-,-,-,-
1,43,Henrico County ,120,Cashell Donahoe Elementary,ES,75.66,Approaching Expectations,CSI,47.69,65,19.33,25,8.64,10,-,0,73.42,16.52,74.89,16.85,89.8,8.98,53.42,5.34,77.48,9.68,77.16,9.64,13.55,8.64,-,-,-,-,-,-,-,-
1,43,Henrico County ,590,Chamberlayne Elementary,ES,81.35,Approaching Expectations,TSI,52.04,65,21.07,25,8.23,10,-,0,80.82,18.18,82.1,18.47,90.45,9.04,63.41,6.34,77.25,9.65,91.36,11.42,17.63,8.23,-,-,-,-,-,-,-,-
1,43,Henrico County ,530,Charles M. Johnson Elementary,ES,77.08,Approaching Expectations,CSI,49.86,65,18.36,25,8.85,10,-,0,73.66,16.57,79.14,17.8,89.4,8.94,65.45,6.54,68.58,8.57,78.36,9.79,11.5,8.85,-,-,-,-,-,-,-,-
1,43,Henrico County ,93,Colonial Trail Elementary,ES,95.68,Distinguished,,62.24,65,24.13,25,9.3,10,-,0,96.6,21.73,101.5,22.83,107.78,10.77,68.86,6.88,92.24,11.53,100.83,12.6,6.92,9.3,-,-,-,-,-,-,-,-
1,43,Henrico County ,400,Crestview Elementary,ES,89.64,Distinguished,,58.76,65,21.66,25,9.21,10,-,0,95.31,21.44,94.21,21.19,101.06,10.1,60.11,6.01,84.3,10.53,89.04,11.13,7.89,9.21,-,-,-,-,-,-,-,-
1,43,Henrico County ,82,David A. Kaechele Elementary ,ES,99.30,Distinguished,,65.75,65,23.87,25,9.67,10,-,0,102.91,23.15,106.62,23.99,107.86,10.78,78.26,7.82,92.46,11.55,98.51,12.31,3.27,9.67,-,-,-,-,-,-,-,-
1,43,Henrico County ,160,Deep Run High,HS,104.13,Distinguished,,49.44,50,-,0,40.13,35,14.55,15,111.9,16.78,103.27,15.49,105.05,10.5,66.66,6.66,-,-,-,-,6.98,4.65,-,-,97.55,4.87,122.41,30.6,97.01,14.55
1,43,Henrico County ,410,Douglas S. Freeman High,HS,90.04,Distinguished,,46.42,50,-,0,30.62,35,13,15,105.02,15.75,100.79,15.11,98.27,9.82,57.28,5.72,-,-,-,-,16.25,4.18,-,-,91.68,4.58,87.39,21.84,86.66,13
1,43,Henrico County ,700,Dumbarton Elementary,ES,77.18,Approaching Expectations,CSI,48.59,65,19.69,25,8.89,10,-,0,72.8,16.38,77.65,17.47,88.48,8.84,58.94,5.89,78.71,9.83,78.82,9.85,11.07,8.89,-,-,-,-,-,-,-,-
1,43,Henrico County ,300,Echo Lake Elementary,ES,96.83,Distinguished,,64.13,65,23.08,25,9.61,10,-,0,101.08,22.74,101.76,22.89,105.78,10.57,79.16,7.91,91.37,11.42,93.31,11.66,3.89,9.61,-,-,-,-,-,-,-,-
1,43,Henrico County ,680,Elizabeth Holladay Elementary,ES,75.83,Needs Intensive Support,TSI,48.33,65,18.74,25,8.75,10,-,0,72.93,16.41,77.47,17.43,91,9.1,53.96,5.39,71.56,8.94,78.38,9.79,12.48,8.75,-,-,-,-,-,-,-,-
1,43,Henrico County ,92,Elko Middle,MS,74.66,Needs Intensive Support,TSI,44.6,60,14.19,20,15.86,20,-,0,80.67,16.13,77.66,15.53,86.11,8.61,43.24,4.32,71.35,7.13,70.55,7.05,11.97,8.8,70.63,7.06,-,-,-,-,-,-
1,43,Henrico County ,200,Fair Oaks Elementary,ES,69.76,Approaching Expectations,CSI,39.19,55,22.38,35,8.18,10,-,0,70.03,15.75,67.21,15.12,83.12,8.31,^,^,61.05,10.68,66.84,11.69,18.12,8.18,-,-,-,-,-,-,-,-
1,43,Henrico County ,510,Fairfield Middle,MS,74.72,Needs Intensive Support,ATSI,43.73,60,13.58,20,17.41,20,-,0,81.38,16.27,77.04,15.4,84.76,8.47,35.71,3.57,70.21,7.02,65.62,6.56,16.98,8.3,91.09,9.1,-,-,-,-,-,-
1,43,Henrico County ,150,Gayton Elementary,ES,95.39,Distinguished,,62.67,65,23.04,25,9.67,10,-,0,101.99,22.94,103.38,23.26,103.96,10.39,60.71,6.07,91.47,11.43,92.91,11.61,3.29,9.67,-,-,-,-,-,-,-,-
1,43,Henrico County ,470,George F. Baker Elementary,ES,83.56,Approaching Expectations,TSI,45.22,55,29.72,35,8.6,10,-,0,79.14,17.8,78.77,17.72,96.96,9.69,^,^,79.26,13.87,90.57,15.85,13.91,8.6,-,-,-,-,-,-,-,-
1,43,Henrico County ,390,George H. Moody Middle,MS,91.59,Distinguished,,54.52,60,18.27,20,18.78,20,-,0,102.34,20.46,98.75,19.75,98,9.8,45.1,4.51,92.94,9.29,89.8,8.98,9.49,9.05,97.35,9.73,-,-,-,-,-,-
1,43,Henrico County ,20,Glen Allen Elementary,ES,95.51,Distinguished,,63.3,65,23.03,25,9.17,10,-,0,100.57,22.62,100.4,22.59,105,10.5,75.86,7.58,92.41,11.55,91.86,11.48,8.21,9.17,-,-,-,-,-,-,-,-
1,43,Henrico County ,96,Glen Allen High,HS,92.60,Distinguished,,47.35,50,-,0,31.1,35,14.14,15,107.52,16.12,100.15,15.02,99.94,9.99,62.1,6.21,-,-,-,-,13.21,4.33,-,-,94.88,4.74,88.08,22.02,94.27,14.14
1,43,Henrico County ,380,Glen Lea Elementary,ES,76.98,Approaching Expectations,CSI,40.29,55,29.6,35,7.08,10,-,0,72.98,16.42,68.4,15.39,84.8,8.48,^,^,79.8,13.96,89.34,15.63,29.1,7.08,-,-,-,-,-,-,-,-
1,43,Henrico County ,260,Greenwood Elementary ,ES,92.25,Distinguished,,60.03,65,22.72,25,9.48,10,-,0,96.39,21.68,95.67,21.52,97.22,9.72,71.01,7.1,87.5,10.93,94.32,11.79,5.14,9.48,-,-,-,-,-,-,-,-
1,43,Henrico County ,420,Harold Macon Ratcliffe Elementary,ES,77.24,Approaching Expectations,,42.57,55,26.39,35,8.27,10,-,0,76.51,17.21,74.17,16.68,86.63,8.66,^,^,71.46,12.5,79.34,13.88,17.21,8.27,-,-,-,-,-,-,-,-
1,43,Henrico County ,94,Harvie Elementary,ES,86.65,Meets Expectations,,49.53,55,28.59,35,8.52,10,-,0,88.17,19.83,88.3,19.86,98.28,9.82,^,^,80.26,14.04,83.14,14.55,14.79,8.52,-,-,-,-,-,-,-,-
1,43,Henrico County ,610,Henrico High,HS,92.59,Distinguished,,46.36,50,-,0,33.4,35,12.82,15,103.82,15.57,97.88,14.68,96.59,9.65,64.51,6.45,-,-,-,-,25.98,3.7,-,-,88.42,4.42,101.13,25.28,85.47,12.82
1,43,Henrico County ,330,Henry D. Ward Elementary,ES,85.50,Approaching Expectations,TSI,48.23,55,29.11,35,8.15,10,-,0,86.43,19.44,84.42,18.99,97.93,9.79,^,^,81.49,14.26,84.85,14.84,18.42,8.15,-,-,-,-,-,-,-,-
1,43,Henrico County ,670,Hermitage High,HS,87.39,Approaching Expectations,TSI,45.4,50,-,0,29.2,35,12.78,15,101.05,15.15,98.55,14.78,95.99,9.59,58.65,5.86,-,-,-,-,21.57,3.92,-,-,84.09,4.2,84.33,21.08,85.22,12.78
1,43,Henrico County ,640,Highland Springs Elementary,ES,68.26,Approaching Expectations,CSI,43.72,65,17.17,25,7.36,10,-,0,70.83,15.93,69.4,15.61,81.71,8.17,40,4,69.54,8.69,67.88,8.48,26.35,7.36,-,-,-,-,-,-,-,-
1,43,Henrico County ,190,Highland Springs High,HS,83.70,Meets Expectations,,42.58,50,-,0,28.24,35,12.87,15,99.5,14.92,97.74,14.66,94.89,9.48,35.06,3.5,-,-,-,-,28.05,3.59,-,-,87.12,4.35,81.14,20.28,85.84,12.87
1,43,Henrico County ,95,Holman Middle ,MS,92.09,Distinguished,,55.15,60,17.75,20,19.18,20,-,0,96.71,19.34,96.16,19.23,97.1,9.71,68.67,6.86,88.62,8.86,88.9,8.89,7.19,9.28,99.03,9.9,-,-,-,-,-,-
1,43,Henrico County ,100,Hungary Creek Middle ,MS,89.22,Meets Expectations,,53.32,60,16.64,20,19.25,20,-,0,95.11,19.02,89.02,17.8,94.7,9.47,70.28,7.02,88.55,8.85,77.92,7.79,7.47,9.25,100,10,-,-,-,-,-,-
1,43,Henrico County ,620,Jackson Davis Elementary,ES,89.49,Approaching Expectations,TSI,58.57,65,21.67,25,9.24,10,-,0,91.24,20.53,93.45,21.02,97.69,9.76,72.46,7.24,85.41,10.67,88,11,7.55,9.24,-,-,-,-,-,-,-,-
1,43,Henrico County ,660,Jacob L. Adams Elementary,ES,80.01,Meets Expectations,,50.29,65,20.81,25,8.9,10,-,0,81.46,18.32,79.51,17.89,92.92,9.29,47.82,4.78,81.48,10.18,85.04,10.63,10.98,8.9,-,-,-,-,-,-,-,-
1,43,Henrico County ,600,John Randolph Tucker High,HS,85.78,Meets Expectations,,46.77,50,-,0,27.51,35,11.5,15,104.93,15.73,101.48,15.22,97.48,9.74,60.63,6.06,-,-,-,-,19.52,4.02,-,-,86.11,4.3,76.73,19.18,76.67,11.5
1,43,Henrico County ,130,John Rolfe Middle,MS,73.61,Needs Intensive Support,TSI,43.95,60,14.38,20,15.27,20,-,0,81.5,16.3,74.24,14.84,81.37,8.13,46.66,4.66,77.78,7.77,66.05,6.6,23.34,7.66,76.11,7.61,-,-,-,-,-,-
1,43,Henrico County ,250,L. Douglas Wilder Middle,MS,82.42,Meets Expectations,,49.09,60,15.47,20,17.85,20,-,0,86.98,17.39,86.01,17.2,92.76,9.27,52.17,5.21,75.31,7.53,79.42,7.94,14.34,8.56,92.88,9.28,-,-,-,-,-,-
1,43,Henrico County ,430,Laburnum Elementary,ES,70.11,Approaching Expectations,CSI,45.04,65,17.02,25,8.05,10,-,0,71.42,16.07,66.66,15,82.57,8.25,57.14,5.71,67.22,8.4,68.97,8.62,19.47,8.05,-,-,-,-,-,-,-,-
1,43,Henrico County ,370,Lakeside Elementary,ES,80.52,Approaching Expectations,TSI,53.13,65,18.95,25,8.43,10,-,0,83.83,18.86,83.33,18.75,98.66,9.86,56.52,5.65,74.78,9.34,76.87,9.6,15.62,8.43,-,-,-,-,-,-,-,-
1,43,Henrico County ,50,Longdale Elementary,ES,77.09,Needs Intensive Support,TSI,50.51,65,18.22,25,8.35,10,-,0,78.8,17.73,77.29,17.39,92.14,9.21,61.76,6.17,77.19,9.64,68.58,8.57,16.41,8.35,-,-,-,-,-,-,-,-
1,43,Henrico County ,490,Maude Trevvett Elementary,ES,91.03,Meets Expectations,TSI,59.2,65,22.82,25,9,10,-,0,91.75,20.64,93.2,20.97,100.94,10.09,75,7.5,91.87,11.48,90.68,11.33,9.9,9,-,-,-,-,-,-,-,-
1,43,Henrico County ,540,Maybeury Elementary,ES,90.05,Distinguished,,57.7,65,23.36,25,8.99,10,-,0,93.02,20.93,93.29,20.99,101.71,10.17,56.07,5.6,92.37,11.54,94.51,11.81,10.07,8.99,-,-,-,-,-,-,-,-
1,43,Henrico County ,140,Mills E. Godwin High,HS,93.40,Distinguished,,48.69,50,-,0,30.78,35,13.92,15,110.2,16.53,101.52,15.22,103.52,10.35,65.78,6.57,-,-,-,-,10.74,4.46,-,-,95.52,4.77,86.17,21.54,92.84,13.92
1,43,Henrico County ,210,Montrose Elementary,ES,77.91,Approaching Expectations,,43.15,55,25.49,35,9.26,10,-,0,76.49,17.21,75.99,17.09,88.42,8.84,^,^,73.65,12.88,72.04,12.6,7.3,9.26,-,-,-,-,-,-,-,-
1,43,Henrico County ,270,Nuckols Farm Elementary,ES,97.12,Distinguished,,63.88,65,23.64,25,9.59,10,-,0,103,23.17,106.06,23.86,106.53,10.65,61.9,6.19,91.44,11.43,97.72,12.21,4.05,9.59,-,-,-,-,-,-,-,-
1,43,Henrico County ,440,Pemberton Elementary,ES,96.21,Distinguished,,56.01,55,30.82,35,9.37,10,-,0,100.72,22.66,101.16,22.76,105.85,10.58,^,^,88.18,15.43,87.95,15.39,6.23,9.37,-,-,-,-,-,-,-,-
1,43,Henrico County ,570,Pinchbeck Elementary,ES,92.05,Distinguished,,59.2,65,23.37,25,9.47,10,-,0,92.46,20.8,93.84,21.11,100.32,10.03,72.56,7.25,92.9,11.61,94.08,11.76,5.27,9.47,-,-,-,-,-,-,-,-
1,43,Henrico County ,280,Pocahontas Middle,MS,93.21,Distinguished,,56.05,60,17.88,20,19.27,20,-,0,99.6,19.92,96.18,19.23,99.15,9.91,69.81,6.98,92.88,9.28,85.98,8.59,5.84,9.41,98.61,9.86,-,-,-,-,-,-
1,43,Henrico County ,690,Quioccasin Middle,MS,79.69,Meets Expectations,,46.87,60,14.33,20,18.48,20,-,0,84.51,16.9,78.56,15.71,89.74,8.97,52.8,5.28,78.94,7.89,64.45,6.44,11.98,8.8,96.87,9.68,-,-,-,-,-,-
1,43,Henrico County ,630,R.C. Longan Elementary,ES,87.09,Meets Expectations,,57.03,65,21.21,25,8.84,10,-,0,85.04,19.13,90.21,20.29,95.27,9.52,80.73,8.07,81.15,10.14,88.55,11.06,11.55,8.84,-,-,-,-,-,-,-,-
1,43,Henrico County ,90,Ridge Elementary,ES,75.65,Approaching Expectations,CSI,48.14,65,18.52,25,8.98,10,-,0,72.43,16.29,71.98,16.19,90.83,9.08,65.67,6.56,74.23,9.27,73.94,9.24,10.15,8.98,-,-,-,-,-,-,-,-
1,43,Henrico County ,240,Rivers Edge Elementary,ES,99.82,Distinguished,,66.14,65,24.2,25,9.47,10,-,0,105.4,23.71,108.07,24.31,109.15,10.91,71.92,7.19,94.56,11.82,99.09,12.38,5.27,9.47,-,-,-,-,-,-,-,-
1,43,Henrico County ,650,Ruby F. Carver Elementary,ES,82.98,Meets Expectations,,54.1,65,20.01,25,8.86,10,-,0,84.29,18.96,90.14,20.28,92.85,9.28,55.69,5.56,74.13,9.26,85.97,10.74,11.35,8.86,-,-,-,-,-,-,-,-
1,43,Henrico County ,220,Sandston Elementary,ES,84.84,Meets Expectations,,55.43,65,20.33,25,9.07,10,-,0,81.97,18.44,87.79,19.75,91.12,9.11,81.25,8.12,74.55,9.31,88.15,11.01,9.25,9.07,-,-,-,-,-,-,-,-
1,43,Henrico County ,550,Seven Pines Elementary,ES,89.04,Meets Expectations,,50.44,55,30.33,35,8.26,10,-,0,89.71,20.18,92.67,20.85,94.09,9.4,^,^,82.94,14.51,90.42,15.82,17.37,8.26,-,-,-,-,-,-,-,-
1,43,Henrico County ,710,Shady Grove Elementary,ES,95.04,Distinguished,,62.49,65,23.08,25,9.46,10,-,0,101.8,22.9,102.75,23.11,106.09,10.6,58.62,5.86,91.31,11.41,93.36,11.67,5.37,9.46,-,-,-,-,-,-,-,-
1,43,Henrico County ,60,Short Pump Elementary,ES,96.91,Distinguished,,63.46,65,23.75,25,9.68,10,-,0,97.68,21.97,101.4,22.81,104.39,10.43,82.35,8.23,92.03,11.5,98.02,12.25,3.1,9.68,-,-,-,-,-,-,-,-
1,43,Henrico County ,80,Short Pump Middle,MS,93.93,Distinguished,,56.22,60,18.34,20,19.35,20,-,0,99.34,19.86,98.66,19.73,99.02,9.9,67.24,6.72,91.84,9.18,91.58,9.15,4.07,9.59,97.66,9.76,-,-,-,-,-,-
1,43,Henrico County ,480,Skipwith Elementary,ES,81.42,Approaching Expectations,TSI,52.25,65,20.76,25,8.4,10,-,0,80.66,18.15,83.45,18.77,87.79,8.77,65.46,6.54,82.93,10.36,83.22,10.4,15.97,8.4,-,-,-,-,-,-,-,-
1,43,Henrico County ,230,Springfield Park Elementary,ES,92.18,Distinguished,,60.22,65,22.79,25,9.16,10,-,0,93.39,21.01,96.19,21.64,98.57,9.85,77.1,7.71,85.09,10.63,97.29,12.16,8.34,9.16,-,-,-,-,-,-,-,-
1,43,Henrico County ,10,Three Chopt Elementary,ES,91.48,Distinguished,,61.08,65,21.59,25,8.8,10,-,0,100,22.5,99.07,22.29,106.81,10.68,56.09,5.6,91.23,11.4,81.51,10.18,11.91,8.8,-,-,-,-,-,-,-,-
1,43,Henrico County ,360,Tuckahoe Elementary,ES,99.84,Distinguished,,57.49,55,32.56,35,9.79,10,-,0,104.19,23.44,103.71,23.33,107.1,10.71,^,^,93.62,16.38,92.42,16.17,2.07,9.79,-,-,-,-,-,-,-,-
1,43,Henrico County ,520,Tuckahoe Middle,MS,86.38,Meets Expectations,,51.07,60,16.95,20,18.35,20,-,0,95.11,19.02,88.9,17.78,94.91,9.49,47.74,4.77,88.39,8.83,81.15,8.11,11.46,8.85,95.03,9.5,-,-,-,-,-,-
1,43,Henrico County ,310,Twin Hickory Elementary,ES,98.40,Distinguished,,64.81,65,24.24,25,9.35,10,-,0,101.75,22.89,105.74,23.79,106.81,10.68,74.46,7.44,97.5,12.18,96.42,12.05,6.49,9.35,-,-,-,-,-,-,-,-
1,43,Henrico County ,290,Varina Elementary,ES,78.37,Needs Intensive Support,TSI,45.28,55,23.73,35,9.35,10,-,0,82.47,18.55,80.21,18.04,86.85,8.68,^,^,69.18,12.1,66.45,11.62,6.48,9.35,-,-,-,-,-,-,-,-
1,43,Henrico County ,580,Varina High,HS,90.97,Distinguished,,45.8,50,-,0,32.07,35,13.1,15,100.31,15.04,97.26,14.59,96.85,9.68,64.77,6.47,-,-,-,-,25.16,3.74,-,-,89.09,4.45,95.51,23.87,87.35,13.1
6,44,Henry County ,361,Axton Elementary,ES,88.07,Meets Expectations,,58.05,65,20.43,25,9.57,10,-,0,91.97,20.69,93.47,21.03,92.85,9.28,70.45,7.04,86.23,10.77,77.27,9.65,4.24,9.57,-,-,-,-,-,-,-,-
6,44,Henry County ,10,Bassett High,HS,93.74,Distinguished,,45.25,50,-,0,36.17,35,12.31,15,100.34,15.05,99.88,14.98,92.9,9.29,59.32,5.93,-,-,-,-,17.97,4.1,-,-,86.26,4.31,111.02,27.75,82.12,12.31
6,44,Henry County ,590,Campbell Court Elementary,ES,84.94,Approaching Expectations,TSI,47.93,55,28.3,35,8.71,10,-,0,83.55,18.8,86.83,19.53,95.96,9.59,^,^,80.9,14.15,80.82,14.14,12.87,8.71,-,-,-,-,-,-,-,-
6,44,Henry County ,530,Drewry Mason Elementary,ES,89.06,Approaching Expectations,TSI,58.6,65,21.25,25,9.21,10,-,0,92.23,20.75,95.39,21.46,93.25,9.32,70.58,7.05,81.05,10.13,88.95,11.11,7.82,9.21,-,-,-,-,-,-,-,-
6,44,Henry County ,620,Fieldale-Collinsville Middle ,MS,82.92,Approaching Expectations,TSI,49.05,60,15.58,20,18.28,20,-,0,86.75,17.35,84.98,16.99,90.42,9.04,56.66,5.66,80.38,8.03,75.47,7.54,15.04,8.49,97.89,9.78,-,-,-,-,-,-
6,44,Henry County ,480,G.W. Carver Elementary ,ES,85.01,Meets Expectations,,54.51,65,21.24,25,9.25,10,-,0,86.45,19.45,91.79,20.65,94.04,9.4,50,5,83.72,10.46,86.24,10.78,7.44,9.25,-,-,-,-,-,-,-,-
6,44,Henry County ,670,Laurel Park Middle ,MS,82.44,Approaching Expectations,TSI,48.35,60,15.91,20,18.17,20,-,0,89.1,17.82,86.72,17.34,87.9,8.79,44,4.4,80.63,8.06,78.47,7.84,16.59,8.34,98.33,9.83,-,-,-,-,-,-
6,44,Henry County ,20,Magna Vista High,HS,91.55,Distinguished,,44.11,50,-,0,34.27,35,13.15,15,101,15.15,98.95,14.84,94.44,9.44,46.8,4.68,-,-,-,-,20.33,3.98,-,-,85.66,4.28,104.03,26,87.71,13.15
6,44,Henry County ,661,Meadow View Elementary,ES,85.35,Approaching Expectations,TSI,55.27,65,21.22,25,8.85,10,-,0,86.3,19.41,91.33,20.55,95.18,9.51,57.89,5.78,84.67,10.58,85.1,10.63,11.47,8.85,-,-,-,-,-,-,-,-
6,44,Henry County ,872,Mount Olivet Elementary ,ES,89.14,Meets Expectations,,49.21,55,30.66,35,9.26,10,-,0,87.7,19.73,91.04,20.48,90,9,^,^,83.95,14.69,91.25,15.96,7.34,9.26,-,-,-,-,-,-,-,-
6,44,Henry County ,740,Rich Acres Elementary,ES,93.90,Distinguished,,53.29,55,31.27,35,9.33,10,-,0,94.72,21.31,99.02,22.28,97,9.7,^,^,87.93,15.38,90.8,15.89,6.69,9.33,-,-,-,-,-,-,-,-
6,44,Henry County ,220,Sanville Elementary,ES,91.60,Distinguished,,52.55,55,29.89,35,9.15,10,-,0,91.42,20.57,97.38,21.91,100.69,10.06,^,^,82.29,14.4,88.54,15.49,8.41,9.15,-,-,-,-,-,-,-,-
6,44,Henry County ,760,Stanleytown Elementary,ES,86.91,Meets Expectations,,56.63,65,21.14,25,9.13,10,-,0,87.39,19.66,87.93,19.78,91.87,9.18,80,8,85.89,10.73,83.22,10.4,8.65,9.13,-,-,-,-,-,-,-,-
5,45,Highland County ,110,Highland Elementary,ES,81.67,Meets Expectations,,48.62,55,24.9,35,8.14,10,-,0,91.46,25.15,85.36,23.47,^,^,^,^,74.03,12.95,68.26,11.94,18.55,8.14,-,-,-,-,-,-,-,-
5,45,Highland County ,220,Highland High,MS-HS,92.15,Distinguished,,44.39,45.02,16.84,21.24,21.81,22.5,9.1,11.26,101.17,17.07,97.3,16.42,96.87,10.89,^,^,83.52,8.87,75,7.96,28.03,4.04,^,^,^,^,105.26,17.76,80.95,9.1
1,114,Hopewell City ,110,Carter G. Woodson Middle,MS,78.64,Needs Intensive Support,TSI,45.48,60,14.77,20,18.38,20,-,0,81.67,16.33,81.93,16.38,86.45,8.64,41.17,4.11,69.43,6.94,78.29,7.82,12.51,8.74,96.38,9.63,-,-,-,-,-,-
1,114,Hopewell City ,40,Dupont Elementary,ES,76.64,Needs Intensive Support,TSI,48.42,65,19.63,25,8.58,10,-,0,76.73,17.26,79.22,17.82,94.44,9.44,38.88,3.88,79.23,9.9,77.85,9.73,14.13,8.58,-,-,-,-,-,-,-,-
1,114,Hopewell City ,140,Harry E. James Elementary,ES,81.61,Approaching Expectations,TSI,52.95,65,20.43,25,8.21,10,-,0,85.6,19.26,88.08,19.81,89.47,8.94,49.28,4.92,80.74,10.09,82.75,10.34,17.81,8.21,-,-,-,-,-,-,-,-
1,114,Hopewell City ,120,Hopewell High,HS,76.86,Needs Intensive Support,TSI,41.67,50,-,0,22.98,35,12.21,15,99.21,14.88,91.77,13.76,94.34,9.43,35.89,3.58,-,-,-,-,23.24,3.83,-,-,94.16,4.7,57.76,14.44,81.4,12.21
1,114,Hopewell City ,70,Patrick Copeland Elementary,ES,73.36,Needs Intensive Support,TSI,49.19,65,16.34,25,7.82,10,-,0,78.98,17.77,77.68,17.47,88.06,8.8,51.42,5.14,69.82,8.72,60.91,7.61,21.73,7.82,-,-,-,-,-,-,-,-
2,46,Isle of Wight County ,421,Carrollton Elementary,ES,91.40,Meets Expectations,TSI,51.5,55,30.89,35,9,10,-,0,92.4,20.79,93.79,21.1,96.12,9.61,^,^,89.63,15.68,86.88,15.2,9.96,9,-,-,-,-,-,-,-,-
2,46,Isle of Wight County ,280,Carrsville Elementary,ES,94.45,Distinguished,,54.51,55,30.47,35,9.46,10,-,0,96.48,21.7,101.37,22.81,100,10,^,^,87.64,15.33,86.47,15.13,5.33,9.46,-,-,-,-,-,-,-,-
2,46,Isle of Wight County ,422,Georgie D. Tyler Middle,MS,92.72,Distinguished,,48.11,50,25.98,30,18.62,20,-,0,96.05,19.21,97.42,19.48,94.21,9.42,^,^,86.11,12.91,87.11,13.06,13.76,8.62,100,10,-,-,-,-,-,-
2,46,Isle of Wight County ,320,Hardy Elementary,ES,91.35,Meets Expectations,TSI,51.51,55,31.1,35,8.73,10,-,0,92.33,25.39,94.97,26.11,^,^,^,^,90.35,15.81,87.4,15.29,12.62,8.73,-,-,-,-,-,-,-,-
2,46,Isle of Wight County ,40,Smithfield High,HS,93.76,Meets Expectations,TSI,45,44.45,-,0,33.47,38.9,15.28,16.67,104.1,17.35,100.87,16.81,97.58,10.84,^,^,-,-,-,-,11.23,4.93,-,-,95.19,5.28,83.7,23.25,91.71,15.28
2,46,Isle of Wight County ,50,Smithfield Middle,MS,93.76,Distinguished,,48.58,50,26.51,30,18.66,20,-,0,98.09,19.61,95.47,19.09,98.67,9.86,^,^,88.51,13.27,88.26,13.23,13.33,8.66,100,10,-,-,-,-,-,-
2,46,Isle of Wight County ,424,Westside Elementary,ES,92.19,Distinguished,,52.71,55,30.89,35,8.59,10,-,0,95.91,21.58,95.64,21.52,96.12,9.61,^,^,89.63,15.68,86.88,15.2,14.09,8.59,-,-,-,-,-,-,-,-
2,46,Isle of Wight County ,240,Windsor Elementary,ES,91.59,Meets Expectations,TSI,53.38,55,29.23,35,8.96,10,-,0,93.64,21.06,98.63,22.19,101.25,10.12,^,^,84.21,14.73,82.86,14.5,10.33,8.96,-,-,-,-,-,-,-,-
2,46,Isle of Wight County ,250,Windsor High,HS,99.36,Distinguished,,45.73,44.45,-,0,38.49,38.9,15.13,16.67,106.08,17.68,101.16,16.86,100.7,11.18,^,^,-,-,-,-,10.83,4.95,-,-,94.73,5.26,101.8,28.27,90.83,15.13
3,48,King George County ,100,King George Elementary,ES,85.30,Approaching Expectations,TSI,56.4,65,20.2,25,8.69,10,-,0,89.49,20.13,91.94,20.68,100.79,10.07,55,5.5,78.52,9.81,83.09,10.38,13.03,8.69,-,-,-,-,-,-,-,-
3,48,King George County ,120,King George High,HS,101.25,Meets Expectations,TSI,45.32,44.45,-,0,40.65,38.9,15.28,16.67,106.97,17.82,99.66,16.61,97.92,10.88,^,^,-,-,-,-,23.1,4.27,-,-,91.48,5.08,112.68,31.3,91.68,15.28
3,48,King George County ,10,King George Middle,MS,87.76,Meets Expectations,,52.6,60,16.3,20,18.85,20,-,0,92.28,18.45,90.27,18.05,95.68,9.56,65.21,6.52,82.62,8.26,80.46,8.04,10.43,8.95,99,9.9,-,-,-,-,-,-
3,48,King George County ,50,Potomac Elementary,ES,88.29,Meets Expectations,,50.29,55,29.31,35,8.69,10,-,0,90.88,20.44,93.93,21.13,87.09,8.7,^,^,78.12,13.67,89.37,15.64,13.06,8.69,-,-,-,-,-,-,-,-
3,48,King George County ,221,Sealston Elementary ,ES,82.97,Approaching Expectations,TSI,48.3,55,26.01,35,8.64,10,-,0,86.12,19.37,86.5,19.46,94.67,9.46,^,^,74.45,13.02,74.22,12.99,13.57,8.64,-,-,-,-,-,-,-,-
3,50,King William County ,180,Acquinton Elementary,ES,85.07,Approaching Expectations,TSI,57.29,65,18.21,25,9.55,10,-,0,88.81,19.98,88.55,19.92,90.09,9,83.82,8.38,77.61,9.7,68.12,8.51,4.42,9.55,-,-,-,-,-,-,-,-
3,50,King William County ,190,Cool Spring Primary,ES,84.93,Approaching Expectations,TSI,57.29,65,18.21,25,9.41,10,-,0,88.81,19.98,88.55,19.92,90.09,9,83.82,8.38,77.61,9.7,68.12,8.51,5.85,9.41,-,-,-,-,-,-,-,-
3,50,King William County ,160,Hamilton Holmes Middle,MS,83.99,Approaching Expectations,TSI,43.54,50,21.51,30,18.92,20,-,0,88.82,17.76,82.49,16.49,92.83,9.28,^,^,75.55,11.33,67.9,10.18,5.27,9.47,94.54,9.45,-,-,-,-,-,-
3,50,King William County ,130,King William High,HS,94.53,Meets Expectations,TSI,43.79,44.45,-,0,35.14,38.9,15.59,16.67,102.55,17.09,97.38,16.23,94.26,10.47,^,^,-,-,-,-,14.69,4.73,-,-,95.97,5.33,90.25,25.07,93.58,15.59
3,49,King and Queen County ,280,Central High,MS-HS,80.03,Approaching Expectations,TSI,36.63,42.35,11.24,20.58,22.85,26.46,9.29,10.59,90.43,14.36,77.85,12.36,93.58,9.9,^,^,66.43,6.83,42.8,4.4,13,4.6,^,^,91.17,4.82,84.52,13.42,87.8,9.29
3,49,King and Queen County ,200,King & Queen Elementary,ES,84.94,Meets Expectations,,47.52,55,29.02,35,8.39,10,-,0,85.71,19.28,85.11,19.15,90.9,9.09,^,^,83.75,14.65,82.08,14.36,16.08,8.39,-,-,-,-,-,-,-,-
3,49,King and Queen County ,290,Lawson-Marriott Elementary,ES,77.57,Approaching Expectations,,44.51,55,24.47,35,8.58,10,-,0,85.31,19.19,75.32,16.94,83.69,8.36,^,^,82.14,14.37,57.72,10.1,14.19,8.58,-,-,-,-,-,-,-,-
3,51,Lancaster County ,110,Lancaster Elementary,ES,81.58,Approaching Expectations,TSI,46.34,55,26.74,35,8.48,10,-,0,85.41,19.21,82.35,18.52,86,8.6,^,^,78.26,13.69,74.59,13.05,15.11,8.48,-,-,-,-,-,-,-,-
3,51,Lancaster County ,10,Lancaster High,MS-HS,90.47,Distinguished,,37.41,40,17.81,20,27.67,30,7.56,10,93.21,13.98,93.48,14.02,94.14,9.41,^,^,84.85,8.48,93.3,9.33,23.23,3.83,100,5,92.3,4.61,94.79,14.21,75.64,7.56
7,52,Lee County ,160,Dryden Elementary,ES,88.07,Meets Expectations,,50.83,55,27.48,35,9.75,10,-,0,94.71,21.31,92.07,20.71,88.06,8.8,^,^,80.4,14.07,76.66,13.41,2.48,9.75,-,-,-,-,-,-,-,-
7,52,Lee County ,330,Elk Knob Elementary,ES,86.37,Meets Expectations,,48.92,55,27.74,35,9.7,10,-,0,89.82,20.2,89.74,20.19,85.22,8.52,^,^,75.85,13.27,82.67,14.46,2.9,9.7,-,-,-,-,-,-,-,-
7,52,Lee County ,820,Elydale Middle,ES,90.32,Meets Expectations,TSI,51.03,55,29.45,35,9.83,10,-,0,95.58,21.5,92.08,20.71,88.09,8.8,^,^,85.49,14.96,82.81,14.49,1.61,9.83,-,-,-,-,-,-,-,-
7,52,Lee County ,630,Flatwoods Elementary,ES,87.01,Approaching Expectations,TSI,49.23,55,28.09,35,9.68,10,-,0,89.52,20.14,90.68,20.4,86.86,8.68,^,^,79.42,13.89,81.14,14.19,3.16,9.68,-,-,-,-,-,-,-,-
7,52,Lee County ,470,Jonesville Middle,MS,90.68,Distinguished,,45.5,50,25.35,30,19.81,20,-,0,91.93,18.38,90.71,18.14,89.77,8.97,^,^,83.29,12.49,85.76,12.86,1.83,9.81,100,10,-,-,-,-,-,-
7,52,Lee County ,300,Lee High,HS,95.34,Meets Expectations,TSI,44.29,44.45,-,0,36.81,38.9,14.23,16.67,102.14,17.02,100.77,16.79,94.29,10.47,^,^,-,-,-,-,21.36,4.36,-,-,87.23,4.84,99.34,27.59,85.43,14.23
7,52,Lee County ,290,Pennington Middle,MS,91.93,Distinguished,,46.15,50,26.16,30,19.62,20,-,0,90.7,18.14,93.7,18.74,92.77,9.27,^,^,85.68,12.85,88.72,13.3,3.78,9.62,100,10,-,-,-,-,-,-
7,52,Lee County ,670,Rose Hill Elementary,ES,93.19,Distinguished,,50.07,55,33.38,35,9.72,10,-,0,90,24.75,92.1,25.32,^,^,^,^,92.1,16.11,98.68,17.26,2.71,9.72,-,-,-,-,-,-,-,-
7,52,Lee County ,200,St. Charles Elementary,ES,92.92,Distinguished,,51.59,55,31.59,35,9.73,10,-,0,93.22,20.97,94.27,21.21,94.04,9.4,^,^,89.39,15.64,91.17,15.95,2.67,9.73,-,-,-,-,-,-,-,-
7,52,Lee County ,880,Thomas Walker High,MS-HS,86.84,Meets Expectations,,40.17,42.35,15.57,20.58,22.07,26.46,9.01,10.59,98.11,15.58,95.04,15.09,89.7,9.49,^,^,71.87,7.39,79.46,8.18,2.94,5.13,^,^,88.05,4.66,77.27,12.27,85.18,9.01
5,137,Lexington City ,1390,Harrington Waddell Elementary,ES,100.33,Distinguished,,57.43,55,33.4,35,9.49,10,-,0,103.26,23.23,103.59,23.3,108.96,10.89,^,^,93.5,16.36,97.35,17.03,5.03,9.49,-,-,-,-,-,-,-,-
5,137,Lexington City ,1440,Lylburn Downing Middle,MS,99.99,Distinguished,,51.32,50,29.29,30,19.37,20,-,0,104.76,20.95,107.57,21.51,88.52,8.85,^,^,93.75,14.06,101.52,15.22,6.21,9.37,100,10,-,-,-,-,-,-
4,53,Loudoun County ,510,Aldie Elementary,ES,97.69,Distinguished,,54.26,55,33.54,35,9.88,10,-,0,99.46,27.35,97.87,26.91,^,^,^,^,98.33,17.2,93.33,16.33,1.14,9.88,-,-,-,-,-,-,-,-
4,53,Loudoun County ,150,Algonkian Elementary,ES,94.19,Distinguished,,62.23,65,22.54,25,9.41,10,-,0,98.41,22.14,100.39,22.58,104.78,10.47,70.23,7.02,91.04,11.38,89.3,11.16,5.83,9.41,-,-,-,-,-,-,-,-
4,53,Loudoun County ,610,Arcola Elementary,ES,91.94,Meets Expectations,TSI,60.52,65,22.6,25,8.81,10,-,0,95.12,21.4,97.87,22.02,97.53,9.75,73.45,7.34,89.85,11.23,90.95,11.36,11.81,8.81,-,-,-,-,-,-,-,-
4,53,Loudoun County ,170,Ashburn Elementary,ES,92.86,Distinguished,,61.37,65,22.65,25,8.83,10,-,0,97.76,21.99,98.32,22.12,103.45,10.34,69.04,6.9,89.71,11.21,91.56,11.44,11.62,8.83,-,-,-,-,-,-,-,-
4,53,Loudoun County ,220,Ball's Bluff Elementary,ES,89.23,Meets Expectations,,58.56,65,21.56,25,9.1,10,-,0,93.36,21,95.12,21.4,97.64,9.76,63.88,6.38,86.4,10.8,86.09,10.76,8.93,9.1,-,-,-,-,-,-,-,-
4,53,Loudoun County ,650,Banneker Elementary,ES,85.44,Approaching Expectations,TSI,50.06,55,26.57,35,8.8,10,-,0,88.88,20,89.58,20.15,99.1,9.91,^,^,77.77,13.61,74.07,12.96,11.97,8.8,-,-,-,-,-,-,-,-
4,53,Loudoun County ,940,Belmont Ridge Middle,MS,93.81,Distinguished,,56.84,60,18.16,20,18.8,20,-,0,98.95,19.79,100.72,20.14,98.08,9.8,71,7.1,90.24,9.02,91.39,9.13,10.6,8.93,98.66,9.86,-,-,-,-,-,-
4,53,Loudoun County ,300,Belmont Station Elementary ,ES,94.24,Distinguished,,62.19,65,23.18,25,8.87,10,-,0,97.3,21.89,99.51,22.39,99.22,9.92,79.83,7.98,92.73,11.59,92.73,11.59,11.25,8.87,-,-,-,-,-,-,-,-
4,53,Loudoun County ,790,Blue Ridge Middle,MS,91.48,Distinguished,,54.82,60,17.61,20,19.05,20,-,0,98.83,19.76,97.83,19.56,97.47,9.74,57.43,5.74,88.56,8.85,87.55,8.75,7.66,9.23,98.16,9.81,-,-,-,-,-,-
4,53,Loudoun County ,1120,Brambleton Middle,MS,100.00,Distinguished,,61.12,60,20.02,20,18.85,20,-,0,105.21,21.04,107.82,21.56,103.46,10.34,81.66,8.16,96.07,9.6,104.22,10.42,8.75,9.12,97.3,9.73,-,-,-,-,-,-
4,53,Loudoun County ,420,Briar Woods High ,HS,102.24,Distinguished,,48.03,50,-,0,39.43,35,14.77,15,112.85,16.92,100.7,15.1,98.71,9.87,61.25,6.12,-,-,-,-,16.56,4.17,-,-,99.06,4.95,121.25,30.31,98.52,14.77
4,53,Loudoun County ,740,Broad Run High,HS,94.47,Meets Expectations,TSI,45.89,50,-,0,34.34,35,14.23,15,106.34,15.95,100.69,15.1,95.96,9.59,52.45,5.24,-,-,-,-,16.55,4.17,-,-,98.73,4.93,100.94,25.23,94.87,14.23
4,53,Loudoun County ,450,Buffalo Trail Elementary,ES,92.74,Distinguished,,61.96,65,21.59,25,9.18,10,-,0,99.11,22.3,101.45,22.82,97.07,9.7,71.25,7.12,86.49,10.81,86.23,10.77,8.12,9.18,-,-,-,-,-,-,-,-
4,53,Loudoun County ,460,Cardinal Ridge Elementary ,ES,95.10,Distinguished,,62.43,65,23.86,25,8.81,10,-,0,100.33,22.57,102.24,23,102.11,10.21,66.41,6.64,94.89,11.86,96.02,12,11.89,8.81,-,-,-,-,-,-,-,-
4,53,Loudoun County ,710,Catoctin Elementary,ES,92.53,Distinguished,,59.63,65,23.67,25,9.22,10,-,0,96.06,21.61,100.09,22.52,101.37,10.13,53.62,5.36,94.06,11.75,95.35,11.91,7.79,9.22,-,-,-,-,-,-,-,-
4,53,Loudoun County ,840,Cedar Lane Elementary,ES,91.20,Distinguished,,59.53,65,22.83,25,8.83,10,-,0,97.4,21.91,98.49,22.16,103.5,10.35,51.07,5.1,91.14,11.39,91.54,11.44,11.62,8.83,-,-,-,-,-,-,-,-
4,53,Loudoun County ,160,Cool Spring Elementary,ES,89.77,Meets Expectations,TSI,57.57,65,23.01,25,9.18,10,-,0,90.53,20.37,94.21,21.19,98.88,9.88,61.18,6.11,90.58,11.32,93.54,11.69,8.15,9.18,-,-,-,-,-,-,-,-
4,53,Loudoun County ,890,Countryside Elementary,ES,86.84,Meets Expectations,,56.87,65,21.34,25,8.63,10,-,0,88.66,19.94,93.28,20.98,94.75,9.47,64.58,6.45,82.5,10.31,88.22,11.02,13.63,8.63,-,-,-,-,-,-,-,-
4,53,Loudoun County ,540,Creighton's Corner Elementary,ES,93.54,Distinguished,,61.63,65,23.2,25,8.69,10,-,0,97.55,21.94,100.98,22.72,102.79,10.27,66.83,6.68,91.75,11.46,93.91,11.73,13.02,8.69,-,-,-,-,-,-,-,-
4,53,Loudoun County ,1000,Discovery Elementary,ES,90.40,Distinguished,,58.7,65,22.84,25,8.85,10,-,0,94.1,21.17,94.13,21.18,98.12,9.81,65.36,6.53,92.4,11.55,90.36,11.29,11.46,8.85,-,-,-,-,-,-,-,-
4,53,Loudoun County ,31,Dominion High,HS,82.73,Approaching Expectations,TSI,38.99,50,-,0,30.13,35,13.6,15,100.7,15.1,77.5,11.62,94.9,9.49,27.75,2.77,-,-,-,-,16.5,4.17,-,-,92.77,4.63,85.28,21.32,90.67,13.6
4,53,Loudoun County ,470,Dominion Trail Elementary,ES,87.32,Meets Expectations,,56.55,65,21.85,25,8.92,10,-,0,89.72,20.18,91.69,20.63,92.61,9.26,64.73,6.47,88.35,11.04,86.45,10.8,10.77,8.92,-,-,-,-,-,-,-,-
4,53,Loudoun County ,880,Eagle Ridge Middle,MS,97.67,Distinguished,,59.62,60,19.13,20,18.91,20,-,0,104.27,20.85,105.37,21.07,101.94,10.19,75,7.5,94.86,9.48,96.43,9.64,7.88,9.21,97.08,9.7,-,-,-,-,-,-
4,53,Loudoun County ,1151,Elaine E. Thompson Elementary,ES,93.31,Distinguished,,61.46,65,22.71,25,9.13,10,-,0,97.97,22.04,101.37,22.8,98.8,9.88,67.26,6.72,90.56,11.32,91.14,11.39,8.61,9.13,-,-,-,-,-,-,-,-
4,53,Loudoun County ,730,Emerick Elementary,ES,97.53,Distinguished,,63.34,65,24.55,25,9.64,10,-,0,104,23.4,103.77,23.34,108.09,10.8,57.81,5.78,96.96,12.12,99.46,12.43,3.59,9.64,-,-,-,-,-,-,-,-
4,53,Loudoun County ,190,Evergreen Mill Elementary,ES,92.50,Distinguished,,59.67,65,23.52,25,9.3,10,-,0,94.79,21.32,97.14,21.85,102.64,10.26,62.24,6.22,91.56,11.44,96.66,12.08,6.97,9.3,-,-,-,-,-,-,-,-
4,53,Loudoun County ,210,Farmwell Station Middle,MS,92.36,Distinguished,,55.09,60,18.43,20,18.83,20,-,0,99.19,19.83,98.12,19.62,99.76,9.97,56.52,5.65,92.64,9.26,91.71,9.17,9.76,9.02,98.08,9.8,-,-,-,-,-,-
4,53,Loudoun County ,970,Forest Grove Elementary,ES,80.50,Meets Expectations,,52.3,65,20.04,25,8.15,10,-,0,82.24,18.5,86.01,19.35,89.65,8.96,54.83,5.48,73.53,9.19,86.78,10.84,18.45,8.15,-,-,-,-,-,-,-,-
4,53,Loudoun County ,530,Frederick Douglass Elementary,ES,81.33,Approaching Expectations,TSI,54.04,65,18.58,25,8.71,10,-,0,86.78,19.52,87.8,19.75,92.94,9.29,54.66,5.46,79.03,9.87,69.62,8.7,12.85,8.71,-,-,-,-,-,-,-,-
4,53,Loudoun County ,120,Freedom High ,HS,99.69,Distinguished,,47.6,50,-,0,37.54,35,14.54,15,110.64,16.59,100.79,15.11,99.83,9.98,59.05,5.9,-,-,-,-,11.89,4.4,-,-,98.83,4.94,112.78,28.19,96.96,14.54
4,53,Loudoun County ,371,Goshen Post Elementary,ES,96.49,Distinguished,,63.61,65,23.46,25,9.41,10,-,0,100.22,22.54,103.46,23.28,102.54,10.25,75.33,7.53,92.75,11.59,94.95,11.86,5.87,9.41,-,-,-,-,-,-,-,-
4,53,Loudoun County ,720,Guilford Elementary,ES,79.84,Meets Expectations,,49.7,65,21.47,25,8.66,10,-,0,71.3,16.04,81.15,18.25,87.34,8.73,66.66,6.66,81.12,10.14,90.66,11.33,13.31,8.66,-,-,-,-,-,-,-,-
4,53,Loudoun County ,320,Gum Spring Middle,MS,92.89,Distinguished,,55.89,60,18.22,20,18.78,20,-,0,100.06,20.01,99.08,19.81,100.82,10.08,59.77,5.97,91.87,9.18,90.4,9.04,9.19,9.08,97.01,9.7,-,-,-,-,-,-
4,53,Loudoun County ,230,Hamilton Elementary,ES,94.04,Distinguished,,53.57,55,30.79,35,9.67,10,-,0,93.88,21.12,98.05,22.06,103.84,10.38,^,^,87.89,15.38,88.07,15.41,3.2,9.67,-,-,-,-,-,-,-,-
4,53,Loudoun County ,921,Harmony Middle,MS,91.52,Distinguished,,55.37,60,17.5,20,18.64,20,-,0,99.1,19.82,96.96,19.39,98.42,9.84,63.15,6.31,88.22,8.82,86.83,8.68,10.85,8.91,97.32,9.73,-,-,-,-,-,-
4,53,Loudoun County ,520,Harper Park Middle,MS,87.84,Meets Expectations,,52.24,60,17.18,20,18.41,20,-,0,94.84,18.96,93.19,18.63,94.56,9.45,51.8,5.18,85.96,8.59,85.91,8.59,11.99,8.8,96.15,9.61,-,-,-,-,-,-
4,53,Loudoun County ,116,Henrietta Lacks Elementary ,ES,97.10,Distinguished,,63.99,65,23.92,25,9.18,10,-,0,102.67,23.1,104.58,23.53,102.92,10.29,70.72,7.07,95.4,11.92,95.98,11.99,8.16,9.18,-,-,-,-,-,-,-,-
4,53,Loudoun County ,900,Heritage High,HS,94.70,Distinguished,,46.26,50,-,0,34.42,35,14.01,15,107.06,16.05,98.02,14.7,94.42,9.44,60.56,6.05,-,-,-,-,22.19,3.89,-,-,95.53,4.77,103.04,25.76,93.45,14.01
4,53,Loudoun County ,111,Hillsboro Charter Academy,ES,96.13,Distinguished,,56.05,55,30.91,35,9.16,10,-,0,100,22.5,103.26,23.23,103.26,10.32,^,^,87.5,15.31,89.13,15.59,8.39,9.16,-,-,-,-,-,-,-,-
4,53,Loudoun County ,400,Hillside Elementary,ES,95.30,Distinguished,,62.99,65,23.2,25,9.1,10,-,0,100.22,22.55,101.74,22.89,100.47,10.04,75,7.5,91.34,11.41,94.31,11.78,8.95,9.1,-,-,-,-,-,-,-,-
4,53,Loudoun County ,820,Horizon Elementary,ES,93.69,Distinguished,,60.32,65,24.15,25,9.2,10,-,0,95.54,21.49,97.72,21.98,103.42,10.34,65,6.5,95.48,11.93,97.75,12.21,7.91,9.2,-,-,-,-,-,-,-,-
4,53,Loudoun County ,1131,Hovatter Elementary,ES,97.41,Distinguished,,63.99,65,23.92,25,9.49,10,-,0,102.67,23.1,104.58,23.53,102.92,10.29,70.72,7.07,95.4,11.92,95.98,11.99,5.06,9.49,-,-,-,-,-,-,-,-
4,53,Loudoun County ,960,Hutchison Farm Elementary,ES,92.85,Distinguished,,61.02,65,23.12,25,8.7,10,-,0,96.87,21.79,97.19,21.86,102.31,10.23,71.25,7.12,91.86,11.48,93.09,11.63,12.9,8.7,-,-,-,-,-,-,-,-
4,53,Loudoun County ,1110,Independence High,HS,100.76,Distinguished,,47.47,50,-,0,38.64,35,14.64,15,110.64,16.59,98.08,14.71,101.19,10.11,60.45,6.04,-,-,-,-,17.29,4.13,-,-,99.79,4.98,118.08,29.52,97.63,14.64
4,53,Loudoun County ,20,J. Lupton Simpson Middle,MS,88.90,Meets Expectations,,52.53,60,17.57,20,18.78,20,-,0,95.29,19.05,93.41,18.68,95.35,9.53,52.56,5.25,88.5,8.85,87.28,8.72,11.74,8.82,99.62,9.96,-,-,-,-,-,-
4,53,Loudoun County ,580,J. Michael Lunsford Middle,MS,94.98,Distinguished,,57.82,60,18.4,20,18.75,20,-,0,101.01,20.2,100.65,20.13,101.62,10.16,73.23,7.32,92.88,9.28,91.19,9.11,9.92,9,97.47,9.74,-,-,-,-,-,-
4,53,Loudoun County ,370,John Champe High,HS,93.96,Distinguished,,46.8,50,-,0,32.53,35,14.62,15,108.78,16.31,101.41,15.21,100.67,10.06,52.1,5.21,-,-,-,-,16.56,4.17,-,-,97.69,4.88,93.89,23.47,97.47,14.62
4,53,Loudoun County ,950,John W. Tolbert Jr. Elementary ,ES,94.60,Distinguished,,61.86,65,23.7,25,9.03,10,-,0,97.79,22,101.63,22.86,100.23,10.02,69.71,6.97,92.65,11.58,97,12.12,9.67,9.03,-,-,-,-,-,-,-,-
4,53,Loudoun County ,600,Kenneth W.Culbert Elementary,ES,96.61,Distinguished,,63.32,65,24.14,25,9.14,10,-,0,100,22.5,100.56,22.62,102.61,10.26,79.41,7.94,95.77,11.97,97.35,12.16,8.59,9.14,-,-,-,-,-,-,-,-
4,53,Loudoun County ,80,Leesburg Elementary,ES,88.02,Meets Expectations,,56.81,65,22.6,25,8.6,10,-,0,89.15,20.05,91.09,20.49,94.61,9.46,68.01,6.8,91.97,11.49,88.84,11.1,13.98,8.6,-,-,-,-,-,-,-,-
4,53,Loudoun County ,430,Legacy Elementary ,ES,97.28,Distinguished,,63.32,65,24.77,25,9.19,10,-,0,101.23,22.77,106.82,24.03,102.63,10.26,62.5,6.25,97.8,12.22,100.36,12.54,8.09,9.19,-,-,-,-,-,-,-,-
4,53,Loudoun County ,560,Liberty Elementary,ES,94.05,Distinguished,,61.62,65,23.72,25,8.69,10,-,0,99.93,22.48,102.33,23.02,102.59,10.25,58.59,5.85,93.02,11.62,96.81,12.1,13.04,8.69,-,-,-,-,-,-,-,-
4,53,Loudoun County ,1130,Lightridge High,HS,97.50,Meets Expectations,TSI,46.96,50,-,0,35.86,35,14.68,15,109.02,16.35,98.89,14.83,99.4,9.94,58.33,5.83,-,-,-,-,13.45,4.32,-,-,99.31,4.96,106.27,26.56,97.89,14.68
4,53,Loudoun County ,290,Lincoln Elementary,ES,104.30,Distinguished,,58.92,55,35.76,35,9.62,10,-,0,105.26,23.68,107.23,24.12,111.11,11.11,^,^,98.91,17.3,105.43,18.45,3.79,9.62,-,-,-,-,-,-,-,-
4,53,Loudoun County ,860,Little River Elementary,ES,93.76,Distinguished,,62.16,65,22.08,25,9.51,10,-,0,97.67,21.97,101.33,22.8,101.69,10.16,72.17,7.21,86.12,10.76,90.54,11.31,4.84,9.51,-,-,-,-,-,-,-,-
4,53,Loudoun County ,660,Loudoun County High,HS,90.10,Distinguished,,44.2,50,-,0,32.05,35,13.84,15,106.32,15.94,95.4,14.31,94.94,9.49,44.55,4.45,-,-,-,-,17.99,4.1,-,-,97.86,4.89,92.23,23.05,92.26,13.84
4,53,Loudoun County ,680,Loudoun Valley High,HS,97.19,Distinguished,,47.65,50,-,0,34.7,35,14.83,15,109.89,16.48,99.44,14.91,100.38,10.03,62.16,6.21,-,-,-,-,14.23,4.28,-,-,98.63,4.93,101.92,25.48,98.92,14.83
4,53,Loudoun County ,780,Lovettsville Elementary,ES,94.23,Distinguished,,54.27,55,30.85,35,9.11,10,-,0,98.91,22.25,98.54,22.17,98.45,9.84,^,^,91.75,16.05,84.53,14.79,8.89,9.11,-,-,-,-,-,-,-,-
4,53,Loudoun County ,500,Lowes Island Elementary,ES,94.40,Distinguished,,62.5,65,22.49,25,9.4,10,-,0,99.22,22.32,101.07,22.74,99.35,9.93,75,7.5,89.84,11.23,90.15,11.26,5.95,9.4,-,-,-,-,-,-,-,-
4,53,Loudoun County ,130,Lucketts Elementary,ES,88.55,Meets Expectations,,60.8,65,18.6,25,9.14,10,-,0,96.73,21.76,99.13,22.3,98.93,9.89,68.42,6.84,80.46,10.05,68.35,8.54,8.59,9.14,-,-,-,-,-,-,-,-
4,53,Loudoun County ,1030,Madison's Trust Elementary,ES,100.03,Distinguished,,66.24,65,24.54,25,9.25,10,-,0,102.3,23.01,108.17,24.34,106.85,10.68,82,8.2,95.47,11.93,100.86,12.6,7.49,9.25,-,-,-,-,-,-,-,-
4,53,Loudoun County ,70,Meadowland Elementary,ES,84.56,Approaching Expectations,TSI,56.75,65,18.58,25,9.22,10,-,0,88.59,19.93,88.59,19.93,96.66,9.66,72.16,7.21,77.8,9.72,70.9,8.86,7.76,9.22,-,-,-,-,-,-,-,-
4,53,Loudoun County ,1200,Middleburg Community Charter,ES,97.89,Distinguished,,54.66,55,33.76,35,9.46,10,-,0,100,22.5,100.35,22.58,95.83,9.58,^,^,100,17.5,92.93,16.26,5.36,9.46,-,-,-,-,-,-,-,-
4,53,Loudoun County ,910,Mill Run Elementary,ES,100.18,Distinguished,,65.49,65,25.34,25,9.34,10,-,0,103.11,23.2,107.47,24.18,110.33,11.03,70.83,7.08,97.41,12.17,105.31,13.16,6.56,9.34,-,-,-,-,-,-,-,-
4,53,Loudoun County ,380,Moorefield Station Elementary,ES,91.65,Meets Expectations,TSI,59.92,65,22.65,25,9.07,10,-,0,95.59,21.5,99.09,22.29,98.41,9.84,62.78,6.27,90.39,11.29,90.82,11.35,9.24,9.07,-,-,-,-,-,-,-,-
4,53,Loudoun County ,980,Mountain View Elementary,ES,91.07,Distinguished,,59.79,65,22.19,25,9.08,10,-,0,95.52,21.49,95.02,21.38,99.53,9.95,69.69,6.96,90.09,11.26,87.44,10.93,9.16,9.08,-,-,-,-,-,-,-,-
4,53,Loudoun County ,270,Newton-Lee Elementary ,ES,94.88,Meets Expectations,TSI,61.74,65,23.59,25,9.54,10,-,0,97.67,21.97,101.76,22.89,97.97,9.79,70.74,7.07,92.04,11.5,96.73,12.09,4.57,9.54,-,-,-,-,-,-,-,-
4,53,Loudoun County ,60,Park View High,HS,77.52,Needs Intensive Support,TSI,43.38,50,-,0,22.25,35,11.88,15,98.72,14.8,96.02,14.4,92.42,9.24,49.35,4.93,-,-,-,-,32.48,3.37,-,-,87.25,4.36,58.06,14.51,79.22,11.88
4,53,Loudoun County ,340,Pinebrook Elementary,ES,96.02,Distinguished,,63.25,65,23.39,25,9.37,10,-,0,98.93,22.26,100.12,22.52,100.83,10.08,83.8,8.38,93.24,11.65,93.9,11.73,6.21,9.37,-,-,-,-,-,-,-,-
4,53,Loudoun County ,140,Potomac Falls High,HS,90.01,Distinguished,,45.67,50,-,0,30.64,35,13.69,15,106.01,15.9,99.36,14.9,98.4,9.84,50.25,5.02,-,-,-,-,17.46,4.12,-,-,96.08,4.8,86.86,21.71,91.3,13.69
4,53,Loudoun County ,250,Potowmack Elementary,ES,85.98,Meets Expectations,,55.52,65,21.23,25,9.21,10,-,0,88.71,19.96,90.82,20.43,91.86,9.18,59.47,5.94,88.51,11.06,81.37,10.17,7.84,9.21,-,-,-,-,-,-,-,-
4,53,Loudoun County ,91,Richard and Mildred Loving Elementary,ES,87.54,Meets Expectations,,55.99,65,22.37,25,9.18,10,-,0,88,19.8,92.47,20.8,92.81,9.28,61.04,6.1,86.55,10.81,92.42,11.55,8.16,9.18,-,-,-,-,-,-,-,-
4,53,Loudoun County ,930,River Bend Middle,MS,87.42,Meets Expectations,,51.91,60,16.92,20,18.57,20,-,0,93.23,18.64,92.27,18.45,94.22,9.42,53.93,5.39,83.76,8.37,85.53,8.55,10.61,8.93,96.35,9.63,-,-,-,-,-,-
4,53,Loudoun County ,1050,Riverside High,HS,101.00,Distinguished,,46.82,50,-,0,39.52,35,14.65,15,107.34,16.1,98.29,14.74,96.59,9.65,63.14,6.31,-,-,-,-,10.67,4.46,-,-,98.11,4.9,120.61,30.15,97.73,14.65
4,53,Loudoun County ,1060,Rock Ridge High,HS,96.52,Distinguished,,48.34,50,-,0,33.69,35,14.48,15,109.83,16.47,102.99,15.44,101.72,10.17,62.5,6.25,-,-,-,-,17.72,4.11,-,-,99.44,4.97,98.42,24.6,96.58,14.48
4,53,Loudoun County ,40,Rolling Ridge Elementary,ES,75.77,Approaching Expectations,CSI,49.23,65,18.1,25,8.42,10,-,0,77.85,17.51,78.64,17.69,86.51,8.65,53.76,5.37,76.55,9.56,68.29,8.53,15.73,8.42,-,-,-,-,-,-,-,-
4,53,Loudoun County ,550,Rosa Lee Carter Elementary,ES,97.34,Distinguished,,64.17,65,23.85,25,9.31,10,-,0,100.39,22.58,104.12,23.42,103.97,10.39,77.58,7.75,94.62,11.82,96.21,12.02,6.8,9.31,-,-,-,-,-,-,-,-
4,53,Loudoun County ,180,Round Hill Elementary,ES,97.67,Distinguished,,55.17,55,33.02,35,9.47,10,-,0,98.02,22.05,101.36,22.8,103.15,10.31,^,^,93.97,16.44,94.72,16.57,5.27,9.47,-,-,-,-,-,-,-,-
4,53,Loudoun County ,240,Sanders Corner Elementary,ES,95.18,Distinguished,,63.37,65,22.58,25,9.22,10,-,0,100.31,22.57,99.17,22.31,103.05,10.3,81.81,8.18,93.39,11.67,87.28,10.91,7.75,9.22,-,-,-,-,-,-,-,-
4,53,Loudoun County ,870,Seldens Landing Elementary,ES,94.92,Distinguished,,62.31,65,23.02,25,9.57,10,-,0,99.63,22.41,100.72,22.66,102.65,10.26,69.69,6.96,89.67,11.2,94.55,11.81,4.23,9.57,-,-,-,-,-,-,-,-
4,53,Loudoun County ,30,Seneca Ridge Middle,MS,85.79,Meets Expectations,,50.85,60,16.77,20,18.17,20,-,0,91.67,18.33,89.94,17.98,94.03,9.4,51.25,5.12,85.44,8.54,82.3,8.23,13.69,8.63,95.39,9.53,-,-,-,-,-,-
4,53,Loudoun County ,90,Smart's Mill Middle ,MS,86.58,Meets Expectations,,50.85,60,16.84,20,18.88,20,-,0,91.9,18.38,89.55,17.91,95.96,9.59,49.65,4.96,86.7,8.67,81.74,8.17,11.11,8.88,100,10,-,-,-,-,-,-
4,53,Loudoun County ,690,Sterling Elementary,ES,83.38,Approaching Expectations,TSI,51.84,65,22.01,25,9.51,10,-,0,79.08,17.79,85.57,19.25,88.97,8.89,58.94,5.89,89.63,11.2,86.52,10.81,4.8,9.51,-,-,-,-,-,-,-,-
4,53,Loudoun County ,760,Sterling Middle,MS,77.56,Approaching Expectations,,45.32,60,15.45,20,16.77,20,-,0,79.65,15.93,74.91,14.98,88.04,8.8,56.1,5.61,81.31,8.13,73.27,7.32,15.18,8.48,82.95,8.29,-,-,-,-,-,-
4,53,Loudoun County ,350,Steuart W. Weller Elementary,ES,89.52,Meets Expectations,TSI,58.1,65,22.35,25,9.05,10,-,0,91.37,20.56,94.23,21.2,101.53,10.15,61.85,6.18,91.63,11.45,87.24,10.9,9.4,9.05,-,-,-,-,-,-,-,-
4,53,Loudoun County ,850,Stone Bridge High,HS,97.56,Distinguished,,47.24,50,-,0,36.08,35,14.24,15,107.55,16.13,100.51,15.07,99.47,9.94,60.81,6.08,-,-,-,-,14.48,4.27,-,-,98.63,4.93,107.49,26.87,94.98,14.24
4,53,Loudoun County ,570,Stone Hill Middle,MS,90.97,Distinguished,,53.9,60,18.18,20,18.88,20,-,0,100.76,20.15,100.39,20.07,99.23,9.92,37.5,3.75,91.71,9.17,90.11,9.01,8.11,9.18,96.99,9.69,-,-,-,-,-,-
4,53,Loudoun County ,10,Sugarland Elementary,ES,84.15,Approaching Expectations,TSI,54.07,65,20.74,25,9.33,10,-,0,80.28,18.06,87.92,19.78,94.55,9.45,67.76,6.77,80.32,10.04,85.62,10.7,6.69,9.33,-,-,-,-,-,-,-,-
4,53,Loudoun County ,750,Sully Elementary,ES,79.77,Meets Expectations,CSI,50.86,65,20.26,25,8.64,10,-,0,77.97,17.54,79.08,17.79,87.1,8.71,68.12,6.81,82.67,10.33,79.45,9.93,13.54,8.64,-,-,-,-,-,-,-,-
4,53,Loudoun County ,280,Sycolin Creek Elementary,ES,95.97,Distinguished,,62.43,65,24.42,25,9.1,10,-,0,99.71,22.43,103.1,23.19,103.29,10.32,64.74,6.47,93.53,11.69,101.86,12.73,8.9,9.1,-,-,-,-,-,-,-,-
4,53,Loudoun County ,1040,Trailside Middle,MS,95.12,Distinguished,,57.81,60,18.43,20,18.87,20,-,0,102.01,20.4,100.39,20.07,102.29,10.22,71.05,7.1,93.65,9.36,90.67,9.06,9.86,9.01,98.59,9.85,-,-,-,-,-,-
4,53,Loudoun County ,200,Tuscarora High,HS,90.21,Distinguished,,44.59,50,-,0,32.06,35,13.55,15,104.54,15.68,97.66,14.65,97.41,9.74,45.18,4.51,-,-,-,-,23.71,3.81,-,-,94.65,4.73,94.08,23.52,90.37,13.55
4,53,Loudoun County ,532,W.O. Robey High,HS,75.58,Approaching Expectations,,39.4,50,-,0,23.37,35,12.8,15,61.84,9.27,98.75,14.81,95.31,9.53,57.89,5.78,-,-,-,-,68.96,1.55,-,-,96.66,4.83,67.94,16.98,85.36,12.8
4,53,Loudoun County ,700,Waterford Elementary,ES,95.54,Distinguished,,55.09,55,30.91,35,9.54,10,-,0,100.6,22.63,98.37,22.13,103.19,10.31,^,^,89.01,15.57,87.63,15.33,4.58,9.54,-,-,-,-,-,-,-,-
4,53,Loudoun County ,117,Watson Mountain Middle,MS,93.86,Distinguished,,56.85,60,17.97,20,19.02,20,-,0,102.32,25.58,101.05,25.26,^,^,60.13,6.01,93.5,9.35,86.29,8.62,9.78,9.02,100,10,-,-,-,-,-,-
4,53,Loudoun County ,1140,Waxpool Elementary,ES,98.49,Distinguished,,65.11,65,24.21,25,9.16,10,-,0,103.47,23.28,107.44,24.17,105.3,10.53,71.29,7.12,95.42,11.92,98.29,12.28,8.33,9.16,-,-,-,-,-,-,-,-
4,53,Loudoun County ,360,Willard Middle,MS,96.53,Distinguished,,58.3,60,19.11,20,19.11,20,-,0,103.44,20.68,103.6,20.72,102.11,10.21,66.81,6.68,95.63,9.56,95.53,9.55,6.68,9.33,97.78,9.77,-,-,-,-,-,-
4,53,Loudoun County ,590,Woodgrove High,HS,103.07,Distinguished,,45.93,44.45,-,0,40.9,38.9,16.23,16.67,109.92,18.32,101.27,16.87,96.6,10.73,^,^,-,-,-,-,10.92,4.94,-,-,99.16,5.5,109.62,30.45,97.42,16.23
5,54,Louisa County ,660,Jouett Elementary,ES,95.22,Distinguished,,53.62,55,32.16,35,9.43,10,-,0,93.05,20.93,100.39,22.58,101.01,10.1,^,^,89.26,15.62,94.55,16.54,5.66,9.43,-,-,-,-,-,-,-,-
5,54,Louisa County ,602,Louisa County High,HS,106.92,Distinguished,,48.23,50,-,0,44.51,35,14.17,15,103.95,15.59,101.39,15.2,100.27,10.02,74.07,7.4,-,-,-,-,3.58,4.82,-,-,94.3,4.71,139.9,34.97,94.5,14.17
5,54,Louisa County ,601,Louisa County Middle,MS,91.12,Distinguished,,54.06,60,17.64,20,19.4,20,-,0,96.45,19.29,96.51,19.3,97.56,9.75,57.14,5.71,87.11,8.71,89.37,8.93,4.64,9.53,98.74,9.87,-,-,-,-,-,-
5,54,Louisa County ,80,Moss-Nuckols Elementary,ES,93.23,Distinguished,,53.14,55,30.51,35,9.57,10,-,0,95.07,21.39,96.97,21.82,99.35,9.93,^,^,90.31,15.8,84.04,14.7,4.27,9.57,-,-,-,-,-,-,-,-
5,54,Louisa County ,610,Thomas Jefferson Elementary,ES,96.89,Distinguished,,63.74,65,23.38,25,9.77,10,-,0,96.9,21.8,101.16,22.76,100.87,10.08,90.9,9.09,90.64,11.33,96.42,12.05,2.28,9.77,-,-,-,-,-,-,-,-
5,54,Louisa County ,641,Trevilians Elementary,ES,96.88,Distinguished,,54.33,55,32.78,35,9.77,10,-,0,98.55,22.17,99.61,22.41,97.44,9.74,^,^,88.41,15.47,98.92,17.31,2.29,9.77,-,-,-,-,-,-,-,-
8,55,Lunenburg County ,560,Central High,HS,99.47,Distinguished,,44.55,50,-,0,40.76,35,14.15,15,104.16,15.62,99.78,14.96,98.67,9.86,40.9,4.09,-,-,-,-,17.32,4.13,-,-,96.94,4.84,127.15,31.78,94.35,14.15
8,55,Lunenburg County ,240,Kenbridge Elementary,ES,82.86,Meets Expectations,,53.59,65,19.95,25,9.3,10,-,0,86.48,19.45,91.71,20.63,90.3,9.03,44.73,4.47,80.28,10.03,79.32,9.91,6.9,9.3,-,-,-,-,-,-,-,-
8,55,Lunenburg County ,171,Lunenburg Middle,MS,85.07,Meets Expectations,,50.14,60,16.27,20,18.65,20,-,0,89.05,17.81,87.74,17.54,91.34,9.13,56.52,5.65,83.19,8.31,79.5,7.95,13.41,8.65,100,10,-,-,-,-,-,-
8,55,Lunenburg County ,140,Victoria Elementary,ES,88.17,Meets Expectations,,51.33,55,28.32,35,8.51,10,-,0,94.78,21.32,91.98,20.69,93.11,9.31,^,^,85.03,14.88,76.8,13.44,14.83,8.51,-,-,-,-,-,-,-,-
5,115,Lynchburg City ,290,Bedford Hills Elementary,ES,85.41,Approaching Expectations,TSI,49.79,55,27.04,35,8.57,10,-,0,87.37,19.65,90.31,20.32,98.16,9.81,^,^,78.91,13.8,75.64,13.23,14.25,8.57,-,-,-,-,-,-,-,-
5,115,Lynchburg City ,70,Dearington Elementary/Innovation ,ES,69.82,Needs Intensive Support,TSI,42.17,55,20.03,35,7.61,10,-,0,73.88,16.62,75.44,16.97,85.79,8.57,^,^,57.89,10.13,56.57,9.9,23.89,7.61,-,-,-,-,-,-,-,-
5,115,Lynchburg City ,260,E.C. Glass High ,HS,77.21,Needs Intensive Support,TSI,43.82,50,-,0,20.99,35,12.4,15,103.44,15.51,98.35,14.75,95.49,9.54,40,4,-,-,-,-,28.09,3.59,-,-,81.23,4.06,53.33,13.33,82.67,12.4
5,115,Lynchburg City ,1102,Heritage Elementary,ES,84.16,Meets Expectations,,55.49,65,19.66,25,9.01,10,-,0,82.79,18.62,86.21,19.39,93.39,9.33,81.25,8.12,74.23,9.27,83.08,10.38,9.89,9.01,-,-,-,-,-,-,-,-
5,115,Lynchburg City ,130,Heritage High,HS,75.84,Needs Intensive Support,TSI,45.54,50,-,0,18.59,35,11.7,15,99.89,14.98,97.17,14.57,95.74,9.57,64.15,6.41,-,-,-,-,30.01,3.49,-,-,83.98,4.19,43.59,10.89,78.02,11.7
5,115,Lynchburg City ,360,Linkhorne Elementary,ES,77.84,Approaching Expectations,CSI,51.13,65,18.53,25,8.16,10,-,0,81.1,18.24,80.91,18.2,85.71,8.57,61.11,6.11,75.98,9.49,72.33,9.04,18.3,8.16,-,-,-,-,-,-,-,-
5,115,Lynchburg City ,350,Linkhorne Middle,MS,78.60,Needs Intensive Support,ATSI,39.81,50,21.46,30,17.32,20,-,0,84.11,16.82,75.35,15.07,79.23,7.92,^,^,74.21,11.13,68.89,10.33,19.26,8.07,92.5,9.25,-,-,-,-,-,-
5,115,Lynchburg City ,170,Paul Laurence Dunbar Middle for Innovation ,MS,78.00,Needs Intensive Support,TSI,46.09,60,15.13,20,16.77,20,-,0,82.54,16.5,81.32,16.26,88.41,8.84,44.82,4.48,74.77,7.47,76.53,7.65,24.75,7.52,92.53,9.25,-,-,-,-,-,-
5,115,Lynchburg City ,330,Paul Munro Elementary,ES,90.39,Meets Expectations,TSI,51.37,55,29.72,35,9.29,10,-,0,92.63,20.84,93.36,21,95.21,9.52,^,^,87.5,15.31,82.33,14.4,7.01,9.29,-,-,-,-,-,-,-,-
5,115,Lynchburg City ,270,Perrymont Elementary,ES,74.27,Approaching Expectations,CSI,42.5,55,24.09,35,7.67,10,-,0,72.72,16.36,79.77,17.94,81.97,8.19,^,^,71.42,12.49,66.23,11.59,23.24,7.67,-,-,-,-,-,-,-,-
5,115,Lynchburg City ,190,Robert S. Payne Elementary,ES,78.44,Needs Intensive Support,TSI,43.4,55,26.91,35,8.12,10,-,0,77.28,17.38,74.51,16.76,92.46,9.24,^,^,81.81,14.31,71.99,12.59,18.7,8.12,-,-,-,-,-,-,-,-
5,115,Lynchburg City ,370,Sandusky Elementary,ES,82.87,Approaching Expectations,TSI,46.37,55,27.45,35,9.04,10,-,0,80.37,18.08,85.93,19.33,89.58,8.95,^,^,78.09,13.66,78.77,13.78,9.58,9.04,-,-,-,-,-,-,-,-
5,115,Lynchburg City ,340,Sandusky Middle,MS,71.63,Needs Intensive Support,ATSI,40.83,60,13.85,20,16.94,20,-,0,77.43,15.48,74.09,14.81,84.27,8.42,21.05,2.1,67.09,6.7,71.46,7.14,22.9,7.7,92.3,9.23,-,-,-,-,-,-
5,115,Lynchburg City ,300,Sheffield Elementary,ES,78.70,Needs Intensive Support,TSI,51.98,65,18.5,25,8.21,10,-,0,83.19,18.71,80.48,18.1,95.67,9.56,55.88,5.58,81.71,10.21,66.35,8.29,17.84,8.21,-,-,-,-,-,-,-,-
5,115,Lynchburg City ,250,William M. Bass Elementary,ES,75.64,Approaching Expectations,,43.14,55,23.55,35,8.94,10,-,0,74.59,16.78,77.57,17.45,89.06,8.9,^,^,67.55,11.82,67.05,11.73,10.54,8.94,-,-,-,-,-,-,-,-
4,56,Madison County ,221,Madison County High,HS,92.71,Distinguished,,43.48,44.45,-,0,33.14,38.9,16.09,16.67,101.44,16.9,96.87,16.14,93.84,10.42,^,^,-,-,-,-,21.14,4.38,-,-,96.29,5.34,84.28,23.41,96.55,16.09
4,56,Madison County ,230,Madison Primary,ES,86.53,Meets Expectations,,49.09,55,28.01,35,9.41,10,-,0,86.65,19.49,88.5,19.91,96.84,9.68,^,^,79.26,13.87,80.84,14.14,5.82,9.41,-,-,-,-,-,-,-,-
4,56,Madison County ,200,Waverly Yowell Elementary,ES,86.99,Meets Expectations,,49.09,55,28.01,35,9.87,10,-,0,86.65,19.49,88.5,19.91,96.84,9.68,^,^,79.26,13.87,80.84,14.14,1.2,9.87,-,-,-,-,-,-,-,-
4,56,Madison County ,222,William H. Wetsel Middle,MS,89.96,Distinguished,,45.27,50,25.8,30,18.89,20,-,0,89.08,17.81,92.97,18.59,88.57,8.85,^,^,79.53,11.92,92.47,13.87,8.65,9.13,97.56,9.75,-,-,-,-,-,-
4,143,Manassas City ,470,Baldwin Elementary,ES,83.53,Meets Expectations,,53.77,65,20.87,25,8.87,10,-,0,85.49,23.51,87.75,24.13,^,^,61.35,6.13,85.04,10.63,81.96,10.24,11.23,8.87,-,-,-,-,-,-,-,-
4,143,Manassas City ,471,Baldwin Intermediate,ES,75.72,Needs Intensive Support,TSI,48.72,65,18.04,25,8.96,10,-,0,78.73,17.71,80.24,18.05,86.34,8.63,43.18,4.31,74.25,9.28,70.1,8.76,10.4,8.96,-,-,-,-,-,-,-,-
4,143,Manassas City ,60,George Carr Round Elementary,ES,72.21,Approaching Expectations,CSI,46.65,65,17.01,25,8.55,10,-,0,73.88,20.31,76.5,21.03,^,^,52.98,5.29,73.43,9.17,62.65,7.83,14.46,8.55,-,-,-,-,-,-,-,-
4,143,Manassas City ,70,Grace E. Metz Middle ,MS,76.85,Needs Intensive Support,TSI,45.39,60,13.44,20,18.01,20,-,0,80.55,16.11,75.23,15.04,87.92,8.79,54.41,5.44,71.3,7.13,63.16,6.31,14.64,8.53,94.84,9.48,-,-,-,-,-,-
4,143,Manassas City ,310,Jennie Dean Elementary,ES,73.84,Approaching Expectations,,47.67,65,17.83,25,8.33,10,-,0,75.26,20.69,81.48,22.4,^,^,45.68,4.56,70.05,8.75,72.6,9.07,16.63,8.33,-,-,-,-,-,-,-,-
4,143,Manassas City ,80,Mayfield Intermediate,ES,79.55,Approaching Expectations,TSI,50.93,65,20.07,25,8.54,10,-,0,82.04,18.45,86.97,19.56,89.86,8.98,39.16,3.91,79.18,9.89,81.44,10.18,14.52,8.54,-,-,-,-,-,-,-,-
4,143,Manassas City ,370,Osbourn High,HS,81.80,Approaching Expectations,TSI,42.55,50,-,0,26.66,35,12.57,15,98.52,14.77,97.82,14.67,90.9,9.09,40.15,4.01,-,-,-,-,41.72,2.91,-,-,89.14,4.45,77.19,19.29,83.83,12.57
4,143,Manassas City ,20,Richard C. Haydon Elementary,ES,83.35,Meets Expectations,,52.89,65,21.62,25,8.82,10,-,0,82.26,22.62,87.92,24.18,^,^,60.95,6.09,81.68,10.21,91.31,11.41,11.72,8.82,-,-,-,-,-,-,-,-
4,143,Manassas City ,90,Virginia Virtual Academy at Manassas,ES-MS-HS,^,Too Small,TSI,48.89,64.26,12.97,19.3,6.42,6.43,^,0,83.66,16.13,75.14,14.49,89.17,11.46,52.94,6.8,74.46,7.18,60.07,5.79,0,6.42,^,^,^,^,^,^,^,^
4,143,Manassas City ,10,Weems Elementary,ES,84.09,Meets Expectations,,52.95,65,22.65,25,8.48,10,-,0,81.59,22.43,86.86,23.88,^,^,66.25,6.62,91.66,11.45,89.58,11.19,15.11,8.48,-,-,-,-,-,-,-,-
4,144,Manassas Park City ,522,Cougar Elementary,ES,76.10,Needs Intensive Support,TSI,48.89,65,18.7,25,8.5,10,-,0,73.67,16.57,77.95,17.54,89.14,8.91,58.62,5.86,73.34,9.16,76.32,9.54,14.93,8.5,-,-,-,-,-,-,-,-
4,144,Manassas Park City ,420,Manassas Park Elementary,ES,76.77,Needs Intensive Support,TSI,48.89,65,18.7,25,9.17,10,-,0,73.67,16.57,77.95,17.54,89.14,8.91,58.62,5.86,73.34,9.16,76.32,9.54,8.29,9.17,-,-,-,-,-,-,-,-
4,144,Manassas Park City ,30,Manassas Park High,HS,79.18,Needs Intensive Support,TSI,43.63,50,-,0,22.19,35,13.35,15,99.5,14.92,99.04,14.85,92.62,9.26,45.92,4.59,-,-,-,-,23.36,3.83,-,-,90.94,4.54,55.25,13.81,89.04,13.35
4,144,Manassas Park City ,31,Manassas Park Middle,MS,82.74,Meets Expectations,,46.99,60,16.97,20,18.78,20,-,0,85.13,17.02,82.42,16.48,87.39,8.73,47.4,4.74,85.63,8.56,84.07,8.4,11.09,8.89,98.93,9.89,-,-,-,-,-,-
6,116,Martinsville City ,222,Albert Harris Elementary,ES,81.17,Meets Expectations,,52.42,65,20.36,25,8.38,10,-,0,79.97,17.99,83.01,18.67,93.85,9.38,63.63,6.36,79.95,9.99,82.97,10.37,16.14,8.38,-,-,-,-,-,-,-,-
6,116,Martinsville City ,110,Martinsville High,HS,93.94,Distinguished,,42.89,50,-,0,37.98,35,13.06,15,96.87,14.53,97.3,14.59,90.04,9,47.61,4.76,-,-,-,-,20.51,3.97,-,-,88.65,4.43,118.32,29.58,87.07,13.06
6,116,Martinsville City ,10,Martinsville Middle,MS,86.53,Meets Expectations,,51.66,60,16.58,20,18.28,20,-,0,86.76,17.35,90.7,18.14,86.71,8.67,75,7.5,77.62,7.76,88.19,8.81,6.12,9.38,88.97,8.89,-,-,-,-,-,-
6,116,Martinsville City ,223,Patrick Henry Elementary,ES,84.43,Meets Expectations,,54.49,65,20.37,25,9.56,10,-,0,86,19.35,84.64,19.04,88.98,8.89,72,7.2,83,10.37,79.96,9.99,4.35,9.56,-,-,-,-,-,-,-,-
3,57,Mathews County ,291,Mathews Elementary,ES,89.86,Meets Expectations,TSI,51.17,55,29.99,35,8.69,10,-,0,92.94,20.91,92.83,20.88,93.75,9.37,^,^,83.41,14.59,87.98,15.39,13.08,8.69,-,-,-,-,-,-,-,-
3,57,Mathews County ,190,Mathews High,MS-HS,98.59,Distinguished,,38.61,40,18.64,20,32.04,30,9.29,10,99.4,14.91,95.66,14.35,93.55,9.35,^,^,85.96,8.59,100.43,10.04,17.97,4.1,100,5,97.01,4.85,120.58,18.08,92.95,9.29
8,58,Mecklenburg County ,910,Chase City Elementary,ES,84.96,Approaching Expectations,TSI,48.53,55,27.18,35,9.23,10,-,0,87.84,19.76,88.41,19.89,88.72,8.87,^,^,81.07,14.18,74.29,13,7.6,9.23,-,-,-,-,-,-,-,-
8,58,Mecklenburg County ,1000,Clarksville Elementary,ES,92.29,Distinguished,,52.87,55,29.74,35,9.67,10,-,0,92.19,20.74,96.14,21.63,105,10.5,^,^,81.14,14.19,88.81,15.54,3.22,9.67,-,-,-,-,-,-,-,-
8,58,Mecklenburg County ,1020,LaCrosse Elementary ,ES,90.77,Distinguished,,58.78,65,22.86,25,9.11,10,-,0,90.93,20.46,96.76,21.77,100.52,10.05,65,6.5,88.85,11.1,94.08,11.76,8.82,9.11,-,-,-,-,-,-,-,-
8,58,Mecklenburg County ,1041,Mecklenburg County High,HS,100.49,Distinguished,,45.84,50,-,0,41.52,35,13.13,15,102.97,15.44,100.51,15.07,96.92,9.69,56.25,5.62,-,-,-,-,23.8,3.8,-,-,88.7,4.43,133.1,33.27,87.54,13.13
8,58,Mecklenburg County ,1040,Mecklenburg County Middle,MS,88.36,Meets Expectations,,46.21,50,23.99,30,18.15,20,-,0,93.6,18.72,90.61,18.12,93.75,9.37,^,^,82.34,12.35,77.61,11.64,18.44,8.15,100,10,-,-,-,-,-,-
8,58,Mecklenburg County ,190,South Hill Elementary,ES,85.88,Approaching Expectations,TSI,57.96,65,18.91,25,9,10,-,0,90.95,20.46,91.56,20.6,93.97,9.39,75,7.5,77.16,9.64,74.17,9.27,9.95,9,-,-,-,-,-,-,-,-
3,59,Middlesex County ,291,Middlesex Elementary,ES,89.73,Distinguished,,50.45,55,30.13,35,9.14,10,-,0,89.18,20.06,91.75,20.64,97.44,9.74,^,^,80.91,14.16,91.27,15.97,8.54,9.14,-,-,-,-,-,-,-,-
3,59,Middlesex County ,90,Middlesex High,HS,114.12,Distinguished,,44.75,44.45,-,0,52.91,38.9,16.45,16.67,102.96,17.16,100,16.66,98.33,10.92,^,^,-,-,-,-,17.97,4.55,-,-,96.15,5.34,154.87,43.01,98.7,16.45
3,59,Middlesex County ,140,St. Clare Walker Middle,MS,92.47,Distinguished,,52.87,56.25,29.99,32.5,9.61,11.25,-,0,91.22,20.52,94.46,21.25,98.62,11.09,^,^,85.45,13.88,99.1,16.1,14.55,9.61,^,^,-,-,-,-,-,-
6,60,Montgomery County ,902,Auburn Elementary,ES,96.73,Distinguished,,54.45,55,32.6,35,9.67,10,-,0,97.14,21.85,99.11,22.3,102.94,10.29,^,^,91.81,16.06,94.49,16.53,3.22,9.67,-,-,-,-,-,-,-,-
6,60,Montgomery County ,650,Auburn High,HS,96.70,Distinguished,,44.06,44.45,-,0,37.01,38.9,15.62,16.67,101.13,16.85,98.39,16.39,97.24,10.8,^,^,-,-,-,-,14.91,4.72,-,-,97.89,5.43,96.66,26.85,93.75,15.62
6,60,Montgomery County ,903,Auburn Middle,MS,88.49,Meets Expectations,,45.39,50,23.97,30,19.13,20,-,0,92.93,18.58,88.01,17.6,92.01,9.2,^,^,85.24,12.78,74.56,11.18,8.69,9.13,100,10,-,-,-,-,-,-
6,60,Montgomery County ,700,Belview Elementary,ES,87.18,Approaching Expectations,TSI,48.55,55,29.1,35,9.51,10,-,0,88.2,19.84,87.8,19.75,89.58,8.95,^,^,85.33,14.93,81,14.17,4.84,9.51,-,-,-,-,-,-,-,-
6,60,Montgomery County ,760,Blacksburg High,HS,98.63,Distinguished,,49.97,50,-,0,34.69,35,13.97,15,109.01,16.35,105.27,15.79,103.8,10.38,74.46,7.44,-,-,-,-,16.71,4.16,-,-,97.46,4.87,102.61,25.65,93.17,13.97
6,60,Montgomery County ,710,Blacksburg Middle,MS,94.37,Distinguished,,56.72,60,18.8,20,18.83,20,-,0,100.1,20.02,100.65,20.13,101.13,10.11,64.58,6.45,91.94,9.19,96.11,9.61,11.29,8.87,99.68,9.96,-,-,-,-,-,-
6,60,Montgomery County ,740,Christiansburg Elementary,ES,88.51,Approaching Expectations,TSI,58.18,65,21.1,25,9.22,10,-,0,91.9,20.67,92.3,20.76,98.31,9.83,69.04,6.9,83.39,10.42,85.43,10.67,7.73,9.22,-,-,-,-,-,-,-,-
6,60,Montgomery County ,770,Christiansburg High,HS,93.89,Distinguished,,44.87,50,-,0,36.02,35,13,15,102.81,15.42,100.98,15.14,96.33,9.63,46.66,4.66,-,-,-,-,19.17,4.04,-,-,91.96,4.59,109.54,27.38,86.66,13
6,60,Montgomery County ,671,Christiansburg Middle,MS,84.76,Meets Expectations,,50.07,60,16.33,20,18.35,20,-,0,91.8,18.36,87.85,17.57,92.98,9.29,48.43,4.84,83.22,8.32,80.12,8.01,15.79,8.42,99.31,9.93,-,-,-,-,-,-
6,60,Montgomery County ,780,Christiansburg Primary,ES,88.14,Approaching Expectations,TSI,58.18,65,21.1,25,8.85,10,-,0,91.9,20.67,92.3,20.76,98.31,9.83,69.04,6.9,83.39,10.42,85.43,10.67,11.43,8.85,-,-,-,-,-,-,-,-
6,60,Montgomery County ,30,Eastern Montgomery Elementary,ES,79.00,Needs Intensive Support,TSI,50.08,65,19.79,25,9.12,10,-,0,84.09,18.92,80.36,18.08,87.3,8.73,43.47,4.34,89.47,11.18,68.91,8.61,8.77,9.12,-,-,-,-,-,-,-,-
6,60,Montgomery County ,904,Eastern Montgomery High,HS,91.97,Distinguished,,43.73,44.45,-,0,33.04,38.9,15.19,16.67,99.58,16.59,99.57,16.59,94.91,10.54,^,^,-,-,-,-,20.51,4.41,-,-,93.67,5.2,84.31,23.42,91.17,15.19
6,60,Montgomery County ,600,Falling Branch Elementary,ES,89.04,Meets Expectations,,58.42,65,21.46,25,9.16,10,-,0,91.7,20.63,95.11,21.4,97.22,9.72,66.66,6.66,85.36,10.67,86.34,10.79,8.38,9.16,-,-,-,-,-,-,-,-
6,60,Montgomery County ,750,Gilbert Linkous Elementary,ES,98.48,Distinguished,,56.21,55,32.83,35,9.43,10,-,0,100.17,22.53,101.73,22.89,107.89,10.78,^,^,92.74,16.22,94.89,16.6,5.66,9.43,-,-,-,-,-,-,-,-
6,60,Montgomery County ,10,Harding Avenue Elementary,ES,98.03,Distinguished,,64.4,65,24.28,25,9.33,10,-,0,102.81,23.13,106.84,24.04,107.35,10.73,65,6.5,94.56,11.82,99.72,12.46,6.62,9.33,-,-,-,-,-,-,-,-
6,60,Montgomery County ,901,Kipps Elementary,ES,97.33,Distinguished,,64.56,65,23.52,25,9.24,10,-,0,103.4,23.26,107.5,24.18,107.79,10.77,63.33,6.33,94.95,11.86,93.27,11.65,7.55,9.24,-,-,-,-,-,-,-,-
6,60,Montgomery County ,730,Margaret Beeks Elementary,ES,92.99,Distinguished,,60.79,65,22.88,25,9.3,10,-,0,98.6,22.18,97.51,21.94,100.4,10.04,66.3,6.63,91.4,11.42,91.66,11.45,6.9,9.3,-,-,-,-,-,-,-,-
6,60,Montgomery County ,210,Prices Fork Elementary,ES,90.84,Meets Expectations,TSI,59.51,65,22.07,25,9.26,10,-,0,91.87,20.67,95.66,21.52,100.47,10.04,72.67,7.26,86.22,10.77,90.38,11.29,7.39,9.26,-,-,-,-,-,-,-,-
6,60,Montgomery County ,290,Shawsville Middle,MS,85.17,Meets Expectations,,42.55,50,24.18,30,18.43,20,-,0,85.36,17.07,84.81,16.96,85.16,8.51,^,^,76.87,11.53,84.37,12.65,15.66,8.43,100,10,-,-,-,-,-,-
5,62,Nelson County ,710,Nelson County High,HS,90.92,Distinguished,,44.85,50,-,0,32.54,35,13.52,15,105.97,15.89,100.44,15.06,100,10,38.88,3.88,-,-,-,-,12.55,4.37,-,-,91.45,4.57,94.39,23.59,90.16,13.52
5,62,Nelson County ,730,Nelson Middle,MS,94.01,Distinguished,,48.01,50,27.41,30,18.58,20,-,0,94.09,18.81,97.74,19.54,96.49,9.64,^,^,91.16,13.67,91.58,13.73,14.1,8.58,100,10,-,-,-,-,-,-
5,62,Nelson County ,10,Rockfish River Elementary,ES,90.89,Distinguished,,59.54,65,22.16,25,9.17,10,-,0,93.4,21.01,95.45,21.47,105.5,10.55,65,6.5,87.07,10.88,90.27,11.28,8.21,9.17,-,-,-,-,-,-,-,-
5,62,Nelson County ,20,Tye River Elementary,ES,91.63,Distinguished,,59.72,65,22.43,25,9.47,10,-,0,91.83,20.66,93.3,20.99,99.46,9.94,81.25,8.12,85.78,10.72,93.68,11.71,5.24,9.47,-,-,-,-,-,-,-,-
1,63,New Kent County ,180,George W. Watkins Elementary,ES,97.35,Distinguished,,54.93,55,32.88,35,9.54,10,-,0,97.92,22.03,100.9,22.7,101.94,10.19,^,^,91.91,16.08,95.98,16.79,4.53,9.54,-,-,-,-,-,-,-,-
1,63,New Kent County ,10,New Kent Elementary ,ES,96.84,Distinguished,,54.36,55,33.07,35,9.4,10,-,0,94.93,21.36,100.48,22.6,103.9,10.39,^,^,92.92,16.26,96.09,16.81,5.92,9.4,-,-,-,-,-,-,-,-
1,63,New Kent County ,20,New Kent High ,HS,95.96,Distinguished,,46.79,50,-,0,35.2,35,13.97,15,105.24,15.78,98.04,14.7,99.38,9.93,63.63,6.36,-,-,-,-,10.24,4.48,-,-,96.78,4.83,103.49,25.87,93.15,13.97
1,63,New Kent County ,100,New Kent Middle ,MS,91.72,Distinguished,,47.66,50,25.21,30,18.84,20,-,0,95.16,19.03,95.95,19.19,94.42,9.44,^,^,84.44,12.66,83.64,12.54,8.05,9.19,96.51,9.65,-,-,-,-,-,-
1,63,New Kent County ,300,Quinton Elementary,ES,92.75,Meets Expectations,TSI,52.24,55,31.01,35,9.49,10,-,0,93.31,20.99,95.51,21.49,97.61,9.76,^,^,88.38,15.46,88.85,15.55,5.08,9.49,-,-,-,-,-,-,-,-
2,117,Newport News City ,1404,Achievable Dream Academy,ES,86.05,Meets Expectations,,48.45,55,29.04,35,8.55,10,-,0,87.99,19.79,86.25,19.4,92.47,9.24,^,^,86.25,15.09,79.71,13.94,14.4,8.55,-,-,-,-,-,-,-,-
2,117,Newport News City ,1405,Achievable Dream Middle/High ,MS-HS,88.72,Meets Expectations,,36.6,40,15.64,20,26.46,30,10,10,91.35,13.7,89.93,13.48,94.09,9.4,^,^,77.96,7.79,78.52,7.85,9.69,4.51,94.44,4.72,100,5,81.54,12.23,100,10
2,117,Newport News City ,1250,B.C. Charles Elementary ,ES,87.49,Approaching Expectations,TSI,49.67,55,29.01,35,8.8,10,-,0,89.17,20.06,90.4,20.34,92.66,9.26,^,^,80.72,14.12,85.06,14.88,11.91,8.8,-,-,-,-,-,-,-,-
2,117,Newport News City ,110,B.T. Washington Middle ,MS,96.47,Distinguished,,49.28,50,27.79,30,19.4,20,-,0,98.65,19.73,99.41,19.88,96.69,9.66,^,^,90.21,13.53,95.08,14.26,4,9.59,98.02,9.8,-,-,-,-,-,-
2,117,Newport News City ,1170,Carver Elementary,ES,78.11,Needs Intensive Support,TSI,50.25,65,19.59,25,8.26,10,-,0,78.08,17.56,79.15,17.8,88.28,8.82,60.43,6.04,77.36,9.67,79.41,9.92,17.32,8.26,-,-,-,-,-,-,-,-
2,117,Newport News City ,1393,Crittenden Middle,MS,76.35,Approaching Expectations,CSI,44.51,60,15.08,20,16.75,20,-,0,81.96,16.39,79.42,15.88,85.17,8.51,37.14,3.71,76.49,7.64,74.38,7.43,27.18,7.28,94.73,9.47,-,-,-,-,-,-
2,117,Newport News City ,50,David A. Dutrow Elementary,ES,84.91,Approaching Expectations,TSI,54.3,65,21.7,25,8.91,10,-,0,88.98,20.02,90.32,20.32,89.54,8.95,50,5,84,10.5,89.63,11.2,10.86,8.91,-,-,-,-,-,-,-,-
2,117,Newport News City ,1398,Deer Park Elementary,ES,99.92,Distinguished,,56.4,55,34.22,35,9.29,10,-,0,99.87,22.47,102.68,23.1,108.33,10.83,^,^,97.24,17.01,98.34,17.21,7.09,9.29,-,-,-,-,-,-,-,-
2,117,Newport News City ,280,Denbigh High,HS,86.51,Approaching Expectations,TSI,44.85,50,-,0,27.93,35,13.71,15,97.96,14.69,98.95,14.84,94.63,9.46,58.56,5.85,-,-,-,-,20.41,3.97,-,-,93.41,4.67,77.15,19.28,91.45,13.71
2,117,Newport News City ,130,Discovery STEM Academy,ES,82.11,Approaching Expectations,TSI,46.55,55,27.59,35,7.96,10,-,0,81.1,18.24,85.4,19.21,90.9,9.09,^,^,75,13.12,82.69,14.47,20.34,7.96,-,-,-,-,-,-,-,-
2,117,Newport News City ,20,Ella J. Fitzgerald Middle ,MS,82.74,Meets Expectations,,48.46,60,16.66,20,17.61,20,-,0,85.21,17.04,86.74,17.34,88.13,8.81,52.63,5.26,79.55,7.95,87.09,8.7,13.7,8.62,89.86,8.98,-,-,-,-,-,-
2,117,Newport News City ,1260,Ethel M. Gildersleeve Middle,MS,84.17,Meets Expectations,,49.67,60,16.93,20,17.55,20,-,0,86.75,17.35,89.97,17.99,92.25,9.22,51.07,5.1,80.03,8,89.31,8.93,19.39,8.06,94.98,9.49,-,-,-,-,-,-
2,117,Newport News City ,1407,General Stanford Elementary,ES,95.38,Distinguished,,53.89,55,32.29,35,9.2,10,-,0,96.7,21.75,97.91,22.03,101,10.1,^,^,95.66,16.74,88.85,15.54,7.91,9.2,-,-,-,-,-,-,-,-
2,117,Newport News City ,70,George J. McIntosh Elementary ,ES,81.56,Approaching Expectations,TSI,51.9,65,20.45,25,9.2,10,-,0,80.32,18.07,80.35,18.08,89.03,8.9,68.51,6.85,84.91,10.61,78.72,9.84,7.96,9.2,-,-,-,-,-,-,-,-
2,117,Newport News City ,1395,Heritage High,HS,85.93,Approaching Expectations,TSI,43.62,50,-,0,28.23,35,14.07,15,98.11,14.71,98.35,14.75,95.26,9.52,46.26,4.62,-,-,-,-,26.13,3.69,-,-,91.56,4.57,79.86,19.96,93.83,14.07
2,117,Newport News City ,1210,Hidenwood Elementary,ES,80.92,Approaching Expectations,TSI,53.18,65,19.19,25,8.54,10,-,0,82.03,18.45,85,19.12,96.03,9.6,60,6,78.92,9.86,74.64,9.33,14.58,8.54,-,-,-,-,-,-,-,-
2,117,Newport News City ,1080,Hilton Elementary,ES,96.22,Distinguished,,55.3,55,31.73,35,9.18,10,-,0,98.89,22.25,100.73,22.66,103.87,10.38,^,^,87.5,15.31,93.84,16.42,8.17,9.18,-,-,-,-,-,-,-,-
2,117,Newport News City ,1270,Homer L. Hines Middle,MS,82.19,Approaching Expectations,TSI,41.91,50,22.71,30,17.56,20,-,0,84.28,16.85,80.14,16.02,90.28,9.02,^,^,75.41,11.31,75.98,11.39,14.2,8.57,89.88,8.98,-,-,-,-,-,-
2,117,Newport News City ,91,Huntington Middle,ES,70.56,Approaching Expectations,CSI,40.68,55,24.33,35,5.54,10,-,0,77.05,21.18,70.9,19.49,^,^,^,^,71.25,12.46,67.8,11.86,44.55,5.54,-,-,-,-,-,-,-,-
2,117,Newport News City ,300,Joseph H. Saunders Elementary,ES,77.29,Needs Intensive Support,TSI,49.63,65,19.27,25,8.38,10,-,0,78.45,17.65,81.02,18.23,89.35,8.93,48.11,4.81,79.45,9.93,74.75,9.34,16.14,8.38,-,-,-,-,-,-,-,-
2,117,Newport News City ,1180,Katherine Johnson Elementary,ES,81.66,Approaching Expectations,TSI,52.06,65,20.89,25,8.71,10,-,0,84.6,19.03,83.53,18.79,92.35,9.23,50,5,85.83,10.72,81.29,10.16,12.89,8.71,-,-,-,-,-,-,-,-
2,117,Newport News City ,1290,Kiln Creek Elementary,ES,85.19,Approaching Expectations,TSI,55.7,65,21.05,25,8.43,10,-,0,88.82,19.98,89.4,20.11,93.49,9.34,62.5,6.25,83.63,10.45,84.82,10.6,15.67,8.43,-,-,-,-,-,-,-,-
2,117,Newport News City ,310,Knollwood Meadows Elementary ,ES,85.33,Approaching Expectations,TSI,54.57,65,21.76,25,8.99,10,-,0,86.91,19.55,85.2,19.17,94.44,9.44,64,6.4,86.76,10.84,87.39,10.92,10.04,8.99,-,-,-,-,-,-,-,-
2,117,Newport News City ,200,L.F. Palmer Elementary ,ES,84.04,Meets Expectations,,54.46,65,21.23,25,8.35,10,-,0,86.02,19.35,88.52,19.91,94.4,9.44,57.47,5.74,86.29,10.78,83.59,10.44,16.47,8.35,-,-,-,-,-,-,-,-
2,117,Newport News City ,1400,Mary Passage Middle,MS,82.41,Meets Expectations,,48.7,60,16.08,20,17.62,20,-,0,86.74,17.34,84.76,16.95,89.98,8.99,54.01,5.4,79.9,7.99,80.94,8.09,19.08,8.09,95.36,9.53,-,-,-,-,-,-
2,117,Newport News City ,1220,Menchville High,HS,91.26,Meets Expectations,TSI,45.45,50,-,0,31.72,35,14.08,15,102.15,15.32,100.06,15,96.24,9.62,55,5.5,-,-,-,-,13.82,4.3,-,-,97.14,4.85,90.22,22.55,93.88,14.08
2,117,Newport News City ,1120,Newsome Park Elementary,ES,79.54,Approaching Expectations,TSI,44.53,55,27.43,35,7.57,10,-,0,78.43,17.64,80.06,18.01,88.72,8.87,^,^,77.39,13.54,79.39,13.89,24.29,7.57,-,-,-,-,-,-,-,-
2,117,Newport News City ,150,Oliver C. Greenwood Elementary,ES,86.33,Meets Expectations,,56.05,65,21.56,25,8.7,10,-,0,88.94,20.01,87.71,19.73,96.87,9.68,66.21,6.62,88.56,11.07,83.98,10.49,12.95,8.7,-,-,-,-,-,-,-,-
2,117,Newport News City ,270,Richard T. Yates Elementary,ES,85.93,Approaching Expectations,TSI,48.91,55,28.95,35,8.06,10,-,0,86.76,19.52,87.44,19.67,97.14,9.71,^,^,82.58,14.45,82.87,14.5,19.36,8.06,-,-,-,-,-,-,-,-
2,117,Newport News City ,1230,Richneck Elementary,ES,85.84,Approaching Expectations,TSI,56.01,65,20.84,25,8.98,10,-,0,88.54,19.92,87.55,19.69,93.88,9.38,70,7,87.57,10.94,79.19,9.89,10.13,8.98,-,-,-,-,-,-,-,-
2,117,Newport News City ,1150,Riverside Elementary,ES,81.50,Approaching Expectations,TSI,53.27,65,19.53,25,8.69,10,-,0,80.42,18.09,76.17,17.14,90.38,9.03,90,9,77.53,9.69,78.72,9.84,13.04,8.69,-,-,-,-,-,-,-,-
2,117,Newport News City ,250,Sedgefield Elementary,ES,73.54,Approaching Expectations,CSI,48.12,65,17.34,25,8.07,10,-,0,78.9,17.75,76.08,17.11,82.55,8.25,50,5,74.85,9.35,63.92,7.99,19.28,8.07,-,-,-,-,-,-,-,-
2,117,Newport News City ,1240,Stoney Run Elementary ,ES,75.80,Needs Intensive Support,TSI,48.99,65,18.33,25,8.46,10,-,0,75.7,17.03,77.69,17.48,87.5,8.75,57.3,5.73,72.85,9.1,73.83,9.22,15.31,8.46,-,-,-,-,-,-,-,-
2,117,Newport News City ,290,T. Ryland Sanford Elementary,ES,86.76,Approaching Expectations,TSI,57.02,65,21.37,25,8.37,10,-,0,89.15,20.06,87.7,19.73,97.69,9.76,74.57,7.45,87.07,10.88,83.89,10.48,16.26,8.37,-,-,-,-,-,-,-,-
2,117,Newport News City ,1070,Warwick High,HS,90.59,Meets Expectations,TSI,47.34,50,-,0,29.76,35,13.49,15,101.81,15.27,97.61,14.64,92.67,9.26,81.57,8.15,-,-,-,-,21.87,3.9,-,-,94.25,4.71,84.57,21.14,89.97,13.49
2,117,Newport News City ,320,Willis A. Jenkins Elementary,ES,83.34,Approaching Expectations,TSI,55.27,65,19.42,25,8.64,10,-,0,86.55,19.47,87.14,19.6,95.76,9.57,66.17,6.61,83.5,10.43,71.87,8.98,13.58,8.64,-,-,-,-,-,-,-,-
2,117,Newport News City ,1396,Woodside High,HS,90.90,Distinguished,,47,50,-,0,29.53,35,14.35,15,104.82,15.72,99.13,14.87,97.45,9.74,66.66,6.66,-,-,-,-,16.12,4.19,-,-,95.68,4.78,82.24,20.56,95.7,14.35
2,118,Norfolk City ,185,Academy for Discovery at Lakewood,ES-MS,91.35,Distinguished,,48.43,50,28.69,35,14.22,15,-,0,98.21,19.64,95.89,19.17,96.12,9.61,^,^,84.11,14.72,79.87,13.97,5.07,9.49,94.63,4.73,-,-,-,-,-,-
2,118,Norfolk City ,760,Azalea Gardens Middle,MS,78.71,Approaching Expectations,,47.04,60,14.67,20,16.98,20,-,0,85.75,17.15,82.93,16.58,90.05,9,43.05,4.3,75.78,7.57,71.01,7.1,24.02,7.59,93.91,9.39,-,-,-,-,-,-
2,118,Norfolk City ,250,Bay View Elementary,ES,79.03,Needs Intensive Support,TSI,52.03,65,18.75,25,8.24,10,-,0,86.3,19.41,81.63,18.36,91.13,9.11,51.35,5.13,77.73,9.71,72.27,9.03,17.54,8.24,-,-,-,-,-,-,-,-
2,118,Norfolk City ,20,Blair Middle,MS,78.77,Needs Intensive Support,TSI,46.14,60,14.27,20,18.35,20,-,0,85.69,17.13,78.31,15.66,88.61,8.86,44.82,4.48,75.44,7.54,67.31,6.73,12.64,8.73,96.22,9.62,-,-,-,-,-,-
2,118,Norfolk City ,880,Booker T Washington High,HS,73.16,Needs Intensive Support,TSI,42.46,50,-,0,20.07,35,10.62,15,91.95,13.79,97.11,14.56,89.42,8.94,51.61,5.16,-,-,-,-,22.09,3.89,-,-,81.41,4.07,48.43,12.1,70.83,10.62
2,118,Norfolk City ,40,Camp Allen Elementary,ES,90.52,Distinguished,,59.02,65,21.78,25,9.71,10,-,0,94.67,21.3,95.12,21.4,100,10,63.15,6.31,86.2,10.77,88.08,11.01,2.88,9.71,-,-,-,-,-,-,-,-
2,118,Norfolk City ,220,Chesterfield Elementary,ES,75.50,Approaching Expectations,CSI,41.57,55,25.71,35,8.21,10,-,0,75,16.87,72.85,16.39,83.12,8.31,^,^,70.22,12.28,76.7,13.42,17.82,8.21,-,-,-,-,-,-,-,-
2,118,Norfolk City ,550,Coleman Place Elementary,ES,70.14,Approaching Expectations,CSI,45.86,65,15.75,25,8.51,10,-,0,76.19,17.14,70.74,15.91,84.33,8.43,43.75,4.37,66.13,8.26,59.92,7.49,14.85,8.51,-,-,-,-,-,-,-,-
2,118,Norfolk City ,560,Crossroads PreK-8 School,ES-MS,83.03,Approaching Expectations,TSI,50.14,60,19.24,25,13.63,15,-,0,85.39,17.07,85,17,92.63,9.26,68.05,6.8,74.84,9.35,79.1,9.88,13.61,8.63,100,5,-,-,-,-,-,-
2,118,Norfolk City ,90,Ghent K-8,ES-MS,94.19,Distinguished,,48.71,50,31.24,35,14.24,15,-,0,97.58,19.51,94.54,18.9,102.87,10.28,^,^,89.17,15.6,89.35,15.63,3.49,9.65,91.83,4.59,-,-,-,-,-,-
2,118,Norfolk City ,420,Granby Elementary,ES,71.15,Needs Intensive Support,TSI,42.31,55,20.72,35,8.12,10,-,0,78.43,17.64,71.56,16.1,85.6,8.56,^,^,65.25,11.41,53.17,9.3,18.76,8.12,-,-,-,-,-,-,-,-
2,118,Norfolk City ,390,Granby High,HS,83.30,Approaching Expectations,TSI,44.42,50,-,0,26.04,35,12.83,15,100.45,15.06,98.06,14.71,98.49,9.84,47.93,4.79,-,-,-,-,23.78,3.81,-,-,83.03,4.15,72.33,18.08,85.57,12.83
2,118,Norfolk City ,610,Ingleside Elementary,ES,85.89,Approaching Expectations,TSI,47.83,55,29.76,35,8.3,10,-,0,85.92,19.33,86.34,19.42,90.7,9.07,^,^,83.27,14.57,86.81,15.19,16.98,8.3,-,-,-,-,-,-,-,-
2,118,Norfolk City ,430,Jacox Elementary,ES,72.79,Approaching Expectations,CSI,40.89,55,23.46,35,8.42,10,-,0,72.71,16.36,71.58,16.1,84.29,8.42,^,^,68.97,12.07,65.14,11.39,15.71,8.42,-,-,-,-,-,-,-,-
2,118,Norfolk City ,131,James Monroe Elementary,ES,80.81,Meets Expectations,,45.88,55,25.43,35,9.5,10,-,0,79.83,17.96,84.57,19.02,88.88,8.88,^,^,66.15,11.57,79.16,13.85,5,9.5,-,-,-,-,-,-,-,-
2,118,Norfolk City ,790,Lake Taylor,ES-MS,76.93,Approaching Expectations,CSI,46.15,60,17.85,25,12.92,15,-,0,79.57,15.91,77.09,15.41,88.23,8.82,60,6,72.69,9.08,70.12,8.76,17.61,8.23,93.75,4.68,-,-,-,-,-,-
2,118,Norfolk City ,840,Lake Taylor High ,HS,81.15,Meets Expectations,,43.5,50,-,0,25.84,35,11.8,15,99.88,14.98,97.82,14.67,96.68,9.66,41.81,4.18,-,-,-,-,25.23,3.73,-,-,83.08,4.15,71.81,17.95,78.7,11.8
2,118,Norfolk City ,210,Larchmont Elementary,ES,94.23,Distinguished,,55.25,55,29.74,35,9.23,10,-,0,101.41,22.81,97.74,21.99,104.46,10.44,^,^,89.78,15.71,80.21,14.03,7.69,9.23,-,-,-,-,-,-,-,-
2,118,Norfolk City ,670,Larrymore Elementary,ES,87.38,Meets Expectations,,57.66,65,20.73,25,8.98,10,-,0,94.08,21.16,95.79,21.55,96.75,9.67,52.65,5.26,82.92,10.36,82.98,10.37,10.17,8.98,-,-,-,-,-,-,-,-
2,118,Norfolk City ,520,Lindenwood Elementary,ES,81.27,Meets Expectations,,53.99,65,19.36,25,7.9,10,-,0,82.1,18.47,85.9,19.32,86.95,8.69,75,7.5,79.91,9.98,75,9.37,20.9,7.9,-,-,-,-,-,-,-,-
2,118,Norfolk City ,682,Little Creek Elementary,ES,76.37,Needs Intensive Support,TSI,50.97,65,17.77,25,7.62,10,-,0,79.16,17.81,80.1,18.02,90.94,9.09,60.43,6.04,72.72,9.09,69.44,8.68,23.75,7.62,-,-,-,-,-,-,-,-
2,118,Norfolk City ,460,Mary Calcott Elementary,ES,89.74,Distinguished,,57.71,65,22.81,25,9.21,10,-,0,89.78,20.2,94.47,21.25,93.36,9.33,69.23,6.92,83.5,10.43,99,12.37,7.88,9.21,-,-,-,-,-,-,-,-
2,118,Norfolk City ,10,Matthew Fontaine Maury High,HS,86.93,Meets Expectations,,46.41,50,-,0,27.61,35,12.91,15,103.32,15.49,98.36,14.75,97.31,9.73,64.28,6.42,-,-,-,-,24.6,3.76,-,-,87.09,4.35,77.96,19.49,86.06,12.91
2,118,Norfolk City ,490,Northside Middle,MS,74.90,Needs Intensive Support,TSI,44.55,60,13.75,20,16.6,20,-,0,81.98,16.39,76.39,15.27,89.59,8.95,39.18,3.91,72.97,7.29,64.56,6.45,17.94,8.2,83.96,8.39,-,-,-,-,-,-
2,118,Norfolk City ,580,Norview High,HS,78.60,Approaching Expectations,,43.18,50,-,0,23.14,35,12.27,15,98.31,14.74,96.37,14.45,96.5,9.65,43.33,4.33,-,-,-,-,20.22,3.98,-,-,83.22,4.16,59.96,14.99,81.84,12.27
2,118,Norfolk City ,570,Norview Middle,MS,67.19,Needs Intensive Support,TSI,40.11,60,12.24,20,14.83,20,-,0,77.27,15.45,68.94,13.78,84.36,8.43,24.32,2.43,66.1,6.61,56.39,5.63,29.46,7.05,77.77,7.77,-,-,-,-,-,-
2,118,Norfolk City ,190,Ocean View Elementary,ES,79.90,Approaching Expectations,TSI,51.63,65,20.46,25,7.8,10,-,0,84.83,19.08,86.21,19.39,90.9,9.09,40.62,4.06,80.49,10.06,83.2,10.4,21.97,7.8,-,-,-,-,-,-,-,-
2,118,Norfolk City ,530,P.B. Young Sr. Elementary ,ES,61.90,Needs Intensive Support,CSI,36.21,55,19.21,35,6.48,10,-,0,66.6,14.98,60.54,13.62,76.06,7.6,^,^,59.23,10.36,50.54,8.84,35.18,6.48,-,-,-,-,-,-,-,-
2,118,Norfolk City ,480,Richard Bowling Elementary,ES,80.38,Approaching Expectations,TSI,45.08,55,26.76,35,8.52,10,-,0,82.4,18.54,80.44,18.1,84.48,8.44,^,^,77.75,13.6,75.21,13.16,14.71,8.52,-,-,-,-,-,-,-,-
2,118,Norfolk City ,30,Ruffner School,ES-MS,66.71,Approaching Expectations,CSI,34.79,50,19.75,35,12.16,15,-,0,69.93,13.98,63.42,12.68,81.19,8.11,^,^,59.04,10.33,53.86,9.42,24.01,7.59,91.3,4.56,-,-,-,-,-,-
2,118,Norfolk City ,850,Sewells Point Elementary,ES,91.18,Distinguished,,50.58,55,32.2,35,8.39,10,-,0,89.75,20.19,91.26,20.53,98.58,9.85,^,^,86.33,15.1,97.67,17.09,16.04,8.39,-,-,-,-,-,-,-,-
2,118,Norfolk City ,650,Sherwood Forest Elementary,ES,80.35,Approaching Expectations,TSI,52.81,65,19.23,25,8.29,10,-,0,85.18,19.16,82.98,18.67,87.5,8.75,62.29,6.22,76.43,9.55,77.45,9.68,17.02,8.29,-,-,-,-,-,-,-,-
2,118,Norfolk City ,770,Southside STEM Academy at Campostella ,ES-MS,76.31,Needs Intensive Support,TSI,40.16,50,24.36,35,11.79,15,-,0,81.4,16.28,75.4,15.08,88.02,8.8,^,^,75.77,13.26,63.43,11.1,32.08,6.79,100,5,-,-,-,-,-,-
2,118,Norfolk City ,820,St. Helena Elementary,ES,79.95,Meets Expectations,,44.38,55,27.75,35,7.82,10,-,0,81.65,18.37,77.06,17.33,86.71,8.67,^,^,87.87,15.37,70.7,12.37,21.79,7.82,-,-,-,-,-,-,-,-
2,118,Norfolk City ,500,Suburban Park Elementary,ES,87.30,Meets Expectations,,54.81,65,24.15,25,8.32,10,-,0,88.14,19.83,90.28,20.31,105.68,10.56,41.02,4.1,93.25,11.65,100,12.5,16.71,8.32,-,-,-,-,-,-,-,-
2,118,Norfolk City ,100,Tanners Creek Elementary,ES,77.59,Needs Intensive Support,TSI,50.51,65,18.57,25,8.5,10,-,0,81.67,18.37,78.41,17.64,87.82,8.78,57.14,5.71,71.42,8.92,77.17,9.64,14.98,8.5,-,-,-,-,-,-,-,-
2,118,Norfolk City ,800,Tarrallton Elementary,ES,91.74,Distinguished,,52.11,55,30.15,35,9.47,10,-,0,94.81,21.33,92.38,20.78,100,10,^,^,92.91,16.25,79.41,13.89,5.28,9.47,-,-,-,-,-,-,-,-
2,118,Norfolk City ,150,Walter Herron Taylor Elementary,ES,93.41,Meets Expectations,TSI,52.58,55,31.97,35,8.84,10,-,0,95.78,21.55,96.2,21.64,93.86,9.38,^,^,92.41,16.17,90.31,15.8,11.5,8.84,-,-,-,-,-,-,-,-
2,118,Norfolk City ,471,Willard Elementary,ES,86.20,Approaching Expectations,TSI,57.04,65,20.19,25,8.96,10,-,0,88.61,19.93,88.17,19.83,95.23,9.52,77.41,7.74,80.78,10.09,80.78,10.09,10.37,8.96,-,-,-,-,-,-,-,-
2,65,Northampton County ,452,Kiptopeke Elementary,ES,84.36,Meets Expectations,,54.09,65,21.68,25,8.58,10,-,0,89.73,20.19,87.91,19.78,85.71,8.57,55.55,5.55,88.25,11.03,85.25,10.65,14.17,8.58,-,-,-,-,-,-,-,-
2,65,Northampton County ,350,Northampton High,HS,99.02,Distinguished,,43.5,50,-,0,41.77,35,13.75,15,100.24,15.03,99.27,14.89,98.26,9.82,37.5,3.75,-,-,-,-,21.51,3.92,-,-,90.74,4.53,133.25,33.31,91.66,13.75
2,65,Northampton County ,360,Northampton Middle,MS,79.67,Approaching Expectations,ATSI,45.89,60,15.81,20,17.96,20,-,0,87.04,17.4,86.06,17.21,89.24,8.92,23.52,2.35,77.18,7.71,80.96,8.09,15.78,8.42,95.45,9.54,-,-,-,-,-,-
2,65,Northampton County ,451,Occohannock Elementary,ES,82.24,Approaching Expectations,TSI,53.04,65,19.59,25,9.59,10,-,0,82.33,18.52,83.45,18.77,89.2,8.92,68.24,6.82,76.25,9.53,80.53,10.06,4.02,9.59,-,-,-,-,-,-,-,-
3,66,Northumberland County ,331,Northumberland Elementary,ES,89.47,Approaching Expectations,TSI,51.8,55,28.83,35,8.83,10,-,0,92.2,20.74,95.54,21.49,95.6,9.56,^,^,86.11,15.06,78.67,13.76,11.66,8.83,-,-,-,-,-,-,-,-
3,66,Northumberland County ,40,Northumberland High,HS,99.99,Distinguished,,43.63,44.45,-,0,41.87,38.9,14.48,16.67,98.98,16.49,97.22,16.2,98.43,10.93,^,^,-,-,-,-,13.77,4.79,-,-,94.79,5.26,114.54,31.81,86.91,14.48
3,66,Northumberland County ,210,Northumberland Middle,MS,84.24,Approaching Expectations,TSI,44.08,50,21.72,30,18.43,20,-,0,88.2,17.64,86.69,17.33,91.09,9.1,^,^,76.35,11.45,68.45,10.26,13.3,8.66,97.61,9.76,-,-,-,-,-,-
7,119,Norton City ,20,J.I. Burton High ,MS-HS,96.17,Distinguished,,39.32,40,17.73,20,29.98,30,9.13,10,99.21,14.88,98.2,14.73,97.1,9.71,^,^,95.33,9.53,82.01,8.2,26.28,3.68,100,5,92.85,4.64,111.06,16.65,91.3,9.13
7,119,Norton City ,40,Norton Elementary,ES,91.94,Distinguished,,51.54,55,31.01,35,9.37,10,-,0,92.22,20.74,94.91,21.35,94.38,9.43,^,^,85.2,14.91,92.05,16.1,6.21,9.37,-,-,-,-,-,-,-,-
8,67,Nottoway County ,340,Blackstone Primary,ES,84.20,Meets Expectations,,46.04,55,29.43,35,8.72,10,-,0,81.73,22.47,85.71,23.57,^,^,^,^,80.7,14.12,87.5,15.31,12.78,8.72,-,-,-,-,-,-,-,-
8,67,Nottoway County ,330,Crewe Primary,ES,92.24,Distinguished,,52.09,55,31.22,35,8.91,10,-,0,93.85,25.81,95.57,26.28,^,^,^,^,87.5,15.31,90.94,15.91,10.8,8.91,-,-,-,-,-,-,-,-
8,67,Nottoway County ,301,Nottoway High,HS,103.36,Distinguished,,43.77,44.45,-,0,44.24,38.9,15.35,16.67,100.94,16.82,96.93,16.15,97.11,10.79,^,^,-,-,-,-,25.1,4.16,-,-,95.23,5.29,125.24,34.79,92.1,15.35
8,67,Nottoway County ,300,Nottoway Intermediate,ES,77.19,Needs Intensive Support,TSI,45.38,55,23.67,35,8.13,10,-,0,82.4,18.54,81.17,18.26,85.8,8.58,^,^,66.11,11.56,69.17,12.1,18.69,8.13,-,-,-,-,-,-,-,-
8,67,Nottoway County ,302,Nottoway Middle,MS,71.53,Approaching Expectations,CSI,39.52,50,17.49,30,14.51,20,-,0,81.41,16.28,72.21,14.44,87.97,8.79,^,^,69.03,10.35,47.6,7.14,20.95,7.9,66.15,6.61,-,-,-,-,-,-
4,68,Orange County ,360,Gordon-Barbour Elementary,ES,93.93,Distinguished,,52.34,55,32.59,35,8.98,10,-,0,92.67,20.85,96.07,21.61,98.78,9.87,^,^,93.82,16.41,92.44,16.17,10.1,8.98,-,-,-,-,-,-,-,-
4,68,Orange County ,70,Lightfoot Elementary,ES,89.01,Meets Expectations,,57.63,65,21.66,25,9.71,10,-,0,88.42,19.89,94.3,21.21,97.25,9.72,68,6.8,79.81,9.97,93.47,11.68,2.85,9.71,-,-,-,-,-,-,-,-
4,68,Orange County ,50,Locust Grove Elementary,ES,84.09,Approaching Expectations,TSI,55.74,65,19.25,25,9.1,10,-,0,87.98,19.79,86.55,19.47,92.48,9.24,72.22,7.22,77.28,9.66,76.74,9.59,8.99,9.1,-,-,-,-,-,-,-,-
4,68,Orange County ,471,Locust Grove Middle,MS,86.09,Approaching Expectations,TSI,52.36,60,15.5,20,18.22,20,-,0,92.16,18.43,86.93,17.38,94.89,9.48,70.58,7.05,79.82,7.98,75.2,7.52,16.2,8.37,98.41,9.84,-,-,-,-,-,-
4,68,Orange County ,51,Locust Grove Primary,ES,84.06,Approaching Expectations,TSI,55.74,65,19.25,25,9.06,10,-,0,87.98,19.79,86.55,19.47,92.48,9.24,72.22,7.22,77.28,9.66,76.74,9.59,9.34,9.06,-,-,-,-,-,-,-,-
4,68,Orange County ,330,Orange County High ,HS,90.95,Distinguished,,45.33,50,-,0,31.6,35,14.01,15,103.33,15.49,100.57,15.08,97.85,9.78,49.62,4.96,-,-,-,-,27.73,3.61,-,-,94.29,4.71,93.09,23.27,93.46,14.01
4,68,Orange County ,370,Orange Elementary,ES,85.59,Approaching Expectations,TSI,55.71,65,21.11,25,8.76,10,-,0,90,20.25,90.71,20.41,97.04,9.7,53.48,5.34,81.17,10.14,87.73,10.96,12.37,8.76,-,-,-,-,-,-,-,-
4,68,Orange County ,340,Prospect Heights Middle,MS,84.00,Meets Expectations,,50.47,60,15.64,20,17.88,20,-,0,90.56,18.11,89.72,17.94,94.2,9.42,50,5,78.92,7.89,77.52,7.75,15.9,8.4,94.73,9.47,-,-,-,-,-,-
4,68,Orange County ,350,Unionville Elementary,ES,88.41,Meets Expectations,,57.63,65,21.66,25,9.11,10,-,0,88.42,19.89,94.3,21.21,97.25,9.72,68,6.8,79.81,9.97,93.47,11.68,8.86,9.11,-,-,-,-,-,-,-,-
4,69,Page County ,350,Luray Elementary,ES,83.68,Approaching Expectations,TSI,48.3,55,26.98,35,8.39,10,-,0,86.97,19.56,87.39,19.66,90.71,9.07,^,^,81.42,14.24,72.77,12.73,16.01,8.39,-,-,-,-,-,-,-,-
4,69,Page County ,110,Luray High,HS,100.57,Distinguished,,44.5,44.45,-,0,39.93,38.9,16.12,16.67,102.13,17.02,99.79,16.63,97.66,10.85,^,^,-,-,-,-,18.92,4.5,-,-,97.84,5.43,107.98,29.99,96.77,16.12
4,69,Page County ,400,Luray Middle,MS,88.93,Meets Expectations,,46.08,50,24.78,30,18.05,20,-,0,92.33,18.46,92.85,18.57,90.5,9.05,^,^,80.03,12,85.22,12.78,19.46,8.05,100,10,-,-,-,-,-,-
4,69,Page County ,380,Page County High,HS,105.91,Distinguished,,45.02,44.45,-,0,44.93,38.9,15.95,16.67,102.5,17.08,101.54,16.92,99.11,11.01,^,^,-,-,-,-,19.26,4.48,-,-,98.51,5.47,125.91,34.97,95.72,15.95
4,69,Page County ,390,Page County Middle,MS,91.80,Distinguished,,46.31,50,27.09,30,18.39,20,-,0,91.95,18.39,94.1,18.82,91.05,9.1,^,^,89.09,13.36,91.52,13.72,11.04,8.89,95,9.5,-,-,-,-,-,-
4,69,Page County ,310,Shenandoah Elementary,ES,84.23,Approaching Expectations,TSI,48.95,55,26.29,35,8.98,10,-,0,86.24,19.4,89.26,20.08,94.69,9.46,^,^,74.01,12.95,76.21,13.33,10.15,8.98,-,-,-,-,-,-,-,-
4,69,Page County ,50,Springfield Elementary,ES,88.13,Meets Expectations,,50.89,55,28.09,35,9.15,10,-,0,89.89,20.22,91.83,20.66,100,10,^,^,84.21,14.73,76.31,13.35,8.46,9.15,-,-,-,-,-,-,-,-
4,69,Page County ,210,Stanley Elementary,ES,84.92,Meets Expectations,,47.8,55,28.93,35,8.18,10,-,0,84.01,18.9,85.91,19.33,95.67,9.56,^,^,81.25,14.21,84.11,14.72,18.15,8.18,-,-,-,-,-,-,-,-
6,70,Patrick County ,440,Blue Ridge Elementary,ES,91.65,Distinguished,,54.35,55,28.32,35,8.97,10,-,0,97.28,21.88,98.64,22.19,102.67,10.26,^,^,81.18,14.2,80.69,14.12,10.21,8.97,-,-,-,-,-,-,-,-
6,70,Patrick County ,350,Hardin Reynolds Memorial School,ES,86.54,Approaching Expectations,TSI,50.41,55,27.53,35,8.58,10,-,0,94.13,21.17,88.13,19.83,94.09,9.4,^,^,81.14,14.2,76.2,13.33,14.14,8.58,-,-,-,-,-,-,-,-
6,70,Patrick County ,150,Meadows of Dan Elementary ,ES,95.96,Distinguished,,54.71,55,31.38,35,9.86,10,-,0,99.47,27.35,99.47,27.35,^,^,^,^,82.14,14.37,97.22,17.01,1.35,9.86,-,-,-,-,-,-,-,-
6,70,Patrick County ,700,Patrick County High,MS-HS,105.43,Distinguished,,40.45,40,18.15,20,37.56,30,9.25,10,103.28,15.49,100.54,15.08,98.81,9.88,^,^,87.33,8.73,94.25,9.42,13.51,4.32,97.43,4.87,96.72,4.83,156.88,23.53,92.57,9.25
6,70,Patrick County ,680,Patrick Springs Primary,ES,84.86,Approaching Expectations,TSI,48.38,55,27.53,35,8.94,10,-,0,86.16,19.38,87.05,19.58,94.09,9.4,^,^,81.14,14.2,76.2,13.33,10.55,8.94,-,-,-,-,-,-,-,-
6,70,Patrick County ,320,Stuart Elementary,ES,92.65,Meets Expectations,TSI,52.91,55,30.59,35,9.14,10,-,0,95.89,21.57,96.23,21.65,96.87,9.68,^,^,85.17,14.9,89.68,15.69,8.55,9.14,-,-,-,-,-,-,-,-
6,70,Patrick County ,80,Woolwine Elementary,ES,97.79,Distinguished,,56.02,55,32.19,35,9.58,10,-,0,99.46,27.35,104.25,28.67,^,^,^,^,88.43,15.47,95.52,16.71,4.19,9.58,-,-,-,-,-,-,-,-
1,120,Petersburg City ,110,Cool Spring Elementary,ES,69.10,Approaching Expectations,CSI,44.64,65,16.98,25,7.46,10,-,0,70.1,15.77,69.94,15.73,85.52,8.55,45.83,4.58,70.48,8.81,65.41,8.17,25.32,7.46,-,-,-,-,-,-,-,-
1,120,Petersburg City ,170,Lakemont Elementary,ES,69.04,Approaching Expectations,CSI,43.36,65,18.68,25,6.99,10,-,0,70.02,15.75,66.02,14.85,81.91,8.19,45.56,4.55,76.73,9.59,72.77,9.09,30.05,6.99,-,-,-,-,-,-,-,-
1,120,Petersburg City ,200,Petersburg High,HS,84.03,Meets Expectations,,43.32,50,-,0,27.75,35,12.94,15,99.7,14.95,98.35,14.75,94.75,9.47,41.42,4.14,-,-,-,-,38.61,3.06,-,-,88.04,4.4,81.15,20.28,86.3,12.94
1,120,Petersburg City ,180,Pleasants Lane Elementary,ES,65.65,Approaching Expectations,CSI,43.83,65,15.41,25,6.39,10,-,0,70.52,15.86,68.82,15.48,81.96,8.19,42.85,4.28,66.66,8.33,56.69,7.08,36.05,6.39,-,-,-,-,-,-,-,-
1,120,Petersburg City ,121,Vernon Johns Middle,MS,67.26,Approaching Expectations,CSI,39.27,60,12.4,20,15.57,20,-,0,72.49,14.49,67.79,13.55,84.64,8.46,27.53,2.75,64.15,6.41,59.93,5.99,33.98,6.6,89.74,8.97,-,-,-,-,-,-
1,120,Petersburg City ,130,Walnut Hill Elementary,ES,75.71,Needs Intensive Support,TSI,49.7,65,18.5,25,7.5,10,-,0,79.26,17.83,78,17.55,87.64,8.76,55.55,5.55,76.59,9.57,71.4,8.92,24.9,7.5,-,-,-,-,-,-,-,-
6,71,Pittsylvania County ,1853,Brosville Elementary ,ES,89.43,Meets Expectations,,51.05,55,28.89,35,9.47,10,-,0,90.74,20.41,92.82,20.88,97.5,9.75,^,^,85.21,14.91,79.92,13.98,5.21,9.47,-,-,-,-,-,-,-,-
6,71,Pittsylvania County ,640,Chatham Elementary,ES,90.15,Distinguished,,51.47,55,29.53,35,9.14,10,-,0,91.41,20.56,92.25,20.75,101.47,10.14,^,^,79.5,13.91,89.28,15.62,8.57,9.14,-,-,-,-,-,-,-,-
6,71,Pittsylvania County ,1720,Chatham High,HS,104.72,Distinguished,,45.43,44.45,-,0,44.26,38.9,15.02,16.67,105.74,17.62,101,16.83,98.8,10.97,^,^,-,-,-,-,16.37,4.64,-,-,93.83,5.21,123.85,34.4,90.12,15.02
6,71,Pittsylvania County ,1660,Chatham Middle,MS,95.05,Distinguished,,48.83,50,26.48,30,19.72,20,-,0,96,19.2,97.86,19.57,100.62,10.06,^,^,85.65,12.84,90.91,13.63,2.7,9.72,100,10,-,-,-,-,-,-
6,71,Pittsylvania County ,1680,Dan River High,HS,105.15,Distinguished,,44.47,44.45,-,0,45.19,38.9,15.48,16.67,103.1,17.18,98.9,16.48,97.26,10.8,^,^,-,-,-,-,22.77,4.29,-,-,91.13,5.06,129.04,35.84,92.9,15.48
6,71,Pittsylvania County ,1090,Dan River Middle,MS,91.35,Distinguished,,47.38,50,25.39,30,18.56,20,-,0,95.32,19.06,94.28,18.85,94.67,9.46,^,^,84.09,12.61,85.22,12.78,4.45,9.55,90.09,9,-,-,-,-,-,-
6,71,Pittsylvania County ,280,Gretna Elementary,ES,88.24,Meets Expectations,,50.93,55,28.29,35,9.01,10,-,0,91.37,20.56,92.69,20.85,95.16,9.51,^,^,78.75,13.78,82.91,14.51,9.8,9.01,-,-,-,-,-,-,-,-
6,71,Pittsylvania County ,1700,Gretna High,HS,97.47,Distinguished,,44.04,44.45,-,0,38.42,38.9,15,16.67,101.81,16.96,100.9,16.81,92.36,10.26,^,^,-,-,-,-,19.38,4.47,-,-,91.72,5.09,103.86,28.85,90,15
6,71,Pittsylvania County ,290,Gretna Middle,MS,91.33,Distinguished,,47.54,50,25.34,30,18.44,20,-,0,96.38,19.27,94.85,18.97,92.97,9.29,^,^,88.32,13.24,80.62,12.09,12.73,8.72,97.22,9.72,-,-,-,-,-,-
6,71,Pittsylvania County ,30,John L. Hurt Elementary,ES,96.75,Distinguished,,54.99,55,32.35,35,9.41,10,-,0,99.78,22.45,98.31,22.12,104.16,10.41,^,^,90.74,15.87,94.13,16.47,5.88,9.41,-,-,-,-,-,-,-,-
6,71,Pittsylvania County ,1690,Kentuck Elementary,ES,93.17,Distinguished,,54.46,55,29.66,35,9.04,10,-,0,96.86,21.79,100,22.5,101.72,10.17,^,^,83.86,14.67,85.63,14.98,9.59,9.04,-,-,-,-,-,-,-,-
6,71,Pittsylvania County ,1750,Mount Airy Elementary,ES,96.08,Distinguished,,55.26,55,31.82,35,8.99,10,-,0,97.98,22.04,100.8,22.68,105.35,10.53,^,^,90.62,15.85,91.25,15.96,10.07,8.99,-,-,-,-,-,-,-,-
6,71,Pittsylvania County ,1460,Southside Elementary,ES,100.10,Distinguished,,55.11,55,35.5,35,9.49,10,-,0,100.26,22.56,99.59,22.4,101.4,10.14,^,^,101.03,17.68,101.85,17.82,5.08,9.49,-,-,-,-,-,-,-,-
6,71,Pittsylvania County ,1710,Stony Mill Elementary,ES,85.55,Meets Expectations,,56.42,65,19.71,25,9.41,10,-,0,91.92,20.68,93.58,21.05,96.87,9.68,50,5,78.49,9.81,79.19,9.89,5.81,9.41,-,-,-,-,-,-,-,-
6,71,Pittsylvania County ,1730,Tunstall High,HS,111.59,Distinguished,,46.13,44.45,-,0,50.01,38.9,15.44,16.67,107.82,17.97,102.23,17.03,100.14,11.12,^,^,-,-,-,-,17.53,4.58,-,-,95.06,5.28,144.55,40.15,92.67,15.44
6,71,Pittsylvania County ,1130,Tunstall Middle,MS,89.48,Meets Expectations,,53.02,60,17.74,20,18.71,20,-,0,97.27,19.45,94.69,18.93,96.35,9.63,50,5,89.77,8.97,87.68,8.76,9.76,9.02,96.89,9.68,-,-,-,-,-,-
6,71,Pittsylvania County ,1851,Twin Springs Elementary,ES,91.04,Distinguished,,59.18,65,22.45,25,9.4,10,-,0,96.78,21.77,97.56,21.95,98.59,9.85,56,5.6,89.47,11.18,90.13,11.26,5.9,9.4,-,-,-,-,-,-,-,-
6,71,Pittsylvania County ,1740,Union Hall Elementary,ES,96.86,Distinguished,,54.96,55,32.22,35,9.66,10,-,0,97.01,21.82,100.79,22.67,104.62,10.46,^,^,87.98,15.39,96.15,16.82,3.31,9.66,-,-,-,-,-,-,-,-
2,142,Poquoson City ,150,Poquoson Elementary,ES,91.38,Distinguished,,51.27,55,30.87,35,9.24,10,-,0,93.03,20.93,93,20.92,94.18,9.41,^,^,88.75,15.53,87.65,15.33,7.59,9.24,-,-,-,-,-,-,-,-
2,142,Poquoson City ,10,Poquoson High,HS,103.89,Distinguished,,45.88,44.45,-,0,42.7,38.9,15.3,16.67,106.71,17.78,101.42,16.9,100.77,11.19,^,^,-,-,-,-,11.74,4.9,-,-,92.16,5.12,117.65,32.68,91.81,15.3
2,142,Poquoson City ,130,Poquoson Middle,MS,95.75,Distinguished,,49.24,50,26.98,30,19.53,20,-,0,98.59,19.71,97.34,19.46,100.55,10.05,^,^,87.38,13.1,92.49,13.87,3.72,9.62,99.04,9.9,-,-,-,-,-,-
2,142,Poquoson City ,160,Poquoson Primary,ES,90.96,Distinguished,,51.27,55,30.87,35,8.81,10,-,0,93.03,20.93,93,20.92,94.18,9.41,^,^,88.75,15.53,87.65,15.33,11.83,8.81,-,-,-,-,-,-,-,-
2,121,Portsmouth City ,1766,Brighton Elementary ,ES,85.87,Meets Expectations,,46.98,55,29.66,35,9.22,10,-,0,81.37,18.3,86.58,19.48,91.96,9.19,^,^,79.82,13.97,89.68,15.69,7.76,9.22,-,-,-,-,-,-,-,-
2,121,Portsmouth City ,321,Churchland Academy Elementary,ES,85.27,Approaching Expectations,TSI,48.05,55,27.92,35,9.29,10,-,0,84.93,19.1,86.14,19.38,95.65,9.56,^,^,77.63,13.58,81.93,14.33,7.09,9.29,-,-,-,-,-,-,-,-
2,121,Portsmouth City ,650,Churchland Elementary,ES,83.49,Approaching Expectations,TSI,52.3,65,21.71,25,9.47,10,-,0,89.12,20.05,91.6,20.61,94.21,9.42,22.22,2.22,85.05,10.63,88.67,11.08,5.28,9.47,-,-,-,-,-,-,-,-
2,121,Portsmouth City ,500,Churchland High,HS,97.93,Meets Expectations,TSI,45.06,44.45,-,0,38.1,38.9,14.76,16.67,105.19,17.53,98.17,16.36,100.51,11.16,^,^,-,-,-,-,10.21,4.98,-,-,89.15,4.95,101.39,28.16,88.6,14.76
2,121,Portsmouth City ,320,Churchland Middle,MS,82.75,Approaching Expectations,TSI,42.27,50,22.13,30,18.35,20,-,0,86.45,17.29,80.73,16.14,88.33,8.83,^,^,75.99,11.39,71.55,10.73,10.28,8.97,93.79,9.37,-,-,-,-,-,-
2,121,Portsmouth City ,160,Churchland Primary & Intermediate,ES,87.66,Approaching Expectations,TSI,50.29,55,27.78,35,9.58,10,-,0,91.42,20.57,91.36,20.55,91.66,9.16,^,^,86.26,15.09,72.52,12.69,4.19,9.58,-,-,-,-,-,-,-,-
2,121,Portsmouth City ,1400,Cradock Elementary,ES,76.46,Approaching Expectations,CSI,49.32,65,18.82,25,8.31,10,-,0,78.23,17.6,78.04,17.56,86.8,8.68,54.83,5.48,79.38,9.92,71.19,8.89,16.86,8.31,-,-,-,-,-,-,-,-
2,121,Portsmouth City ,1130,Cradock Middle,MS,74.96,Approaching Expectations,CSI,43.85,60,14.51,20,16.59,20,-,0,78.74,15.74,80.18,16.03,83.21,8.32,37.5,3.75,65.72,6.57,79.42,7.94,28.81,7.11,94.73,9.47,-,-,-,-,-,-
2,121,Portsmouth City ,190,Douglass Park Elementary,ES,74.62,Approaching Expectations,CSI,47.92,65,18.26,25,8.43,10,-,0,77.47,17.43,75.99,17.09,87.5,8.75,46.42,4.64,76,9.5,70.08,8.76,15.62,8.43,-,-,-,-,-,-,-,-
2,121,Portsmouth City ,1630,Hodges Manor Elementary,ES,82.72,Meets Expectations,,51.49,65,22.5,25,8.73,10,-,0,85.35,19.2,86.33,19.42,91.79,9.17,36.84,3.68,88.81,11.1,91.2,11.4,12.69,8.73,-,-,-,-,-,-,-,-
2,121,Portsmouth City ,240,I.C. Norcom High,HS,92.85,Distinguished,,44.29,44.45,-,0,34.54,38.9,14.01,16.67,101.5,16.91,97.5,16.25,100.11,11.12,^,^,-,-,-,-,25,4.16,-,-,83.14,4.61,92.72,25.75,84.1,14.01
2,121,Portsmouth City ,1650,Lakeview Elementary,ES,80.89,Approaching Expectations,TSI,45.14,55,26.89,35,8.84,10,-,0,80.08,18.01,80.79,18.17,89.51,8.95,^,^,74.16,12.97,79.54,13.92,11.52,8.84,-,-,-,-,-,-,-,-
2,121,Portsmouth City ,1660,Manor High,HS,87.85,Meets Expectations,,44.58,50,-,0,30.91,35,12.35,15,102.07,15.31,99.53,14.93,98.57,9.85,44.82,4.48,-,-,-,-,27.38,3.63,-,-,83.12,4.15,92.52,23.13,82.33,12.35
2,121,Portsmouth City ,60,Park View Elementary,ES,84.50,Meets Expectations,,47.68,55,28.16,35,8.65,10,-,0,83.6,18.81,86.18,19.39,94.82,9.48,^,^,77.58,13.57,83.37,14.59,13.47,8.65,-,-,-,-,-,-,-,-
2,121,Portsmouth City ,290,Simonsdale Elementary,ES,82.94,Approaching Expectations,TSI,46.99,55,27.39,35,8.55,10,-,0,83.67,18.82,82.93,18.66,95.07,9.5,^,^,75.75,13.25,80.77,14.13,14.44,8.55,-,-,-,-,-,-,-,-
2,121,Portsmouth City ,1769,Victory Elementary,ES,83.43,Meets Expectations,,54.07,65,20.44,25,8.9,10,-,0,85.4,19.21,88.7,19.95,91.11,9.11,57.89,5.78,76.01,9.5,87.55,10.94,10.9,8.9,-,-,-,-,-,-,-,-
2,121,Portsmouth City ,230,Waterview Elementary,ES,76.47,Needs Intensive Support,TSI,48.94,65,20.18,25,7.34,10,-,0,73.97,16.64,79.43,17.87,89.28,8.92,55,5.5,75.39,9.42,86.09,10.76,26.58,7.34,-,-,-,-,-,-,-,-
2,121,Portsmouth City ,210,Westhaven Elementary,ES,85.58,Meets Expectations,,47.64,55,29.94,35,8,10,-,0,84.43,18.99,87.32,19.64,90,9,^,^,83.85,14.67,87.23,15.26,20,8,-,-,-,-,-,-,-,-
2,121,Portsmouth City ,310,William E. Waters Middle,MS,78.26,Needs Intensive Support,TSI,40.52,50,21.55,30,16.18,20,-,0,82.74,16.54,79.3,15.86,81.12,8.11,^,^,70.94,10.64,72.77,10.91,29.16,7.08,91,9.1,-,-,-,-,-,-
1,72,Powhatan County ,21,Flat Rock Elementary,ES,96.24,Distinguished,,54.35,55,32.23,35,9.65,10,-,0,97.75,21.99,99.74,22.44,99.23,9.92,^,^,87.08,15.24,97.13,16.99,3.47,9.65,-,-,-,-,-,-,-,-
1,72,Powhatan County ,231,Pocahontas Elementary,ES,93.65,Distinguished,,53.45,55,30.96,35,9.23,10,-,0,95.05,21.38,97.05,21.83,102.27,10.22,^,^,90.77,15.88,86.16,15.07,7.65,9.23,-,-,-,-,-,-,-,-
1,72,Powhatan County ,13,Powhatan Elementary,ES,96.15,Distinguished,,53.92,55,32.58,35,9.65,10,-,0,94.78,21.32,98.93,22.26,103.38,10.33,^,^,90.34,15.8,95.83,16.77,3.47,9.65,-,-,-,-,-,-,-,-
1,72,Powhatan County ,11,Powhatan High,HS,102.10,Distinguished,,44.85,44.45,-,0,41.32,38.9,15.93,16.67,105.01,17.5,99.09,16.51,97.5,10.83,^,^,-,-,-,-,11.09,4.93,-,-,92.37,5.13,112.5,31.25,95.61,15.93
1,72,Powhatan County ,130,Powhatan Middle,MS,92.31,Distinguished,,47.7,50,25.55,30,19.06,20,-,0,95.5,19.1,94.7,18.94,96.59,9.65,^,^,86.07,12.91,84.29,12.64,9.38,9.06,100,10,-,-,-,-,-,-
8,73,Prince Edward County ,400,Prince Edward County High,HS,86.69,Meets Expectations,,42.85,44.45,-,0,29.65,38.9,14.18,16.67,99.8,16.63,94.04,15.67,94.95,10.55,^,^,-,-,-,-,26.29,4.09,-,-,82.85,4.6,75.45,20.95,85.1,14.18
8,73,Prince Edward County ,10,Prince Edward Elementary,ES,85.62,Approaching Expectations,TSI,48.58,55,28.85,35,8.18,10,-,0,87.64,24.1,89.02,24.48,^,^,^,^,87.5,15.31,77.4,13.54,18.16,8.18,-,-,-,-,-,-,-,-
8,73,Prince Edward County ,20,Prince Edward Middle,MS,82.62,Approaching Expectations,TSI,49.76,60,14.87,20,17.98,20,-,0,85.74,17.14,81.73,16.34,90.45,9.04,72.22,7.22,80,8,68.72,6.87,20.1,7.98,100,10,-,-,-,-,-,-
1,74,Prince George County ,340,David A. Harrison Elementary,ES,89.91,Meets Expectations,TSI,59.58,65,21.47,25,8.85,10,-,0,90.57,20.37,93.38,21.01,98.11,9.81,83.87,8.38,84.69,10.58,87.12,10.89,11.49,8.85,-,-,-,-,-,-,-,-
1,74,Prince George County ,320,J.E.J. Moore Middle ,MS,87.30,Meets Expectations,,53.3,60,15.72,20,18.27,20,-,0,92.34,18.46,88.81,17.76,92.43,9.24,78.26,7.82,81.15,8.11,76.09,7.6,16.39,8.36,99.15,9.91,-,-,-,-,-,-
1,74,Prince George County ,310,L.L. Beazley Elementary,ES,93.01,Meets Expectations,TSI,53.18,55,31.11,35,8.7,10,-,0,94.7,21.3,98.13,22.08,97.91,9.79,^,^,84.77,14.83,93.05,16.28,12.9,8.7,-,-,-,-,-,-,-,-
1,74,Prince George County ,280,Middle Road Elementary,ES,89.77,Meets Expectations,TSI,59.58,65,21.14,25,9.03,10,-,0,90.16,20.28,91.07,20.49,100.6,10.06,87.5,8.75,87.32,10.91,81.86,10.23,9.64,9.03,-,-,-,-,-,-,-,-
1,74,Prince George County ,290,North Elementary,ES,90.35,Distinguished,,50.8,55,30.83,35,8.7,10,-,0,92.41,20.79,91.41,20.56,94.47,9.44,^,^,92.17,16.13,84.03,14.7,12.91,8.7,-,-,-,-,-,-,-,-
1,74,Prince George County ,20,Prince George High,HS,95.16,Distinguished,,48.94,50,-,0,32.53,35,13.68,15,101.71,15.25,99.68,14.95,95.67,9.56,91.66,9.16,-,-,-,-,23.94,3.8,-,-,90.81,4.54,96.78,24.19,91.21,13.68
1,74,Prince George County ,300,South Elementary,ES,94.44,Distinguished,,54.24,55,31.35,35,8.84,10,-,0,97.56,21.95,98.41,22.14,101.49,10.14,^,^,91.26,15.97,87.89,15.38,11.51,8.84,-,-,-,-,-,-,-,-
4,75,Prince William County ,330,A. Henderson Elementary,ES,92.39,Distinguished,,60.71,65,22.22,25,9.46,10,-,0,98.56,22.17,96.15,21.63,101,10.1,68.01,6.8,94,11.75,83.76,10.47,5.37,9.46,-,-,-,-,-,-,-,-
4,75,Prince William County ,760,Antietam Elementary,ES,92.31,Distinguished,,60.55,65,22.61,25,9.14,10,-,0,96.93,21.8,98.21,22.09,101,10.1,65.5,6.55,90.45,11.3,90.48,11.31,8.58,9.14,-,-,-,-,-,-,-,-
4,75,Prince William County ,200,Ashland Elementary,ES,95.29,Distinguished,,63.5,65,22.38,25,9.4,10,-,0,101.12,22.75,101.43,22.82,102.48,10.24,76.85,7.68,93.03,11.62,86.01,10.75,5.96,9.4,-,-,-,-,-,-,-,-
4,75,Prince William County ,290,Battlefield High ,HS,94.38,Distinguished,,47.12,50,-,0,32.58,35,14.67,15,108.61,16.29,101.05,15.15,100.51,10.05,56.25,5.62,-,-,-,-,9.1,4.54,-,-,98.28,4.91,92.48,23.12,97.85,14.67
4,75,Prince William County ,670,Bel Air Elementary,ES,85.27,Meets Expectations,,55.06,65,21.29,25,8.92,10,-,0,90,20.25,88.33,19.87,90.17,9.01,59.19,5.91,88.44,11.05,81.91,10.23,10.76,8.92,-,-,-,-,-,-,-,-
4,75,Prince William County ,600,Belmont Elementary,ES,89.91,Distinguished,,58.25,65,22.79,25,8.86,10,-,0,91.43,20.57,95.4,21.46,95.23,9.52,66.96,6.69,87.08,10.88,95.29,11.91,11.38,8.86,-,-,-,-,-,-,-,-
4,75,Prince William County ,840,Bennett Elementary,ES,91.99,Distinguished,,59.27,65,23.37,25,9.34,10,-,0,96.24,21.65,97.39,21.91,98.91,9.89,58.17,5.81,93.49,11.68,93.47,11.68,6.56,9.34,-,-,-,-,-,-,-,-
4,75,Prince William County ,530,Brentsville District High,HS,91.44,Distinguished,,45.05,50,-,0,31.85,35,14.54,15,103.02,15.45,97.71,14.65,96.75,9.67,52.63,5.26,-,-,-,-,14.49,4.27,-,-,97.76,4.88,90.74,22.68,96.96,14.54
4,75,Prince William County ,860,Bristow Run Elementary,ES,95.40,Distinguished,,62.26,65,23.64,25,9.49,10,-,0,98.27,22.11,102.33,23.02,105.84,10.58,65.41,6.54,89.03,11.12,100.12,12.51,5,9.49,-,-,-,-,-,-,-,-
4,75,Prince William County ,950,Buckland Mills Elementary,ES,95.58,Distinguished,,63.12,65,23.07,25,9.38,10,-,0,99.61,22.41,101.64,22.87,107.04,10.7,71.34,7.13,90.26,11.28,94.36,11.79,6.18,9.38,-,-,-,-,-,-,-,-
4,75,Prince William County ,920,Bull Run Middle,MS,89.34,Meets Expectations,,53,60,17.4,20,18.93,20,-,0,94.89,18.97,95.9,19.18,97.74,9.77,50.67,5.06,86.4,8.64,87.67,8.76,9.29,9.07,98.59,9.85,-,-,-,-,-,-
4,75,Prince William County ,620,C.A. Sinclair Elementary,ES,86.88,Meets Expectations,,56.08,65,21.5,25,9.29,10,-,0,88.81,19.98,92.73,20.86,96.35,9.63,56.01,5.6,85.27,10.65,86.78,10.84,7.08,9.29,-,-,-,-,-,-,-,-
4,75,Prince William County ,710,C.D. Hylton High,HS,88.54,Meets Expectations,,45.02,50,-,0,29.19,35,14.32,15,103.98,15.59,99.7,14.95,97.93,9.79,46.78,4.67,-,-,-,-,23.77,3.81,-,-,95.34,4.76,82.47,20.61,95.5,14.32
4,75,Prince William County ,900,Cedar Point Elementary,ES,95.21,Distinguished,,62.57,65,23.06,25,9.57,10,-,0,98.88,22.25,101.93,22.93,104.2,10.42,69.71,6.97,91.75,11.46,92.74,11.59,4.25,9.57,-,-,-,-,-,-,-,-
4,75,Prince William County ,5010,Charles J. Colgan Sr. High,HS,93.79,Distinguished,,48.09,50,-,0,31.11,35,14.58,15,108.65,16.29,100.46,15.06,100.63,10.06,66.6,6.66,-,-,-,-,14.45,4.27,-,-,98.07,4.9,87.75,21.93,97.24,14.58
4,75,Prince William County ,970,Chris Yung Elementary,ES,87.67,Approaching Expectations,TSI,57.28,65,21.11,25,9.27,10,-,0,91.59,20.6,92.22,20.75,95.87,9.58,63.4,6.34,87.5,10.93,81.41,10.17,7.24,9.27,-,-,-,-,-,-,-,-
4,75,Prince William County ,660,Coles Elementary,ES,94.45,Distinguished,,61.94,65,23.04,25,9.46,10,-,0,95.6,21.51,98.53,22.17,100.36,10.03,82.27,8.22,90.87,11.35,93.5,11.68,5.39,9.46,-,-,-,-,-,-,-,-
4,75,Prince William County ,309,Covington-Harper Elementary,ES,90.60,Distinguished,,59.56,65,21.64,25,9.38,10,-,0,95.22,21.42,95.65,21.52,93.93,9.39,72.22,7.22,89.81,11.22,83.38,10.42,6.12,9.38,-,-,-,-,-,-,-,-
4,75,Prince William County ,610,Dale City Elementary,ES,91.73,Distinguished,,59.76,65,22.56,25,9.4,10,-,0,97.39,21.91,99.4,22.36,93.84,9.38,61,6.1,87.96,10.99,92.57,11.57,5.98,9.4,-,-,-,-,-,-,-,-
4,75,Prince William County ,280,Dumfries Elementary,ES,82.12,Approaching Expectations,TSI,54.38,65,18.74,25,8.98,10,-,0,83.89,18.87,87.65,19.72,90,9,67.85,6.78,76.6,9.57,73.36,9.17,10.11,8.98,-,-,-,-,-,-,-,-
4,75,Prince William County ,490,E.H. Marsteller Middle,MS,94.22,Distinguished,,57.44,60,17.61,20,19.17,20,-,0,100.61,20.12,97.63,19.52,99.69,9.96,78.24,7.82,90.59,9.05,85.5,8.55,7.09,9.29,98.82,9.88,-,-,-,-,-,-
4,75,Prince William County ,580,Elizabeth Vaughan Elementary,ES,85.05,Approaching Expectations,TSI,53.68,65,22.72,25,8.64,10,-,0,81.11,18.25,89.29,20.09,93.2,9.32,60.18,6.01,86.2,10.77,95.62,11.95,13.53,8.64,-,-,-,-,-,-,-,-
4,75,Prince William County ,120,Enterprise Elementary,ES,86.90,Approaching Expectations,TSI,56.81,65,21.14,25,8.94,10,-,0,86.62,19.49,88.6,19.93,94.23,9.42,79.61,7.96,84.05,10.5,85.1,10.63,10.56,8.94,-,-,-,-,-,-,-,-
4,75,Prince William County ,370,Fannie W. Fitzgerald Elementary,ES,88.62,Approaching Expectations,TSI,58.15,65,21.6,25,8.86,10,-,0,92.25,20.75,93.93,21.13,96.78,9.67,65.84,6.58,85.93,10.74,86.87,10.85,11.34,8.86,-,-,-,-,-,-,-,-
4,75,Prince William County ,450,Featherstone Elementary,ES,90.38,Meets Expectations,TSI,58.2,65,22.66,25,9.51,10,-,0,92.7,20.85,95.81,21.55,91.88,9.18,65.96,6.59,89.93,11.24,91.38,11.42,4.8,9.51,-,-,-,-,-,-,-,-
4,75,Prince William County ,870,Forest Park High,HS,92.00,Meets Expectations,TSI,46.93,50,-,0,31.08,35,13.98,15,105.55,15.83,100.8,15.12,98.41,9.84,61.36,6.13,-,-,-,-,15.04,4.24,-,-,97.52,4.87,87.84,21.96,93.25,13.98
4,75,Prince William County ,520,Fred M. Lynn Middle,MS,81.30,Approaching Expectations,TSI,48.13,60,14.63,20,18.53,20,-,0,85.58,17.11,79.49,15.89,89.22,8.92,61.92,6.19,78.5,7.85,67.83,6.78,13.69,8.63,99.05,9.9,-,-,-,-,-,-
4,75,Prince William County ,300,Freedom High ,HS,75.53,Needs Intensive Support,TSI,43.15,50,-,0,19.68,35,12.68,15,98.11,14.71,98.81,14.82,94.28,9.42,41.89,4.18,-,-,-,-,34.66,3.26,-,-,91.78,4.58,47.33,11.83,84.59,12.68
4,75,Prince William County ,5130,Gainesville High,HS,94.59,Distinguished,,45.56,50,-,0,34.27,35,14.74,15,105.47,15.82,100.87,15.13,99.26,9.92,46.89,4.68,-,-,-,-,14.37,4.28,-,-,99.36,4.96,100.12,25.03,98.3,14.74
4,75,Prince William County ,960,Gainesville Middle,MS,93.80,Distinguished,,56.28,60,18.04,20,19.47,20,-,0,99.4,19.88,100.72,20.14,101.58,10.15,60.97,6.09,90.34,9.03,90.07,9,5.23,9.47,100,10,-,-,-,-,-,-
4,75,Prince William County ,690,Gar-Field High,HS,79.57,Meets Expectations,,43.15,50,-,0,23.38,35,13.04,15,100.51,15.07,98.51,14.77,94.73,9.47,38.26,3.82,-,-,-,-,26.66,3.66,-,-,91.19,4.55,60.61,15.15,86.94,13.04
4,75,Prince William County ,630,George G. Tyler Elementary,ES,91.77,Meets Expectations,TSI,60.97,65,21.09,25,9.7,10,-,0,95.62,21.51,94.95,21.36,101.76,10.17,79.16,7.91,85.4,10.67,83.39,10.42,2.94,9.7,-,-,-,-,-,-,-,-
4,75,Prince William County ,640,George M. Hampton Middle,MS,81.59,Approaching Expectations,TSI,48.09,60,14.77,20,18.73,20,-,0,87.73,17.54,82,16.4,90.16,9.01,51.26,5.12,78.86,7.88,68.84,6.88,10.38,8.96,97.7,9.77,-,-,-,-,-,-
4,75,Prince William County ,770,George P. Mullen Elementary,ES,83.50,Approaching Expectations,TSI,53.83,65,20.75,25,8.91,10,-,0,84.81,19.08,87.99,19.79,95.56,9.55,53.92,5.39,83.54,10.44,82.51,10.31,10.88,8.91,-,-,-,-,-,-,-,-
4,75,Prince William County ,340,Glenkirk Elementary,ES,97.38,Distinguished,,64.13,65,23.62,25,9.62,10,-,0,102.28,23.01,106.15,23.88,109.02,10.9,63.33,6.33,91.97,11.49,97.04,12.13,3.77,9.62,-,-,-,-,-,-,-,-
4,75,Prince William County ,510,Graham Park Middle,MS,83.32,Approaching Expectations,TSI,49.45,60,15.46,20,18.4,20,-,0,87.35,17.47,84.55,16.91,92.85,9.28,57.87,5.78,81,8.1,73.66,7.36,12.71,8.72,96.73,9.67,-,-,-,-,-,-
4,75,Prince William County ,250,Haymarket Elementary,ES,96.36,Distinguished,,63.62,65,23.35,25,9.39,10,-,0,100.98,22.72,102.69,23.1,100.67,10.06,77.24,7.72,91.93,11.49,94.93,11.86,6.09,9.39,-,-,-,-,-,-,-,-
4,75,Prince William County ,380,Herbert J. Saunders Middle,MS,89.76,Distinguished,,53.71,60,17.1,20,18.95,20,-,0,97.12,19.42,95.29,19.05,97.23,9.72,55.04,5.5,86.14,8.61,84.87,8.48,9.5,9.04,99,9.9,-,-,-,-,-,-
4,75,Prince William County ,317,Innovation Elementary,ES,90.01,Meets Expectations,TSI,56.99,65,23.89,25,9.12,10,-,0,89.16,20.06,91.72,20.63,91.55,9.15,71.35,7.13,93.37,11.67,97.79,12.22,8.78,9.12,-,-,-,-,-,-,-,-
4,75,Prince William County ,220,J.W. Alvey Elementary,ES,96.79,Distinguished,,63.77,65,23.45,25,9.56,10,-,0,100.46,22.6,105.78,23.8,107.47,10.74,66.17,6.61,91.4,11.42,96.25,12.03,4.3,9.56,-,-,-,-,-,-,-,-
4,75,Prince William County ,319,John D. Jenkins Elementary,ES,85.74,Meets Expectations,,55.97,65,21.08,25,8.68,10,-,0,87.82,19.75,90.67,20.4,94.21,9.42,63.92,6.39,82.22,10.27,86.44,10.8,13.15,8.68,-,-,-,-,-,-,-,-
4,75,Prince William County ,130,John F. Pattie Sr. Elementary,ES,94.03,Distinguished,,62.06,65,22.56,25,9.4,10,-,0,100.4,22.59,101.68,22.87,104.37,10.43,61.61,6.16,91.9,11.48,88.58,11.07,5.94,9.4,-,-,-,-,-,-,-,-
4,75,Prince William County ,70,Kerrydale Elementary,ES,90.69,Distinguished,,59.47,65,21.76,25,9.45,10,-,0,94.78,21.32,98.39,22.13,97.5,9.75,62.64,6.26,87.19,10.89,86.9,10.86,5.47,9.45,-,-,-,-,-,-,-,-
4,75,Prince William County ,306,Kyle R. Wilson Elementary,ES,89.41,Meets Expectations,,58.81,65,21.52,25,9.06,10,-,0,92.33,20.77,91.93,20.68,99.81,9.98,73.75,7.37,88.33,11.04,83.89,10.48,9.32,9.06,-,-,-,-,-,-,-,-
4,75,Prince William County ,180,Lake Ridge Elementary,ES,90.92,Meets Expectations,TSI,59.04,65,22.48,25,9.38,10,-,0,94.18,21.19,94.78,21.32,99.76,9.97,65.53,6.55,88.66,11.08,91.21,11.4,6.1,9.38,-,-,-,-,-,-,-,-
4,75,Prince William County ,720,Lake Ridge Middle,MS,88.86,Meets Expectations,,53.83,60,16.37,20,18.65,20,-,0,96.76,19.35,91.21,18.24,96.88,9.68,65.53,6.55,87.2,8.72,76.55,7.65,8.85,9.11,95.37,9.53,-,-,-,-,-,-
4,75,Prince William County ,830,Leesylvania Elementary,ES,87.40,Meets Expectations,,57.56,65,20.94,25,8.89,10,-,0,91.55,20.6,90.67,20.4,94.16,9.41,71.49,7.14,87.98,10.99,79.55,9.94,11.05,8.89,-,-,-,-,-,-,-,-
4,75,Prince William County ,460,Loch Lomond Elementary,ES,83.99,Approaching Expectations,TSI,54.16,65,20.6,25,9.23,10,-,0,84.69,19.05,88.48,19.9,87.5,8.75,64.46,6.44,79.84,9.98,84.96,10.62,7.65,9.23,-,-,-,-,-,-,-,-
4,75,Prince William County ,880,Louise A. Benton Middle,MS,90.11,Distinguished,,54.34,60,16.87,20,18.9,20,-,0,98.54,19.7,95.57,19.11,98.31,9.83,56.85,5.68,87.11,8.71,81.59,8.15,8.11,9.18,97.17,9.71,-,-,-,-,-,-
4,75,Prince William County ,160,Martin Luther King Jr. Elementary,ES,92.51,Distinguished,,60.37,65,22.87,25,9.26,10,-,0,93.83,21.11,95.66,21.52,98.28,9.82,79.09,7.9,92.5,11.56,90.49,11.31,7.35,9.26,-,-,-,-,-,-,-,-
4,75,Prince William County ,570,Marumsco Hills Elementary,ES,81.38,Approaching Expectations,TSI,53.07,65,19.41,25,8.89,10,-,0,82.86,18.64,84.26,18.95,89.38,8.93,65.35,6.53,80.81,10.1,74.53,9.31,11.08,8.89,-,-,-,-,-,-,-,-
4,75,Prince William County ,231,Mary G. Porter Traditional,ES-MS,100.10,Distinguished,,60.81,60,24.33,25,14.95,15,-,0,105.14,21.02,106.42,21.28,106.65,10.66,78.37,7.83,97.03,12.12,97.63,12.2,0.44,9.95,100,5,-,-,-,-,-,-
4,75,Prince William County ,240,Mary Williams Elementary ,ES,88.83,Meets Expectations,,58.49,65,21.48,25,8.85,10,-,0,92.03,20.7,93.8,21.1,97.56,9.75,69.23,6.92,85.28,10.66,86.55,10.81,11.4,8.85,-,-,-,-,-,-,-,-
4,75,Prince William County ,30,Minnieville Elementary,ES,93.27,Distinguished,,60.47,65,23.93,25,8.86,10,-,0,94.65,21.29,97.26,21.88,106.18,10.61,66.76,6.67,94.35,11.79,97.1,12.13,11.35,8.86,-,-,-,-,-,-,-,-
4,75,Prince William County ,800,Montclair Elementary,ES,89.38,Meets Expectations,,58.96,65,21.09,25,9.32,10,-,0,94.11,21.17,95.35,21.45,96.52,9.65,66.81,6.68,86.96,10.87,81.81,10.22,6.77,9.32,-,-,-,-,-,-,-,-
4,75,Prince William County ,810,Mountain View Elementary,ES,93.55,Distinguished,,61.63,65,22.46,25,9.45,10,-,0,98.26,22.11,101.72,22.88,99.65,9.96,66.66,6.66,90.03,11.25,89.7,11.21,5.47,9.45,-,-,-,-,-,-,-,-
4,75,Prince William County ,700,Neabsco Elementary,ES,91.39,Distinguished,,58.4,65,24.09,25,8.89,10,-,0,90.61,20.38,92.88,20.89,98.17,9.81,73.05,7.3,96.82,12.1,95.92,11.99,11.03,8.89,-,-,-,-,-,-,-,-
4,75,Prince William County ,260,Occoquan Elementary,ES,90.74,Distinguished,,59.55,65,21.93,25,9.25,10,-,0,94.96,21.36,97.78,22,98.27,9.82,63.62,6.36,86.76,10.84,88.71,11.08,7.43,9.25,-,-,-,-,-,-,-,-
4,75,Prince William County ,820,Old Bridge Elementary,ES,94.77,Distinguished,,62.67,65,22.86,25,9.23,10,-,0,100.85,22.69,100.42,22.59,100,10,73.84,7.38,91.44,11.43,91.5,11.43,7.64,9.23,-,-,-,-,-,-,-,-
4,75,Prince William County ,80,Osbourn Park High,HS,87.88,Meets Expectations,,44.56,50,-,0,29.21,35,14.1,15,102.88,15.43,101.41,15.21,99.57,9.95,39.6,3.96,-,-,-,-,18.7,4.06,-,-,96.13,4.8,81.35,20.33,94.06,14.1
4,75,Prince William County ,501,Parkside Middle,MS,83.97,Meets Expectations,,50.04,60,15.54,20,18.39,20,-,0,89.37,17.87,86.19,17.23,93.75,9.37,55.52,5.55,81.46,8.14,73.97,7.39,12.47,8.75,96.41,9.64,-,-,-,-,-,-
4,75,Prince William County ,1060,Patriot High,HS,93.72,Distinguished,,46.77,50,-,0,32.35,35,14.59,15,107.32,16.09,100.38,15.05,99.71,9.97,56.49,5.64,-,-,-,-,15.15,4.24,-,-,97.9,4.89,92.88,23.22,97.26,14.59
4,75,Prince William County ,945,Pennington Traditional,ES-MS,98.54,Distinguished,,59.01,60,24.68,25,14.84,15,-,0,104.75,20.95,105.41,21.08,108.03,10.8,61.73,6.17,99.21,12.4,98.25,12.28,1.52,9.84,100,5,-,-,-,-,-,-
4,75,Prince William County ,110,Piney Branch Elementary,ES,95.69,Distinguished,,62.15,65,23.93,25,9.59,10,-,0,100.36,22.58,102.89,23.15,102.71,10.27,61.45,6.14,96.25,12.03,95.26,11.9,4,9.59,-,-,-,-,-,-,-,-
4,75,Prince William County ,140,Potomac High,HS,82.03,Meets Expectations,,45.25,50,-,0,22.69,35,14.07,15,100.94,15.14,99.08,14.86,95.46,9.54,57.08,5.7,-,-,-,-,24.64,3.76,-,-,95.76,4.78,56.56,14.14,93.84,14.07
4,75,Prince William County ,170,Potomac Middle,MS,81.84,Approaching Expectations,TSI,48.1,60,15.21,20,18.53,20,-,0,86.74,17.34,81.21,16.24,89.98,8.99,55.13,5.51,79.9,7.99,72.2,7.22,12.8,8.71,98.13,9.81,-,-,-,-,-,-
4,75,Prince William County ,414,Potomac Shores Middle,MS,86.22,Meets Expectations,,51.1,60,16.3,20,18.81,20,-,0,92.31,18.46,91.41,18.28,94.2,9.42,49.39,4.93,82.29,8.22,80.73,8.07,10.82,8.91,98.94,9.89,-,-,-,-,-,-
4,75,Prince William County ,440,R. Dean Kilby Elementary,ES,82.28,Approaching Expectations,TSI,52.84,65,20.5,25,8.93,10,-,0,84.98,19.12,86.97,19.56,88.5,8.85,52.99,5.29,86.41,10.8,77.58,9.69,10.6,8.93,-,-,-,-,-,-,-,-
4,75,Prince William County ,591,Rippon Middle,MS,84.30,Approaching Expectations,TSI,50.47,60,15.55,20,18.27,20,-,0,90.46,18.09,87.04,17.4,94.53,9.45,55.16,5.51,81.62,8.16,73.96,7.39,12.39,8.76,95.18,9.51,-,-,-,-,-,-
4,75,Prince William County ,750,River Oaks Elementary,ES,84.15,Approaching Expectations,TSI,54.63,65,20.8,25,8.7,10,-,0,85.49,19.23,87.37,19.66,89.58,8.95,67.83,6.78,81.94,10.24,84.5,10.56,12.92,8.7,-,-,-,-,-,-,-,-
4,75,Prince William County ,40,Rockledge Elementary,ES,86.62,Approaching Expectations,TSI,57.21,65,20.54,25,8.87,10,-,0,91.56,20.6,92.52,20.81,95.77,9.57,62.11,6.21,84.79,10.59,79.53,9.94,11.25,8.87,-,-,-,-,-,-,-,-
4,75,Prince William County ,310,Ronald Wilson Reagan Middle,MS,91.68,Distinguished,,55.14,60,17.41,20,19.12,20,-,0,100.37,20.07,97.33,19.46,100.21,10.02,55.76,5.57,89.24,8.92,84.94,8.49,8.14,9.18,99.39,9.93,-,-,-,-,-,-
4,75,Prince William County ,941,Rosa Parks Elementary,ES,90.10,Distinguished,,58.74,65,22.06,25,9.29,10,-,0,93.09,20.94,95.34,21.45,94.44,9.44,68.97,6.89,88.54,11.06,87.98,10.99,7.01,9.29,-,-,-,-,-,-,-,-
4,75,Prince William County ,360,Samuel L. Gravely Jr. Elementary,ES,94.86,Distinguished,,61.25,65,24.19,25,9.41,10,-,0,98.84,22.23,102.86,23.14,107.19,10.71,51.53,5.15,95.59,11.94,97.93,12.24,5.84,9.41,-,-,-,-,-,-,-,-
4,75,Prince William County ,730,Sharon C. McAuliffe Elementary,ES,89.81,Distinguished,,59.23,65,21.34,25,9.23,10,-,0,92.83,20.88,97.69,21.98,98.82,9.88,64.85,6.48,81.76,10.22,88.99,11.12,7.67,9.23,-,-,-,-,-,-,-,-
4,75,Prince William County ,500,Signal Hill Elementary,ES,93.66,Distinguished,,61.3,65,23.11,25,9.24,10,-,0,97.22,21.87,99.12,22.3,102.3,10.23,68.97,6.89,92.52,11.56,92.38,11.54,7.52,9.24,-,-,-,-,-,-,-,-
4,75,Prince William County ,850,Sonnie Penn Elementary,ES,94.86,Distinguished,,62.04,65,23.51,25,9.3,10,-,0,97.8,22,100.8,22.68,104.69,10.46,68.91,6.89,92.54,11.56,95.55,11.94,6.91,9.3,-,-,-,-,-,-,-,-
4,75,Prince William County ,320,Springwoods Elementary,ES,92.94,Distinguished,,61.57,65,22.04,25,9.32,10,-,0,96.23,21.65,97.35,21.9,98.57,9.85,81.59,8.15,89.96,11.24,86.42,10.8,6.74,9.32,-,-,-,-,-,-,-,-
4,75,Prince William County ,780,Stuart M. Beville Middle,MS,79.96,Meets Expectations,,47.04,60,14.86,20,18.05,20,-,0,87.41,17.48,81.13,16.22,91.25,9.12,42.06,4.2,80.7,8.07,67.91,6.79,13.26,8.67,93.85,9.38,-,-,-,-,-,-
4,75,Prince William County ,20,Sudley Elementary,ES,83.26,Approaching Expectations,TSI,53.16,65,20.69,25,9.39,10,-,0,81.4,18.31,85.06,19.13,94.25,9.42,62.89,6.28,83.64,10.45,81.94,10.24,6.02,9.39,-,-,-,-,-,-,-,-
4,75,Prince William County ,270,Suella G. Ellis Elementary,ES,84.82,Meets Expectations,,52.9,65,22.54,25,9.37,10,-,0,82.58,18.58,85.85,19.31,88.18,8.81,61.93,6.19,88.88,11.11,91.44,11.43,6.25,9.37,-,-,-,-,-,-,-,-
4,75,Prince William County ,890,Swans Creek Elementary,ES,87.77,Meets Expectations,,57.18,65,21.85,25,8.73,10,-,0,91.49,20.58,92.2,20.74,96.28,9.62,62.28,6.22,88.05,11,86.76,10.84,12.64,8.73,-,-,-,-,-,-,-,-
4,75,Prince William County ,470,T. Clay Wood Elementary,ES,95.80,Distinguished,,63.45,65,22.7,25,9.64,10,-,0,101.36,22.8,103.28,23.23,102.67,10.26,71.42,7.14,90.39,11.29,91.21,11.4,3.51,9.64,-,-,-,-,-,-,-,-
4,75,Prince William County ,150,The Nokesville School,ES-MS,89.06,Meets Expectations,,53.96,60,20.82,25,14.27,15,-,0,95.32,19.06,94.59,18.91,98.13,9.81,61.63,6.16,85.27,10.65,81.29,10.16,7.21,9.27,100,5,-,-,-,-,-,-
4,75,Prince William County ,790,Thurgood Marshall Elementary,ES,91.67,Distinguished,,60.51,65,21.61,25,9.54,10,-,0,97.15,21.86,98.5,22.16,102.11,10.21,62.79,6.27,85.95,10.74,86.98,10.87,4.55,9.54,-,-,-,-,-,-,-,-
4,75,Prince William County ,430,Triangle Elementary,ES,81.35,Approaching Expectations,TSI,52.79,65,19.6,25,8.94,10,-,0,85.37,19.2,84.44,19,91.04,9.1,54.79,5.47,84.85,10.6,72.01,9,10.51,8.94,-,-,-,-,-,-,-,-
4,75,Prince William County ,480,Unity Braxton Middle ,MS,75.57,Needs Intensive Support,TSI,44.14,60,12.94,20,18.48,20,-,0,80.09,16.01,72.87,14.57,89.16,8.91,46.38,4.63,72.33,7.23,57.08,5.7,12.36,8.76,97.19,9.71,-,-,-,-,-,-
4,75,Prince William County ,680,Unity Reed High,HS,74.41,Needs Intensive Support,TSI,42.88,50,-,0,18.88,35,12.65,15,94.93,14.23,98.21,14.73,92.57,9.25,46.53,4.65,-,-,-,-,30.09,3.49,-,-,86.28,4.31,44.28,11.07,84.33,12.65
4,75,Prince William County ,390,Victory Elementary,ES,92.13,Distinguished,,60.98,65,21.98,25,9.17,10,-,0,96.85,21.79,98.59,22.18,99.75,9.97,70.35,7.03,88.47,11.05,87.38,10.92,8.29,9.17,-,-,-,-,-,-,-,-
4,75,Prince William County ,540,West Gate Elementary,ES,73.49,Needs Intensive Support,TSI,47.47,65,16.73,25,9.27,10,-,0,74.18,16.69,75,16.87,84.53,8.45,54.57,5.45,69.05,8.63,64.86,8.1,7.22,9.27,-,-,-,-,-,-,-,-
4,75,Prince William County ,740,Westridge Elementary,ES,94.19,Distinguished,,61.85,65,23.06,25,9.27,10,-,0,98.23,22.1,102.79,23.12,101.04,10.1,65.22,6.52,89.13,11.14,95.39,11.92,7.28,9.27,-,-,-,-,-,-,-,-
4,75,Prince William County ,55,Woodbridge Elementary,ES,85.96,Meets Expectations,,55.96,65,21.27,25,8.72,10,-,0,87.02,19.58,91.88,20.67,94.04,9.4,63.05,6.3,87.98,10.99,82.23,10.27,12.77,8.72,-,-,-,-,-,-,-,-
4,75,Prince William County ,60,Woodbridge High,HS,83.45,Approaching Expectations,TSI,44.27,50,-,0,24.92,35,14.25,15,102.77,15.41,99.26,14.88,91.07,9.1,48.65,4.86,-,-,-,-,25.32,3.73,-,-,95.49,4.77,65.65,16.41,95.06,14.25
4,75,Prince William County ,560,Woodbridge Middle,MS,81.46,Approaching Expectations,TSI,48.37,60,14.43,20,18.66,20,-,0,87.14,17.42,83.98,16.79,91.75,9.17,49.72,4.97,76.32,7.63,67.98,6.79,10.57,8.94,97.19,9.71,-,-,-,-,-,-
4,75,Prince William County ,350,Yorkshire Elementary,ES,81.92,Approaching Expectations,TSI,53.46,65,19.66,25,8.79,10,-,0,80.87,18.19,87.66,19.72,90.85,9.08,64.6,6.46,79.13,9.89,78.15,9.76,12.08,8.79,-,-,-,-,-,-,-,-
7,77,Pulaski County ,20,Critzer Elementary,ES,90.01,Distinguished,,51.15,55,29.63,35,9.22,10,-,0,92.72,20.86,90.87,20.44,98.43,9.84,^,^,86.8,15.19,82.53,14.44,7.73,9.22,-,-,-,-,-,-,-,-
7,77,Pulaski County ,540,Dublin Elementary,ES,91.48,Meets Expectations,TSI,51.75,55,30.86,35,8.86,10,-,0,93.64,21.06,92.14,20.73,99.48,9.94,^,^,90.36,15.81,85.98,15.04,11.3,8.86,-,-,-,-,-,-,-,-
7,77,Pulaski County ,560,Pulaski County Middle,MS,86.12,Approaching Expectations,TSI,44.53,50,23.16,30,18.41,20,-,0,90.97,18.19,85.79,17.15,91.85,9.18,^,^,80.81,12.12,73.6,11.04,15.82,8.41,100,10,-,-,-,-,-,-
7,77,Pulaski County ,101,Pulaski County Public Schools Virtual School K-12,ES,95.10,Distinguished,,54.31,55,30.79,35,10,10,-,0,97.25,21.88,100,22.5,99.34,9.93,^,^,91.26,15.97,84.67,14.81,0,10,-,-,-,-,-,-,-,-
7,77,Pulaski County ,10,Pulaski County Senior High,HS,95.81,Meets Expectations,TSI,43.56,44.45,-,0,36.97,38.9,15.27,16.67,99.56,16.59,98.89,16.48,94.35,10.48,^,^,-,-,-,-,22.72,4.29,-,-,94.37,5.24,98.78,27.44,91.64,15.27
7,77,Pulaski County ,230,Pulaski Elementary ,ES,87.29,Approaching Expectations,TSI,49.48,55,28.43,35,9.37,10,-,0,88.73,19.96,88.68,19.95,95.63,9.56,^,^,84.45,14.78,78.04,13.65,6.26,9.37,-,-,-,-,-,-,-,-
7,77,Pulaski County ,500,Riverlawn Elementary,ES,91.87,Distinguished,,50.38,55,32.03,35,9.45,10,-,0,90.56,20.37,89.67,20.17,98.33,9.83,^,^,94.86,16.6,88.16,15.42,5.42,9.45,-,-,-,-,-,-,-,-
7,77,Pulaski County ,430,Snowville Elementary,ES,94.90,Distinguished,,54.31,55,30.79,35,9.79,10,-,0,97.25,21.88,100,22.5,99.34,9.93,^,^,91.26,15.97,84.67,14.81,2.06,9.79,-,-,-,-,-,-,-,-
7,122,Radford City ,10,Belle Heth Elementary,ES,91.54,Meets Expectations,TSI,59.83,65,22.59,25,9.11,10,-,0,94.23,21.2,95.65,21.52,102.38,10.23,68.75,6.87,89.54,11.19,91.18,11.39,8.87,9.11,-,-,-,-,-,-,-,-
7,122,Radford City ,42,John N. Dalton Intermediate,MS,92.44,Distinguished,,47.68,50,26.11,30,18.65,20,-,0,96.55,19.31,94.23,18.84,95.23,9.52,^,^,86.93,13.04,87.13,13.07,9.79,9.02,96.36,9.63,-,-,-,-,-,-
7,122,Radford City ,20,McHarg Elementary,ES,91.42,Meets Expectations,TSI,59.83,65,22.59,25,8.99,10,-,0,94.23,21.2,95.65,21.52,102.38,10.23,68.75,6.87,89.54,11.19,91.18,11.39,10.03,8.99,-,-,-,-,-,-,-,-
7,122,Radford City ,102,Radford City Virtual,ES-MS-HS,^,Too Small,,36.36,40,18.19,25,13.94,15,3.08,10,95.81,14.37,84.1,12.61,93.82,9.38,^,^,84.6,10.57,60.92,7.61,0,5,84.73,4.23,94.19,4.7,^,^,30.85,3.08
7,122,Radford City ,41,Radford High,HS,101.58,Distinguished,,45.11,44.45,-,0,40.79,38.9,15.67,16.67,104.86,17.47,100.65,16.77,97.72,10.85,^,^,-,-,-,-,15.91,4.67,-,-,95,5.27,111.03,30.84,94.06,15.67
4,78,Rappahannock County ,240,Rappahannock County Elementary,ES,86.34,Approaching Expectations,TSI,49.75,55,28.17,35,8.42,10,-,0,89.2,20.07,90,20.25,94.31,9.43,^,^,81.22,14.21,79.76,13.95,15.76,8.42,-,-,-,-,-,-,-,-
4,78,Rappahannock County ,230,Rappahannock County High,MS-HS,94.39,Distinguished,,39.34,40,15.03,20,30.69,30,9.31,10,101.09,15.16,96.61,14.49,96.84,9.68,^,^,84.09,8.4,66.3,6.63,24.65,3.76,96,4.8,88.52,4.42,118.01,17.7,93.15,9.31
1,123,Richmond City ,30,Albert Hill Middle,MS,86.05,Meets Expectations,CSI,44.64,50,24.58,30,16.82,20,-,0,90.01,18,89.18,17.83,88.02,8.8,^,^,79.46,11.92,84.45,12.66,20.95,7.9,89.16,8.91,-,-,-,-,-,-
1,123,Richmond City ,850,Armstrong High ,HS,85.86,Meets Expectations,,43.53,50,-,0,29.64,35,12.68,15,96.72,14.5,97.05,14.55,90.36,9.03,54.28,5.42,-,-,-,-,44.16,2.79,-,-,86.95,4.34,90.03,22.5,84.53,12.68
1,123,Richmond City ,390,Barack Obama Elementary,ES,85.41,Approaching Expectations,TSI,48.01,55,28.38,35,9.01,10,-,0,88.9,20,84.92,19.1,89.06,8.9,^,^,82.86,14.5,79.31,13.87,9.82,9.01,-,-,-,-,-,-,-,-
1,123,Richmond City ,100,Bellevue Elementary,ES,80.01,Meets Expectations,,44.37,55,27.58,35,8.04,10,-,0,78.7,17.7,80.73,18.16,85,8.5,^,^,76.73,13.42,80.9,14.15,19.5,8.04,-,-,-,-,-,-,-,-
1,123,Richmond City ,170,Blackwell Elementary,ES,67.92,Approaching Expectations,CSI,45.19,65,16.73,25,6,10,-,0,72.16,16.23,68.97,15.52,83.06,8.3,51.28,5.12,68.04,8.5,65.81,8.22,40,6,-,-,-,-,-,-,-,-
1,123,Richmond City ,1100,Broad Rock Elementary,ES,80.74,Meets Expectations,,51.44,65,20.75,25,8.54,10,-,0,80.08,18.01,85.51,19.24,89.6,8.96,52.25,5.22,82.03,10.25,83.98,10.49,14.54,8.54,-,-,-,-,-,-,-,-
1,123,Richmond City ,1440,Cardinal Elementary,ES,80.92,Approaching Expectations,TSI,50.71,65,21.45,25,8.75,10,-,0,72.79,16.37,85.38,19.21,89.51,8.95,61.74,6.17,81.63,10.2,90,11.25,12.48,8.75,-,-,-,-,-,-,-,-
1,123,Richmond City ,830,Chimborazo Elementary,ES,83.25,Meets Expectations,,46.22,55,28.7,35,8.32,10,-,0,81.72,18.38,81.15,18.25,95.76,9.57,^,^,81.4,14.24,82.64,14.46,16.78,8.32,-,-,-,-,-,-,-,-
1,123,Richmond City ,50,Dogwood Middle,MS,76.65,Approaching Expectations,CSI,40.76,50,22.37,30,13.52,20,-,0,83.42,16.68,77.51,15.5,85.71,8.57,^,^,73.35,11,75.82,11.37,21.08,7.89,56.29,5.62,-,-,-,-,-,-
1,123,Richmond City ,1400,Elizabeth D. Redd Elementary,ES,75.68,Needs Intensive Support,TSI,48.91,65,18.1,25,8.65,10,-,0,73.91,16.63,79.81,17.95,84.75,8.47,58.47,5.84,72.93,9.11,71.93,8.99,13.4,8.65,-,-,-,-,-,-,-,-
1,123,Richmond City ,710,Fairfield Court Elementary,ES,75.78,Approaching Expectations,,42.41,55,25.76,35,7.6,10,-,0,73.61,16.56,77.5,17.43,84.16,8.41,^,^,67.5,11.81,79.74,13.95,24,7.6,-,-,-,-,-,-,-,-
1,123,Richmond City ,230,Frances W. McClenney Elementary,ES,74.63,Approaching Expectations,CSI,41.64,55,25.84,35,7.15,10,-,0,76.36,17.18,70.71,15.91,85.45,8.54,^,^,80,14,67.69,11.84,28.47,7.15,-,-,-,-,-,-,-,-
1,123,Richmond City ,621,Franklin Military Academy,MS-HS,113.35,Distinguished,,41.05,40,19.1,20,43.19,30,10,10,106.66,16,100.94,15.14,99.13,9.91,^,^,96.77,9.67,94.31,9.43,5.36,4.73,100,5,100,5,189.74,28.46,100,10
1,123,Richmond City ,1470,G.H. Reid Elementary,ES,76.15,Needs Intensive Support,TSI,47.89,65,20.25,25,8,10,-,0,72.59,16.33,79.06,17.79,89.01,8.9,48.66,4.86,79.6,9.95,82.44,10.3,19.96,8,-,-,-,-,-,-,-,-
1,123,Richmond City ,311,George W. Carver Elementary,ES,66.80,Approaching Expectations,CSI,38.6,55,22.23,35,5.95,10,-,0,69.37,15.6,66.03,14.85,81.39,8.13,^,^,68.82,12.04,58.23,10.19,40.42,5.95,-,-,-,-,-,-,-,-
1,123,Richmond City ,290,Henry Marsh III Elementary,ES,75.12,Needs Intensive Support,TSI,42.49,55,26.24,35,6.38,10,-,0,74.77,16.82,76.02,17.1,85.61,8.56,^,^,78.84,13.79,71.12,12.44,36.12,6.38,-,-,-,-,-,-,-,-
1,123,Richmond City ,1510,Huguenot High,HS,87.83,Approaching Expectations,TSI,42.79,50,-,0,32.5,35,12.52,15,98.69,14.8,97.74,14.66,92.52,9.25,40.81,4.08,-,-,-,-,25.57,3.72,-,-,82.65,4.13,98.61,24.65,83.51,12.52
1,123,Richmond City ,1640,J.B. Fisher Elementary,ES,88.08,Meets Expectations,,57.66,65,21.95,25,8.46,10,-,0,91.22,20.52,90.11,20.27,98.64,9.86,70,7,86.44,10.8,89.15,11.14,15.32,8.46,-,-,-,-,-,-,-,-
1,123,Richmond City ,1710,J.L. Francis Elementary,ES,79.04,Needs Intensive Support,TSI,51,65,19.71,25,8.32,10,-,0,75,16.87,84.53,19.02,91.66,9.16,59.45,5.94,72.01,9,85.66,10.7,16.72,8.32,-,-,-,-,-,-,-,-
1,123,Richmond City ,730,John Marshall High,HS,96.69,Distinguished,,43.23,44.45,-,0,37.26,38.9,16.19,16.67,98.17,16.36,96.8,16.13,96.66,10.74,^,^,-,-,-,-,12.39,4.86,-,-,97.63,5.42,97.1,26.97,97.18,16.19
1,123,Richmond City ,3106,Linwood Holton Elementary,ES,95.05,Distinguished,,53.93,55,31.64,35,9.47,10,-,0,97.5,21.93,97.29,21.89,101.1,10.11,^,^,91.56,16.02,89.26,15.62,5.26,9.47,-,-,-,-,-,-,-,-
1,123,Richmond City ,600,Lois Harrison-Jones Elementary,ES,96.15,Distinguished,,53.94,55,32.93,35,9.26,10,-,0,94.31,21.22,98.09,22.07,106.54,10.65,^,^,89.36,15.63,98.85,17.29,7.31,9.26,-,-,-,-,-,-,-,-
1,123,Richmond City ,3105,Lucille M. Brown Middle,MS,70.94,Approaching Expectations,CSI,43.57,60,13.67,20,13.68,20,-,0,80.9,16.18,70.83,14.16,81.63,8.16,50.67,5.06,75.31,7.53,61.46,6.14,15.17,8.48,52.06,5.2,-,-,-,-,-,-
1,123,Richmond City ,770,Martin Luther King Jr. Middle ,MS,70.32,Needs Intensive Support,TSI,37.01,50,20.79,30,12.5,20,-,0,77.01,15.4,70.16,14.03,75.81,7.58,^,^,72.86,10.92,65.79,9.86,22.87,7.71,47.95,4.79,-,-,-,-,-,-
1,123,Richmond City ,580,Mary Munford Elementary,ES,102.76,Distinguished,,58.39,55,34.68,35,9.67,10,-,0,104.59,23.53,106.19,23.89,109.67,10.96,^,^,97.14,16.99,101.07,17.68,3.21,9.67,-,-,-,-,-,-,-,-
1,123,Richmond City ,3107,Miles Jones Elementary,ES,70.84,Approaching Expectations,CSI,46.02,65,17,25,7.81,10,-,0,69.95,15.74,72.91,16.4,84.06,8.4,54.73,5.47,70.18,8.77,65.83,8.22,21.88,7.81,-,-,-,-,-,-,-,-
1,123,Richmond City ,330,Oak Grove/Bellemeade Elementary,ES,74.85,Needs Intensive Support,TSI,48.73,65,18.45,25,7.66,10,-,0,70.92,15.95,76.25,17.15,87.5,8.75,68.7,6.87,70.63,8.82,77.02,9.62,23.37,7.66,-,-,-,-,-,-,-,-
1,123,Richmond City ,90,Open High,HS,101.04,Distinguished,,47.69,44.45,-,0,36.68,38.9,16.66,16.67,114.47,19.07,100.65,16.77,106.57,11.84,^,^,-,-,-,-,3.55,5.35,-,-,100,5.55,92.76,25.76,100,16.66
1,123,Richmond City ,130,Overby-Sheppard Elementary,ES,80.32,Meets Expectations,,43.45,55,28.89,35,7.98,10,-,0,76.6,17.23,76.82,17.28,89.28,8.92,^,^,76.2,13.33,88.88,15.55,20.15,7.98,-,-,-,-,-,-,-,-
1,123,Richmond City ,3119,Patrick Henry School Of Science And Arts,ES,95.20,Distinguished,,53.23,55,32.76,35,9.21,10,-,0,96.52,21.71,95.13,21.4,101.06,10.1,^,^,94.76,16.58,92.44,16.17,7.88,9.21,-,-,-,-,-,-,-,-
1,123,Richmond City ,3200,Richmond Career Education and Employment Charter School,HS,^,Too Small,,^,40,-,0,27.82,35,^,0,^,^,^,^,^,^,^,^,-,-,-,-,20.51,27.82,-,-,^,^,^,^,^,^
1,123,Richmond City ,452,Richmond Community High,HS,111.48,Distinguished,,45.77,44.45,-,0,49.04,38.9,16.66,16.67,107.22,17.87,98.86,16.47,102.84,11.42,^,^,-,-,-,-,8.81,5.06,-,-,100,5.55,138.33,38.42,100,16.66
1,123,Richmond City ,741,Richmond High School for the Arts,HS,77.38,Approaching Expectations,CSI,40.32,50,-,0,27.44,35,9.61,15,89.68,13.45,93.59,14.03,89.82,8.98,38.54,3.85,-,-,-,-,33.12,3.34,-,-,63.35,3.16,83.73,20.93,64.07,9.61
1,123,Richmond City ,3110,Richmond Success Academy,MS-HS,^,Too Small,CSI,24.37,52.94,^,10,10.06,26.46,3.52,10.59,41.8,6.63,53.12,8.43,51.73,5.47,36.11,3.82,^,^,^,^,48.89,2.7,^,^,23.25,1.23,38.6,6.13,33.33,3.52
1,123,Richmond City ,1631,River City Middle,MS,66.72,Approaching Expectations,CSI,40.17,60,12.87,20,13.67,20,-,0,70.51,14.1,69.67,13.93,77.52,7.75,43.85,4.38,66.7,6.67,62.01,6.2,18.89,8.11,55.65,5.56,-,-,-,-,-,-
1,123,Richmond City ,1480,Southampton Elementary,ES,67.93,Approaching Expectations,CSI,45.52,65,15.4,25,7,10,-,0,69.44,15.62,68.4,15.39,86.32,8.63,58.72,5.87,64.25,8.03,59.01,7.37,29.95,7,-,-,-,-,-,-,-,-
1,123,Richmond City ,210,Swansboro Elementary,ES,71.91,Needs Intensive Support,TSI,45.07,65,18.35,25,8.49,10,-,0,68.46,15.4,79.26,17.83,85.86,8.58,32.5,3.25,67.85,8.48,78.94,9.86,15.08,8.49,-,-,-,-,-,-,-,-
1,123,Richmond City ,480,Thomas C. Boushall Middle,MS,74.02,Needs Intensive Support,TSI,43.69,60,14.79,20,15.53,20,-,0,72.66,14.53,79.02,15.8,82.43,8.24,51.18,5.11,69.54,6.95,78.38,7.83,17.48,8.25,72.86,7.28,-,-,-,-,-,-
1,123,Richmond City ,470,Thomas H. Henderson Middle,MS,78.02,Needs Intensive Support,TSI,40.09,50,22.33,30,15.6,20,-,0,82.08,16.41,81.58,16.31,73.6,7.36,^,^,69.65,10.44,79.22,11.88,9.61,9.03,65.62,6.56,-,-,-,-,-,-
1,123,Richmond City ,20,Thomas Jefferson High,HS,92.62,Meets Expectations,CSI,45.3,50,-,0,33.11,35,14.2,15,100.83,15.12,95.97,14.39,94.63,9.46,63.15,6.31,-,-,-,-,21.12,3.94,-,-,93.98,4.69,97.88,24.47,94.7,14.2
1,123,Richmond City ,660,Westover Hills Elementary,ES,77.93,Approaching Expectations,,49.95,65,19.94,25,8.03,10,-,0,82.38,18.53,86.16,19.38,93.61,9.36,26.66,2.66,78.5,9.81,81.06,10.13,19.63,8.03,-,-,-,-,-,-,-,-
1,123,Richmond City ,200,William Fox Elementary,ES,94.35,Distinguished,,53.26,55,32.06,35,9.03,10,-,0,94.41,21.24,95.53,21.49,105.24,10.52,^,^,89.73,15.7,93.46,16.35,9.62,9.03,-,-,-,-,-,-,-,-
1,123,Richmond City ,650,Woodville Elementary,ES,74.25,Approaching Expectations,CSI,41.25,55,26.38,35,6.62,10,-,0,73.03,16.43,70.75,15.91,89,8.9,^,^,74.6,13.05,76.17,13.33,33.78,6.62,-,-,-,-,-,-,-,-
3,79,Richmond County ,210,Rappahannock High,MS-HS,92.29,Distinguished,,37.48,40,14.14,20,30.93,30,9.73,10,96.19,14.42,91.62,13.74,93.08,9.3,^,^,85.29,8.52,56.12,5.61,16.91,4.15,95.65,4.78,99,4.95,113.63,17.04,97.36,9.73
3,79,Richmond County ,20,Richmond County Elementary,ES,86.49,Approaching Expectations,TSI,56.95,65,20.26,25,9.27,10,-,0,89.58,20.15,92.8,20.88,97.27,9.72,61.9,6.19,77.44,9.68,84.65,10.58,7.23,9.27,-,-,-,-,-,-,-,-
6,124,Roanoke City ,280,Addison Aerospace Magnet Middle,MS,70.65,Needs Intensive Support,TSI,41.78,60,11.52,20,17.35,20,-,0,73.37,14.67,65.48,13.09,85.44,8.54,54.68,5.46,65.6,6.56,49.59,4.95,14.9,8.5,88.4,8.84,-,-,-,-,-,-
6,124,Roanoke City ,210,Breckinridge Middle,MS,76.84,Approaching Expectations,,44.35,60,13.72,20,18.76,20,-,0,77.5,15.5,76.82,15.36,85.48,8.54,49.41,4.94,72.85,7.28,64.41,6.44,9.95,9,97.59,9.75,-,-,-,-,-,-
6,124,Roanoke City ,20,Crystal Spring Elementary,ES,99.76,Distinguished,,56.18,55,33.81,35,9.75,10,-,0,99.66,22.42,104.8,23.58,101.81,10.18,^,^,94.95,16.61,98.3,17.2,2.46,9.75,-,-,-,-,-,-,-,-
6,124,Roanoke City ,410,Fairview Elementary,ES,77.18,Needs Intensive Support,TSI,50.71,65,17.78,25,8.69,10,-,0,78.92,17.75,80.52,18.11,92.16,9.21,56.16,5.61,73.68,9.21,68.57,8.57,13.09,8.69,-,-,-,-,-,-,-,-
6,124,Roanoke City ,50,Fallon Park Elementary,ES,73.59,Needs Intensive Support,TSI,48.49,65,17.18,25,7.91,10,-,0,71.82,16.15,72.89,16.4,85.18,8.51,74.12,7.41,76.3,9.53,61.2,7.65,20.85,7.91,-,-,-,-,-,-,-,-
6,124,Roanoke City ,380,Fishburn Park Elementary,ES,86.49,Meets Expectations,,55.75,65,22.24,25,8.49,10,-,0,87.36,19.65,93.08,20.94,84.88,8.48,66.66,6.66,87.12,10.89,90.8,11.35,15.07,8.49,-,-,-,-,-,-,-,-
6,124,Roanoke City ,300,Garden City Elementary,ES,82.88,Approaching Expectations,TSI,48.53,55,26.7,35,7.64,10,-,0,84,18.9,91.07,20.49,91.42,9.14,^,^,74.62,13.05,77.98,13.64,23.55,7.64,-,-,-,-,-,-,-,-
6,124,Roanoke City ,310,Grandin Court Elementary,ES,89.28,Meets Expectations,,57.33,65,22.64,25,9.3,10,-,0,94.84,21.34,99.39,22.36,101,10.1,35.29,3.52,86.29,10.78,94.89,11.86,6.96,9.3,-,-,-,-,-,-,-,-
6,124,Roanoke City ,110,Highland Park Elementary,ES,93.48,Distinguished,,54.32,55,29.94,35,9.2,10,-,0,96.7,21.75,98.53,22.17,103.96,10.39,^,^,83.52,14.61,87.59,15.32,7.9,9.2,-,-,-,-,-,-,-,-
6,124,Roanoke City ,420,Hurt Park Elementary,ES,75.45,Approaching Expectations,CSI,49.6,65,17.37,25,8.47,10,-,0,78.32,17.62,77.48,17.43,87.75,8.77,57.69,5.76,74.2,9.27,64.79,8.09,15.24,8.47,-,-,-,-,-,-,-,-
6,124,Roanoke City ,450,James Madison Middle,MS,80.87,Meets Expectations,,47.95,60,14.93,20,17.98,20,-,0,88.29,17.65,83.07,16.61,89.42,8.94,47.36,4.73,77.57,7.75,71.79,7.17,14.41,8.55,94.23,9.42,-,-,-,-,-,-
6,124,Roanoke City ,230,John P. Fishwick Middle,MS,81.05,Approaching Expectations,TSI,48.49,60,15.25,20,17.29,20,-,0,84.24,16.84,80.26,16.05,90.26,9.02,65.71,6.57,79.41,7.94,73.11,7.31,25.35,7.46,98.33,9.83,-,-,-,-,-,-
6,124,Roanoke City ,340,Lincoln Terrace Elementary,ES,77.80,Needs Intensive Support,TSI,49.85,65,18.92,25,9.02,10,-,0,78.09,17.57,77.7,17.48,78.75,7.87,69.23,6.92,84.49,10.56,66.87,8.35,9.75,9.02,-,-,-,-,-,-,-,-
6,124,Roanoke City ,370,Monterey Elementary,ES,79.93,Approaching Expectations,TSI,51.12,65,20.17,25,8.63,10,-,0,80.24,18.05,86.16,19.38,84.37,8.43,52.45,5.24,82.2,10.27,79.19,9.89,13.69,8.63,-,-,-,-,-,-,-,-
6,124,Roanoke City ,60,Morningside Elementary,ES,73.34,Needs Intensive Support,TSI,49.2,65,16.18,25,7.95,10,-,0,79.48,17.88,75.86,17.07,85.32,8.53,57.14,5.71,70.12,8.76,59.37,7.42,20.42,7.95,-,-,-,-,-,-,-,-
6,124,Roanoke City ,390,Patrick Henry High,HS,86.53,Approaching Expectations,TSI,45.04,50,-,0,29.04,35,12.44,15,98.86,14.82,98.33,14.75,94.8,9.48,59.85,5.98,-,-,-,-,29.11,3.54,-,-,93.68,4.68,83.27,20.81,82.94,12.44
6,124,Roanoke City ,240,Preston Park Elementary,ES,78.01,Approaching Expectations,CSI,48.86,65,20.36,25,8.77,10,-,0,73.16,16.46,78.87,17.74,85.16,8.51,61.42,6.14,78.98,9.87,83.92,10.49,12.21,8.77,-,-,-,-,-,-,-,-
6,124,Roanoke City ,220,Roanoke Academy For Mathematics & Science Elementary,ES,84.33,Approaching Expectations,TSI,54.45,65,21.19,25,8.68,10,-,0,80.73,18.16,85.88,19.32,94.16,9.41,75.46,7.54,89.56,11.19,80,10,13.12,8.68,-,-,-,-,-,-,-,-
6,124,Roanoke City ,320,Round Hill Elementary,ES,74.08,Needs Intensive Support,TSI,47.87,65,17.66,25,8.54,10,-,0,71.33,16.04,80.37,18.08,84.19,8.41,53.23,5.32,72.46,9.05,68.84,8.6,14.57,8.54,-,-,-,-,-,-,-,-
6,124,Roanoke City ,70,Virginia Heights Elementary,ES,83.62,Meets Expectations,,55.2,65,19.47,25,8.94,10,-,0,84.21,18.94,90.88,20.44,91.44,9.14,66.66,6.66,81.15,10.14,74.61,9.32,10.54,8.94,-,-,-,-,-,-,-,-
6,124,Roanoke City ,90,Wasena Elementary,ES,97.28,Distinguished,,54.36,55,34.27,35,8.65,10,-,0,94.14,21.18,97.63,21.96,112.12,11.21,^,^,92.42,16.17,103.4,18.09,13.45,8.65,-,-,-,-,-,-,-,-
6,124,Roanoke City ,350,Westside Elementary,ES,71.79,Needs Intensive Support,TSI,46.87,65,16.49,25,8.42,10,-,0,72.27,16.26,73.92,16.63,82.79,8.27,57.03,5.7,70.06,8.75,61.89,7.73,15.76,8.42,-,-,-,-,-,-,-,-
6,124,Roanoke City ,400,William Fleming High,HS,78.15,Needs Intensive Support,TSI,42.63,50,-,0,23.93,35,11.58,15,96.55,14.48,98.14,14.72,95.27,9.52,38.99,3.89,-,-,-,-,30.96,3.45,-,-,82.91,4.14,65.35,16.33,77.26,11.58
6,124,Roanoke City ,150,Woodrow Wilson Middle,MS,75.89,Needs Intensive Support,TSI,45.87,60,13.24,20,16.77,20,-,0,83.41,16.68,77.96,15.59,82,8.2,54,5.4,73.59,7.35,58.9,5.89,15.96,8.4,83.68,8.36,-,-,-,-,-,-
6,80,Roanoke County ,420,Back Creek Elementary,ES,98.63,Distinguished,,56.9,55,32,35,9.72,10,-,0,102.11,22.97,101.76,22.89,110.29,11.02,^,^,86.57,15.15,96.31,16.85,2.73,9.72,-,-,-,-,-,-,-,-
6,80,Roanoke County ,752,Bonsack Elementary,ES,99.70,Distinguished,,57.51,55,32.56,35,9.63,10,-,0,101.96,22.94,103.75,23.34,112.28,11.22,^,^,89.7,15.69,96.35,16.86,3.68,9.63,-,-,-,-,-,-,-,-
6,80,Roanoke County ,180,Burlington Elementary,ES,87.12,Meets Expectations,,56.14,65,21.77,25,9.19,10,-,0,87.79,19.75,94.43,21.24,94.8,9.48,56.66,5.66,86.26,10.78,87.94,10.99,8.01,9.19,-,-,-,-,-,-,-,-
6,80,Roanoke County ,560,Cave Spring Elementary,ES,98.62,Distinguished,,65.77,65,23.47,25,9.37,10,-,0,102.08,22.96,103.7,23.33,113.48,11.34,81.25,8.12,93.75,11.71,94.04,11.75,6.23,9.37,-,-,-,-,-,-,-,-
6,80,Roanoke County ,470,Cave Spring High,HS,100.16,Meets Expectations,TSI,47.79,50,-,0,38.13,35,14.24,15,107.57,16.13,104.6,15.69,99.48,9.94,60.22,6.02,-,-,-,-,8.21,4.58,-,-,94.87,4.74,115.18,28.79,94.94,14.24
6,80,Roanoke County ,620,Cave Spring Middle,MS,97.84,Distinguished,,59.49,60,19.32,20,19.02,20,-,0,101.64,20.32,103.91,20.78,101.47,10.14,82.35,8.23,93.64,9.36,99.55,9.95,7.56,9.24,97.83,9.78,-,-,-,-,-,-
6,80,Roanoke County ,330,Clearbrook Elementary,ES,95.05,Distinguished,,62.51,65,23.14,25,9.4,10,-,0,97.95,22.04,96.76,21.77,112.01,11.2,75,7.5,92.78,11.59,92.34,11.54,5.98,9.4,-,-,-,-,-,-,-,-
6,80,Roanoke County ,40,Fort Lewis Elementary,ES,100.42,Distinguished,,56.75,55,34.43,35,9.22,10,-,0,102.84,23.14,104.67,23.55,100.67,10.06,^,^,94.7,16.57,102.05,17.86,7.72,9.22,-,-,-,-,-,-,-,-
6,80,Roanoke County ,650,Glen Cove Elementary,ES,95.46,Distinguished,,54.08,55,32.12,35,9.25,10,-,0,97.39,21.91,97.64,21.96,102.01,10.2,^,^,91.38,15.99,92.16,16.12,7.43,9.25,-,-,-,-,-,-,-,-
6,80,Roanoke County ,490,Glenvar Elementary,ES,92.38,Meets Expectations,TSI,52.45,55,30.54,35,9.39,10,-,0,91.99,20.69,95.36,21.45,102.96,10.29,^,^,88.08,15.41,86.44,15.12,6.08,9.39,-,-,-,-,-,-,-,-
6,80,Roanoke County ,610,Glenvar High,HS,103.30,Distinguished,,45.35,44.45,-,0,42.02,38.9,15.91,16.67,105.27,17.54,101.5,16.91,98.07,10.89,^,^,-,-,-,-,8.24,5.09,-,-,96.71,5.37,113.58,31.55,95.51,15.91
6,80,Roanoke County ,751,Glenvar Middle,MS,94.11,Distinguished,,48.57,50,26.71,30,18.83,20,-,0,97.09,19.41,98.7,19.74,94.12,9.41,^,^,88.2,13.23,89.87,13.48,11.65,8.83,100,10,-,-,-,-,-,-
6,80,Roanoke County ,600,Green Valley Elementary,ES,97.50,Distinguished,,64.12,65,23.9,25,9.46,10,-,0,98.29,22.11,96.04,21.61,109.15,10.91,94.85,9.48,95.07,11.88,96.18,12.02,5.34,9.46,-,-,-,-,-,-,-,-
6,80,Roanoke County ,540,Herman L. Horn Elementary,ES,90.80,Meets Expectations,TSI,60.31,65,22.08,25,8.4,10,-,0,95.28,21.43,95.59,21.5,107,10.7,66.66,6.66,88.59,11.07,88.1,11.01,15.97,8.4,-,-,-,-,-,-,-,-
6,80,Roanoke County ,754,Hidden Valley High,HS,105.37,Distinguished,,47.15,50,-,0,43.58,35,14.63,15,108.71,16.3,101.76,15.26,100.77,10.07,55,5.5,-,-,-,-,9.1,4.54,-,-,97.26,4.86,136.72,34.18,97.54,14.63
6,80,Roanoke County ,10,Hidden Valley Middle,MS,91.79,Distinguished,,54.72,60,18.4,20,18.66,20,-,0,100.26,20.05,102.03,20.4,95.3,9.53,47.36,4.73,89.8,8.98,94.21,9.42,9.21,9.07,95.83,9.58,-,-,-,-,-,-
6,80,Roanoke County ,530,Mason's Cove Elementary,ES,92.64,Meets Expectations,TSI,52.63,55,31,35,9,10,-,0,94.89,21.35,95.91,21.58,97.05,9.7,^,^,87.3,15.27,89.84,15.72,10,9,-,-,-,-,-,-,-,-
6,80,Roanoke County ,290,Mount Pleasant Elementary,ES,91.86,Meets Expectations,TSI,52.48,55,30.18,35,9.2,10,-,0,93.42,21.01,95.39,21.46,100,10,^,^,83,14.52,89.47,15.65,7.98,9.2,-,-,-,-,-,-,-,-
6,80,Roanoke County ,500,Mountain View Elementary,ES,91.33,Distinguished,,59.98,65,22.19,25,9.14,10,-,0,95.13,21.4,97.26,21.88,101.63,10.16,65.32,6.53,85.61,10.7,91.96,11.49,8.51,9.14,-,-,-,-,-,-,-,-
6,80,Roanoke County ,520,Northside High,HS,89.46,Approaching Expectations,TSI,45.13,50,-,0,30.14,35,14.18,15,102.41,15.36,100.22,15.03,94.06,9.4,53.33,5.33,-,-,-,-,14.95,4.25,-,-,94.19,4.7,84.71,21.17,94.58,14.18
6,80,Roanoke County ,640,Northside Middle,MS,85.72,Meets Expectations,,49.95,60,17.06,20,18.71,20,-,0,93.16,18.63,92.37,18.47,92.14,9.21,36.36,3.63,85.27,8.52,85.33,8.53,11.94,8.8,99.04,9.9,-,-,-,-,-,-
6,80,Roanoke County ,480,Oak Grove Elementary,ES,95.34,Distinguished,,54.54,55,31.43,35,9.36,10,-,0,98.52,22.16,96.28,21.66,107.08,10.7,^,^,92.3,16.15,87.31,15.27,6.31,9.36,-,-,-,-,-,-,-,-
6,80,Roanoke County ,50,Penn Forest Elementary,ES,99.30,Distinguished,,57.18,55,32.57,35,9.55,10,-,0,102.97,23.17,102.17,22.99,110.19,11.01,^,^,93.37,16.33,92.74,16.23,4.45,9.55,-,-,-,-,-,-,-,-
6,80,Roanoke County ,60,W.E. Cundiff Elementary,ES,90.25,Distinguished,,59.67,65,21.58,25,9,10,-,0,93.32,20.99,97.66,21.97,100.3,10.03,66.66,6.66,86.33,10.79,86.33,10.79,9.97,9,-,-,-,-,-,-,-,-
6,80,Roanoke County ,630,William Byrd High,HS,95.95,Distinguished,,45.96,50,-,0,36.16,35,13.82,15,103.49,15.52,100.61,15.09,97.47,9.74,56,5.6,-,-,-,-,15.59,4.22,-,-,91.47,4.57,109.5,27.37,92.15,13.82
6,80,Roanoke County ,232,William Byrd Middle,MS,87.85,Meets Expectations,,52.95,60,16.53,20,18.36,20,-,0,94.1,18.82,93.72,18.74,91.99,9.19,61.9,6.19,84.6,8.46,80.72,8.07,13.7,8.62,97.31,9.73,-,-,-,-,-,-
5,81,Rockbridge County ,650,Central Elementary,ES,85.81,Approaching Expectations,TSI,56.15,65,20.68,25,8.97,10,-,0,88.72,19.96,93.84,21.11,98.11,9.81,52.63,5.26,79.66,9.95,85.8,10.72,10.25,8.97,-,-,-,-,-,-,-,-
5,81,Rockbridge County ,150,Fairfield Elementary,ES,93.08,Distinguished,,52.99,55,30.82,35,9.26,10,-,0,94.82,21.33,97.19,21.86,97.91,9.79,^,^,88.8,15.54,87.31,15.27,7.35,9.26,-,-,-,-,-,-,-,-
5,81,Rockbridge County ,678,Maury River Middle,MS,83.22,Meets Expectations,,47.66,60,16.96,20,18.59,20,-,0,93.11,18.62,88.95,17.79,75,7.5,37.5,3.75,87.04,8.7,82.62,8.26,11.99,8.8,97.95,9.79,-,-,-,-,-,-
5,81,Rockbridge County ,340,Mountain View Elementary,ES,94.91,Distinguished,,52.18,55,33.29,35,9.43,10,-,0,92.91,20.9,94.58,21.28,100,10,^,^,97.91,17.13,92.36,16.16,5.69,9.43,-,-,-,-,-,-,-,-
5,81,Rockbridge County ,641,Natural Bridge Elementary,ES,80.14,Meets Expectations,,44.42,55,26.91,35,8.8,10,-,0,76.69,17.25,80.82,18.18,89.81,8.98,^,^,77.11,13.49,76.69,13.42,12,8.8,-,-,-,-,-,-,-,-
5,81,Rockbridge County ,22,Rockbridge County High,HS,95.06,Meets Expectations,TSI,42.39,50,-,0,39.47,35,13.2,15,103.35,15.5,100.36,15.05,98.36,9.83,20,2,-,-,-,-,18.34,4.08,-,-,95.79,4.78,122.39,30.59,88,13.2
5,82,Rockingham County ,870,Broadway High,HS,88.17,Meets Expectations,,44.04,50,-,0,30.34,35,13.78,15,100.33,15.05,99.66,14.94,96.81,9.68,43.67,4.36,-,-,-,-,17.68,4.11,-,-,95.47,4.77,85.81,21.45,91.86,13.78
5,82,Rockingham County ,861,Cub Run Elementary,ES,87.59,Meets Expectations,,55.46,65,23.01,25,9.12,10,-,0,86.48,19.45,85.58,19.25,100.23,10.02,67.25,6.72,94.21,11.77,89.87,11.23,8.79,9.12,-,-,-,-,-,-,-,-
5,82,Rockingham County ,391,East Rockingham High,HS,95.03,Distinguished,,43.68,50,-,0,37.83,35,13.51,15,104.28,15.64,100,15,98.83,9.88,31.57,3.15,-,-,-,-,17.93,4.1,-,-,94,4.7,116.13,29.03,90.1,13.51
5,82,Rockingham County ,400,Elkton Elementary,ES,84.95,Meets Expectations,,47.24,55,28.49,35,9.21,10,-,0,85.16,19.16,84.07,18.91,91.66,9.16,^,^,82.69,14.47,80.12,14.02,7.81,9.21,-,-,-,-,-,-,-,-
5,82,Rockingham County ,900,Elkton Middle,MS,81.77,Approaching Expectations,TSI,47.91,60,15.83,20,18.02,20,-,0,89.65,17.93,83.73,16.74,93.35,9.33,38.97,3.89,83,8.3,75.35,7.53,19.74,8.02,100,10,-,-,-,-,-,-
5,82,Rockingham County ,940,Fulks Run Elementary,ES,87.13,Meets Expectations,,47.96,55,30.53,35,8.63,10,-,0,84.37,18.98,85.76,19.29,96.87,9.68,^,^,76.04,13.3,98.43,17.22,13.69,8.63,-,-,-,-,-,-,-,-
5,82,Rockingham County ,960,J. Frank Hillyard Middle,MS,84.10,Approaching Expectations,TSI,49.65,60,15.61,20,18.84,20,-,0,88.74,17.74,86.86,17.37,96.05,9.6,49.23,4.92,81.02,8.1,75.1,7.51,11.55,8.84,100,10,-,-,-,-,-,-
5,82,Rockingham County ,1071,John C. Myers Elementary,ES,91.13,Distinguished,,59.17,65,22.8,25,9.15,10,-,0,92.02,20.7,94.68,21.3,106.75,10.67,64.91,6.49,88.71,11.08,93.75,11.71,8.48,9.15,-,-,-,-,-,-,-,-
5,82,Rockingham County ,970,John W. Wayland Elementary,ES,89.71,Meets Expectations,TSI,58.62,65,21.51,25,9.57,10,-,0,91.3,20.54,92.7,20.85,101.63,10.16,70.58,7.05,88.58,11.07,83.57,10.44,4.28,9.57,-,-,-,-,-,-,-,-
5,82,Rockingham County ,500,Lacey Spring Elementary,ES,81.90,Approaching Expectations,TSI,51.41,65,20.88,25,9.6,10,-,0,81.47,18.33,83.57,18.8,93.86,9.38,48.88,4.88,81.97,10.24,85.09,10.63,3.95,9.6,-,-,-,-,-,-,-,-
5,82,Rockingham County ,360,Linville-Edom Elementary,ES,88.08,Meets Expectations,,49.86,55,28.82,35,9.39,10,-,0,90.72,20.41,89.58,20.15,92.96,9.29,^,^,88.49,15.48,76.2,13.33,6.04,9.39,-,-,-,-,-,-,-,-
5,82,Rockingham County ,600,McGaheysville Elementary,ES,83.68,Meets Expectations,,54.42,65,20.3,25,8.95,10,-,0,88.24,19.85,89.1,20.04,99.37,9.93,45.83,4.58,77.73,9.71,84.66,10.58,10.43,8.95,-,-,-,-,-,-,-,-
5,82,Rockingham County ,860,Montevideo Middle,MS,91.53,Distinguished,,53.15,60,19.03,20,19.33,20,-,0,93.8,18.76,98.62,19.72,95.92,9.59,50.75,5.07,91.89,9.18,98.5,9.85,6.61,9.33,100,10,-,-,-,-,-,-
5,82,Rockingham County ,520,Mountain View Elementary,ES,85.56,Approaching Expectations,TSI,53.03,65,23.48,25,9.03,10,-,0,84.35,18.98,85.83,19.31,95.65,9.56,51.78,5.17,93.95,11.74,93.95,11.74,9.63,9.03,-,-,-,-,-,-,-,-
5,82,Rockingham County ,920,Ottobine Elementary,ES,92.71,Distinguished,,50.32,55,32.85,35,9.53,10,-,0,85.82,19.31,94.13,21.17,98.33,9.83,^,^,88.55,15.49,99.18,17.35,4.62,9.53,-,-,-,-,-,-,-,-
5,82,Rockingham County ,1073,Peak View Elementary,ES,90.81,Distinguished,,58.94,65,22.39,25,9.47,10,-,0,93.01,20.92,97.83,22.01,98.82,9.88,61.2,6.12,87.95,10.99,91.16,11.39,5.23,9.47,-,-,-,-,-,-,-,-
5,82,Rockingham County ,10,Plains Elementary,ES,91.99,Distinguished,,59.07,65,23.96,25,8.96,10,-,0,90.77,20.42,90.04,20.26,101.51,10.15,82.35,8.23,97.22,12.15,94.48,11.81,10.39,8.96,-,-,-,-,-,-,-,-
5,82,Rockingham County ,950,Pleasant Valley Elementary,ES,84.70,Meets Expectations,,54.74,65,20.53,25,9.42,10,-,0,87.25,19.63,85.43,19.22,94.14,9.41,64.78,6.47,88.02,11,76.25,9.53,5.74,9.42,-,-,-,-,-,-,-,-
5,82,Rockingham County ,390,River Bend Elementary,ES,84.87,Meets Expectations,,55.02,65,20.75,25,9.09,10,-,0,86.2,19.39,87.74,19.74,100.55,10.05,58.33,5.83,88.31,11.03,77.71,9.71,9.06,9.09,-,-,-,-,-,-,-,-
5,82,Rockingham County ,830,South River Elementary,ES,87.59,Meets Expectations,,56.14,65,22.32,25,9.12,10,-,0,88.42,19.89,91.1,20.49,97.5,9.75,60,6,89.16,11.14,89.44,11.18,8.73,9.12,-,-,-,-,-,-,-,-
5,82,Rockingham County ,20,Spotswood High,HS,96.13,Distinguished,,46.81,50,-,0,35.93,35,13.38,15,104.75,15.71,101.04,15.15,100.27,10.02,59.21,5.92,-,-,-,-,12.79,4.36,-,-,94.14,4.7,107.47,26.86,89.2,13.38
5,82,Rockingham County ,850,Turner Ashby High,HS,99.03,Meets Expectations,TSI,45.88,50,-,0,39.49,35,13.65,15,103,15.45,101.63,15.24,97.76,9.77,54.12,5.41,-,-,-,-,14.66,4.26,-,-,96.52,4.82,121.6,30.4,91.04,13.65
5,82,Rockingham County ,890,Wilbur S. Pence Middle,MS,84.98,Approaching Expectations,TSI,49.75,60,16.92,20,18.3,20,-,0,89.02,17.8,90.28,18.05,91.47,9.14,47.47,4.74,86.09,8.6,83.16,8.31,10.94,8.9,94,9.4,-,-,-,-,-,-
7,83,Russell County ,580,Belfast Elementary,ES,98.58,Distinguished,,57.54,55,32.17,35,8.86,10,-,0,106.12,23.87,103.12,23.2,104.68,10.46,^,^,87.9,15.38,95.96,16.79,11.38,8.86,-,-,-,-,-,-,-,-
7,83,Russell County ,792,Castlewood Elementary,ES,83.30,Approaching Expectations,TSI,46.16,55,28.75,35,8.38,10,-,0,85.69,19.28,81.82,18.41,84.72,8.47,^,^,84.06,14.71,80.23,14.04,16.13,8.38,-,-,-,-,-,-,-,-
7,83,Russell County ,791,Castlewood High,MS-HS,90.40,Distinguished,,37.37,40,15.59,20,28.74,30,8.69,10,97.62,14.64,90.94,13.64,90.92,9.09,^,^,80,8,75.9,7.59,16.01,4.19,90.9,4.54,91.07,4.55,102.96,15.44,86.95,8.69
7,83,Russell County ,890,Honaker Elementary,ES,89.59,Distinguished,,52.67,55,28.31,35,8.6,10,-,0,94.87,21.34,93,20.92,103.96,10.39,^,^,83.39,14.59,78.42,13.72,13.9,8.6,-,-,-,-,-,-,-,-
7,83,Russell County ,540,Honaker High,MS-HS,99.66,Distinguished,,38.05,40,16.12,20,36.15,30,9.32,10,96.36,14.45,94.69,14.2,93.97,9.39,^,^,76.89,7.68,84.37,8.43,15.04,4.24,96.07,4.8,93.02,4.65,149.69,22.45,93.25,9.32
7,83,Russell County ,410,Lebanon Elementary,ES,87.77,Meets Expectations,,49.63,55,29.36,35,8.77,10,-,0,90.97,25.01,89.49,24.61,^,^,^,^,89.37,15.64,78.43,13.72,12.21,8.77,-,-,-,-,-,-,-,-
7,83,Russell County ,140,Lebanon High,MS-HS,94.19,Meets Expectations,TSI,37.25,40,13.51,20,34.61,30,8.8,10,97.52,14.62,89.33,13.39,92.29,9.22,^,^,75.49,7.54,59.69,5.96,15.68,4.21,92,4.6,91.6,4.58,141.45,21.21,88.05,8.8
7,83,Russell County ,902,Lebanon Middle,ES,83.55,Approaching Expectations,TSI,48.69,55,25.38,35,9.47,10,-,0,89.93,20.23,85.94,19.33,91.25,9.12,^,^,74.58,13.05,70.45,12.32,5.24,9.47,-,-,-,-,-,-,-,-
7,83,Russell County ,390,Lebanon Primary,ES,87.93,Meets Expectations,,49.63,55,29.36,35,8.94,10,-,0,90.97,25.01,89.49,24.61,^,^,^,^,89.37,15.64,78.43,13.72,10.58,8.94,-,-,-,-,-,-,-,-
6,139,Salem City ,100,Andrew Lewis Middle,MS,90.13,Distinguished,,54.26,60,17.27,20,18.59,20,-,0,94.1,18.82,96.28,19.25,94.39,9.43,67.5,6.75,84.09,8.4,88.62,8.86,12.84,8.71,98.76,9.87,-,-,-,-,-,-
6,139,Salem City ,550,East Salem Elementary,ES,88.41,Meets Expectations,,56.92,65,22.95,25,8.53,10,-,0,89.51,20.14,96.08,21.61,95.45,9.54,56.25,5.62,88.15,11.01,95.47,11.93,14.64,8.53,-,-,-,-,-,-,-,-
6,139,Salem City ,90,G.W. Carver Elementary,ES,92.58,Distinguished,,60.57,65,23,25,9,10,-,0,95.88,21.57,98.44,22.15,103.81,10.38,64.7,6.47,89.75,11.21,94.31,11.78,10,9,-,-,-,-,-,-,-,-
6,139,Salem City ,70,Salem High,HS,93.99,Meets Expectations,TSI,48.19,50,-,0,32.16,35,13.63,15,105.6,15.84,99.06,14.86,99.22,9.92,75.67,7.56,-,-,-,-,7.26,4.63,-,-,95.59,4.77,91,22.75,90.87,13.63
6,139,Salem City ,580,South Salem Elementary,ES,94.85,Meets Expectations,TSI,61.52,65,23.89,25,9.44,10,-,0,99.14,22.3,99.42,22.37,101.75,10.17,66.66,6.66,95.86,11.98,95.25,11.9,5.52,9.44,-,-,-,-,-,-,-,-
6,139,Salem City ,350,Virginia Virtual Academy at Salem,ES-MS-HS,^,Too Small,TSI,44.37,49.23,21.29,28.46,10.44,12.3,^,0,94.01,17.35,84.26,15.55,93.08,11.45,^,^,83.22,11.84,66.39,9.44,1.17,6.08,70.96,4.36,^,^,^,^,^,^
6,139,Salem City ,460,West Salem Elementary,ES,94.49,Distinguished,,53.74,55,31.56,35,9.18,10,-,0,96.75,21.76,99.85,22.46,95.08,9.5,^,^,88.01,15.4,92.35,16.16,8.13,9.18,-,-,-,-,-,-,-,-
7,84,Scott County ,750,Duffield-Pattonsville Primary,ES,87.63,Meets Expectations,,49.91,55,28.43,35,9.28,10,-,0,93.88,25.81,87.63,24.1,^,^,^,^,87.5,15.31,75,13.12,7.17,9.28,-,-,-,-,-,-,-,-
7,84,Scott County ,42,Dungannon Elementary,ES,87.34,Meets Expectations,,50.88,55,27.97,35,8.48,10,-,0,91.66,20.62,91.34,20.55,97.05,9.7,^,^,81.96,14.34,77.86,13.62,15.12,8.48,-,-,-,-,-,-,-,-
7,84,Scott County ,770,Gate City High,HS,103.24,Meets Expectations,TSI,45.16,44.45,-,0,43.08,38.9,15,16.67,104.29,17.38,102.79,17.13,95.83,10.64,^,^,-,-,-,-,10.66,4.96,-,-,95.45,5.3,118.14,32.81,90,15
7,84,Scott County ,771,Gate City Middle,MS,87.30,Approaching Expectations,TSI,45.58,50,23,30,18.71,20,-,0,90.65,18.13,91.2,18.24,92.12,9.21,^,^,77.82,11.67,75.53,11.32,10.28,8.97,97.43,9.74,-,-,-,-,-,-
7,84,Scott County ,670,Hilton Elementary,ES,95.07,Distinguished,,53.93,55,31.57,35,9.56,10,-,0,97.72,21.98,100,22.5,94.44,9.44,^,^,90.21,15.78,90.21,15.78,4.37,9.56,-,-,-,-,-,-,-,-
7,84,Scott County ,220,Nickelsville Elementary,ES,90.03,Distinguished,,51.13,55,29.64,35,9.25,10,-,0,93.04,20.93,94.12,21.17,90.17,9.01,^,^,83.2,14.56,86.22,15.08,7.45,9.25,-,-,-,-,-,-,-,-
7,84,Scott County ,260,Rye Cove High,MS-HS,90.32,Distinguished,,40.07,42.35,16.98,20.58,23.53,26.46,9.72,10.59,94.21,14.96,95.78,15.21,93.47,9.89,^,^,77.77,8,87.24,8.98,18.12,4.33,^,^,88.33,4.67,91.46,14.52,91.83,9.72
7,84,Scott County ,20,Rye Cove Intermediate,ES,89.64,Distinguished,,51.5,55,28.96,35,9.17,10,-,0,91.9,20.67,94.6,21.28,95.37,9.53,^,^,79.07,13.83,86.46,15.13,8.21,9.17,-,-,-,-,-,-,-,-
7,84,Scott County ,641,Shoemaker Elementary,ES,90.66,Meets Expectations,TSI,50.55,55,31.11,35,8.99,10,-,0,91.25,20.53,91.94,20.68,93.36,9.33,^,^,85.91,15.03,91.86,16.07,10.02,8.99,-,-,-,-,-,-,-,-
7,84,Scott County ,780,Twin Springs High,MS-HS,94.47,Distinguished,,41.18,42.35,15.69,20.58,27.52,26.46,10.05,10.59,97.27,15.44,98.61,15.66,95.18,10.07,^,^,72.5,7.46,80,8.23,20,4.23,^,^,87.75,4.64,117.41,18.64,95,10.05
7,84,Scott County ,772,Virginia Connections Academy,MS,71.65,Needs Intensive Support,TSI,42.88,60,11.58,20,17.18,20,-,0,84.91,16.98,62.2,12.44,84.66,8.46,50,5,70.14,7.01,45.68,4.56,1.45,9.85,73.33,7.33,-,-,-,-,-,-
7,84,Scott County ,740,Weber City Elementary,ES,98.03,Distinguished,,56.23,55,32.97,35,8.82,10,-,0,100,22.5,103.04,23.18,105.5,10.55,^,^,93.65,16.38,94.77,16.58,11.78,8.82,-,-,-,-,-,-,-,-
7,84,Scott County ,790,Yuma Elementary,ES,99.94,Distinguished,,56.36,55,34.56,35,9.01,10,-,0,99.75,22.44,103,23.17,107.5,10.75,^,^,93.15,16.3,104.39,18.26,9.89,9.01,-,-,-,-,-,-,-,-
4,85,Shenandoah County ,820,Ashby-Lee Elementary,ES,81.28,Approaching Expectations,TSI,53.26,65,19.03,25,8.97,10,-,0,83.98,18.89,86,19.35,94.5,9.45,55.71,5.57,75.27,9.4,77.01,9.62,10.24,8.97,-,-,-,-,-,-,-,-
4,85,Shenandoah County ,780,Central High,HS,92.83,Distinguished,,44.33,50,-,0,34.57,35,13.92,15,100.81,15.12,102.18,15.32,95.58,9.55,43.24,4.32,-,-,-,-,14.92,4.25,-,-,98.95,4.94,101.47,25.36,92.85,13.92
4,85,Shenandoah County ,40,North Fork Middle,MS,90.17,Distinguished,,52.4,60,18.56,20,19.19,20,-,0,92.96,18.59,97.68,19.53,96.95,9.69,45.83,4.58,88.79,8.87,96.89,9.68,8.02,9.19,100,10,-,-,-,-,-,-
4,85,Shenandoah County ,30,Peter Muhlenberg Middle,MS,91.88,Distinguished,,55.11,60,17.8,20,18.97,20,-,0,93.28,18.65,97.76,19.55,94.02,9.4,75,7.5,86.75,8.67,91.25,9.12,10.28,8.97,100,10,-,-,-,-,-,-
4,85,Shenandoah County ,810,Sandy Hook Elementary,ES,87.68,Approaching Expectations,TSI,58.04,65,20.61,25,9.02,10,-,0,87.02,19.58,91.05,20.48,93.53,9.35,86.2,8.62,81.63,10.2,83.3,10.41,9.74,9.02,-,-,-,-,-,-,-,-
4,85,Shenandoah County ,50,Signal Knob Middle,MS,86.12,Meets Expectations,,49.88,60,17,20,19.24,20,-,0,93.18,18.63,93.36,18.67,90.45,9.04,35.29,3.52,82.8,8.28,87.22,8.72,7.56,9.24,100,10,-,-,-,-,-,-
4,85,Shenandoah County ,790,Stonewall Jackson High,HS,102.27,Distinguished,,43.44,50,-,0,44.92,35,13.9,15,101.38,15.2,100.77,15.11,94.95,9.49,36.2,3.62,-,-,-,-,12.9,4.35,-,-,95.68,4.78,143.14,35.78,92.7,13.9
4,85,Shenandoah County ,770,Strasburg High,HS,106.54,Distinguished,,44.24,44.45,-,0,46.12,38.9,16.17,16.67,100.76,16.79,100.31,16.71,96.56,10.72,^,^,-,-,-,-,17.03,4.6,-,-,98.6,5.47,129.75,36.04,97.02,16.17
4,85,Shenandoah County ,20,W.W. Robinson Elementary,ES,83.12,Approaching Expectations,TSI,55.23,65,19.23,25,8.65,10,-,0,85.83,19.31,86.8,19.53,94.29,9.42,69.64,6.96,82.18,10.27,71.65,8.95,13.45,8.65,-,-,-,-,-,-,-,-
7,86,Smyth County ,290,Atkins Elementary,ES,90.28,Distinguished,,51.11,55,30.35,35,8.81,10,-,0,93.24,20.97,90.87,20.44,96.87,9.68,^,^,89.58,15.67,83.85,14.67,11.84,8.81,-,-,-,-,-,-,-,-
7,86,Smyth County ,730,Chilhowie Elementary,ES,92.71,Distinguished,,52.87,55,31.65,35,8.18,10,-,0,94.54,21.27,96.01,21.6,100,10,^,^,91.8,16.06,89.08,15.59,18.18,8.18,-,-,-,-,-,-,-,-
7,86,Smyth County ,460,Chilhowie High,HS,105.11,Distinguished,,44.66,44.45,-,0,44.29,38.9,16.15,16.67,103.53,17.25,98.9,16.48,98.33,10.92,^,^,-,-,-,-,11.49,4.91,-,-,100,5.55,121.76,33.82,96.9,16.15
7,86,Smyth County ,851,Chilhowie Middle,MS,94.88,Distinguished,,48.78,50,27.33,30,18.76,20,-,0,95.98,19.19,100,20,95.83,9.58,^,^,85.8,12.87,96.39,14.45,12.3,8.76,100,10,-,-,-,-,-,-
7,86,Smyth County ,710,Marion Elementary,ES,90.33,Distinguished,,52.57,55,29.47,35,8.27,10,-,0,95.66,21.52,95.36,21.45,95.93,9.59,^,^,82.47,14.43,85.96,15.04,17.2,8.27,-,-,-,-,-,-,-,-
7,86,Smyth County ,680,Marion Middle,MS,84.53,Meets Expectations,,44.86,50,22.47,30,17.2,20,-,0,91.53,18.3,86.1,17.22,93.33,9.33,^,^,78.33,11.75,71.46,10.72,27.94,7.2,100,10,-,-,-,-,-,-
7,86,Smyth County ,700,Marion Senior High,HS,97.30,Distinguished,,44.13,44.45,-,0,38.89,38.9,14.26,16.67,101.92,16.98,98.89,16.48,95.96,10.66,^,^,-,-,-,-,22.36,4.31,-,-,97.12,5.39,105.08,29.19,85.61,14.26
7,86,Smyth County ,250,Northwood High,HS,104.46,Distinguished,,45.27,44.45,-,0,42.81,38.9,16.36,16.67,107.07,17.84,99.52,16.58,97.59,10.84,^,^,-,-,-,-,17.39,4.58,-,-,96.15,5.34,118.39,32.88,98.18,16.36
7,86,Smyth County ,120,Northwood Middle,MS,88.85,Meets Expectations,,46.55,50,24.7,30,17.59,20,-,0,94.46,18.89,93.55,18.71,89.55,8.95,^,^,81.29,12.19,83.38,12.5,24.07,7.59,100,10,-,-,-,-,-,-
7,86,Smyth County ,690,Oak Point Elementary,ES,92.06,Distinguished,,52.23,55,31.44,35,8.38,10,-,0,95.39,21.46,92.73,20.86,99.05,9.9,^,^,91.58,16.02,88.13,15.42,16.19,8.38,-,-,-,-,-,-,-,-
7,86,Smyth County ,720,Rich Valley Elementary,ES,92.03,Distinguished,,50.95,55,32.43,35,8.64,10,-,0,94.6,26.01,90.68,24.93,^,^,^,^,90.51,15.84,94.82,16.59,13.6,8.64,-,-,-,-,-,-,-,-
7,86,Smyth County ,740,Saltville Elementary,ES,99.36,Distinguished,,56.5,55,34.18,35,8.67,10,-,0,100.32,22.57,103.57,23.3,106.25,10.62,^,^,96.51,16.88,98.8,17.29,13.21,8.67,-,-,-,-,-,-,-,-
7,86,Smyth County ,770,Smyth County Virtual,ES,100.68,Distinguished,,56.5,55,34.18,35,10,10,-,0,100.32,22.57,103.57,23.3,106.25,10.62,^,^,96.51,16.88,98.8,17.29,0,10,-,-,-,-,-,-,-,-
7,86,Smyth County ,555,Sugar Grove Elementary,ES,91.11,Distinguished,,53.65,55,28.52,35,8.93,10,-,0,96.95,26.66,98.17,26.99,^,^,^,^,81,14.17,82,14.35,10.66,8.93,-,-,-,-,-,-,-,-
2,87,Southampton County ,710,Capron Elementary,ES,95.97,Distinguished,,53.43,55,32.85,35,9.68,10,-,0,94.76,21.32,98.83,22.23,98.75,9.87,^,^,93.13,16.29,94.6,16.55,3.14,9.68,-,-,-,-,-,-,-,-
2,87,Southampton County ,20,Meherrin Elementary,ES,87.81,Meets Expectations,,49.86,55,28.98,35,8.96,10,-,0,89.17,20.06,92.67,20.85,89.51,8.95,^,^,89.06,15.58,76.56,13.39,10.34,8.96,-,-,-,-,-,-,-,-
2,87,Southampton County ,10,Nottoway Elementary,ES,96.64,Distinguished,,52.53,55,34.39,35,9.71,10,-,0,95.57,21.5,95.57,21.5,95.31,9.53,^,^,94.39,16.51,102.15,17.87,2.88,9.71,-,-,-,-,-,-,-,-
2,87,Southampton County ,780,Riverdale Elementary,ES,91.88,Meets Expectations,TSI,52.16,55,30.36,35,9.35,10,-,0,91.59,20.6,98.2,22.09,94.59,9.45,^,^,84.37,14.76,89.14,15.6,6.47,9.35,-,-,-,-,-,-,-,-
2,87,Southampton County ,690,Southampton High,HS,103.49,Distinguished,,43.75,44.45,-,0,45.29,38.9,14.44,16.67,102.18,17.03,97.72,16.28,93.97,10.44,^,^,-,-,-,-,13.81,4.78,-,-,83.33,4.62,129.14,35.87,86.66,14.44
2,87,Southampton County ,700,Southampton Middle,MS,78.97,Approaching Expectations,,42.34,50,19.99,30,16.62,20,-,0,87.5,17.5,77.87,15.57,92.74,9.27,^,^,75.78,11.36,57.54,8.63,14.31,8.56,80.55,8.05,-,-,-,-,-,-
3,88,Spotsylvania County ,10,Battlefield Elementary,ES,89.72,Distinguished,,57.55,65,23.36,25,8.79,10,-,0,87.91,19.78,96.75,21.76,97.36,9.73,62.69,6.26,89.3,11.16,97.64,12.2,12.01,8.79,-,-,-,-,-,-,-,-
3,88,Spotsylvania County ,50,Battlefield Middle,MS,82.40,Meets Expectations,,48.18,60,16.12,20,18.09,20,-,0,89.04,17.8,83.71,16.74,91.31,9.13,45.04,4.5,84.25,8.42,76.95,7.69,17.33,8.26,98.33,9.83,-,-,-,-,-,-
3,88,Spotsylvania County ,340,Berkeley Elementary,ES,86.56,Meets Expectations,,50.29,55,27.82,35,8.44,10,-,0,88.86,19.99,90.96,20.46,98.33,9.83,^,^,75.64,13.23,83.33,14.58,15.55,8.44,-,-,-,-,-,-,-,-
3,88,Spotsylvania County ,400,Brock Road Elementary,ES,91.76,Distinguished,,60.65,65,21.91,25,9.2,10,-,0,90.68,20.4,95.08,21.39,104.43,10.44,84.09,8.4,85.69,10.71,89.6,11.2,7.98,9.2,-,-,-,-,-,-,-,-
3,88,Spotsylvania County ,511,Cedar Forest Elementary,ES,84.12,Approaching Expectations,TSI,53.92,65,21.52,25,8.66,10,-,0,82.76,18.62,88.38,19.88,91.78,9.17,62.39,6.23,82.94,10.36,89.28,11.16,13.31,8.66,-,-,-,-,-,-,-,-
3,88,Spotsylvania County ,40,Chancellor Elementary,ES,93.69,Distinguished,,61.63,65,23.01,25,9.04,10,-,0,97.54,21.94,100.66,22.65,100,10,70.37,7.03,89.82,11.22,94.28,11.78,9.53,9.04,-,-,-,-,-,-,-,-
3,88,Spotsylvania County ,381,Chancellor High,HS,85.94,Approaching Expectations,TSI,44.29,50,-,0,28.55,35,13.09,15,102.54,15.38,97.7,14.65,93.77,9.37,48.82,4.88,-,-,-,-,28.72,3.56,-,-,89.82,4.49,81.99,20.49,87.28,13.09
3,88,Spotsylvania County ,382,Chancellor Middle,MS,80.14,Approaching Expectations,TSI,47.2,60,15.22,20,17.71,20,-,0,87.06,17.41,80.25,16.05,90.59,9.05,46.81,4.68,82.03,8.2,70.17,7.01,17.87,8.21,95.04,9.5,-,-,-,-,-,-
3,88,Spotsylvania County ,501,Courthouse Road Elementary,ES,86.49,Meets Expectations,,55.27,65,22.61,25,8.61,10,-,0,88.77,19.97,90.06,20.26,94.42,9.44,55.91,5.59,91.8,11.47,89.08,11.13,13.86,8.61,-,-,-,-,-,-,-,-
3,88,Spotsylvania County ,22,Courtland Elementary,ES,87.60,Meets Expectations,,57.07,65,21.53,25,9,10,-,0,90.15,20.28,94.08,21.16,93.67,9.36,62.5,6.25,85.71,10.71,86.57,10.82,9.98,9,-,-,-,-,-,-,-,-
3,88,Spotsylvania County ,20,Courtland High,HS,90.56,Meets Expectations,TSI,45.04,50,-,0,31.81,35,13.7,15,104.14,15.62,99.21,14.88,97.47,9.74,47.91,4.79,-,-,-,-,20.7,3.96,-,-,92.45,4.62,92.92,23.23,91.37,13.7
3,88,Spotsylvania County ,509,Freedom Middle,MS,85.07,Meets Expectations,,50.03,60,17.02,20,18.01,20,-,0,91.58,18.31,89.36,17.87,94.71,9.47,43.75,4.37,87.59,8.75,82.65,8.26,16.8,8.31,97,9.7,-,-,-,-,-,-
3,88,Spotsylvania County ,507,Harrison Road Elementary,ES,79.02,Needs Intensive Support,TSI,51.23,65,19.21,25,8.57,10,-,0,80.24,18.05,83.33,18.75,87.97,8.79,56.36,5.63,76.44,9.55,77.29,9.66,14.28,8.57,-,-,-,-,-,-,-,-
3,88,Spotsylvania County ,30,Lee Hill Elementary,ES,85.89,Meets Expectations,,55.3,65,21.96,25,8.62,10,-,0,87.31,19.64,91.91,20.68,93.18,9.31,56.63,5.66,81.82,10.22,93.86,11.73,13.72,8.62,-,-,-,-,-,-,-,-
3,88,Spotsylvania County ,350,Livingston Elementary,ES,74.69,Needs Intensive Support,TSI,49.73,65,16.64,25,8.3,10,-,0,80.87,18.19,81.53,18.34,87.87,8.78,44.04,4.4,72.18,9.02,60.99,7.62,16.92,8.3,-,-,-,-,-,-,-,-
3,88,Spotsylvania County ,506,Massaponax High,HS,84.95,Approaching Expectations,TSI,43.39,50,-,0,28.55,35,13,15,100.49,15.07,98.8,14.82,97.2,9.72,37.78,3.77,-,-,-,-,28.63,3.56,-,-,90.42,4.52,81.85,20.46,86.71,13
3,88,Spotsylvania County ,505,Ni River Middle,MS,91.91,Distinguished,,55.03,60,18.01,20,18.86,20,-,0,97.79,19.55,96.02,19.2,96.05,9.6,66.66,6.66,89.78,8.97,90.38,9.03,10.78,8.92,99.42,9.94,-,-,-,-,-,-
3,88,Spotsylvania County ,508,Parkside Elementary,ES,86.72,Meets Expectations,,56.86,65,21.04,25,8.81,10,-,0,87.07,19.59,89.39,20.11,93.42,9.34,78.19,7.81,86.56,10.82,81.78,10.22,11.86,8.81,-,-,-,-,-,-,-,-
3,88,Spotsylvania County ,220,Post Oak Middle,MS,78.73,Needs Intensive Support,TSI,46.4,60,14.75,20,17.56,20,-,0,85.06,17.01,83.37,16.67,88.4,8.84,38.79,3.87,73.98,7.39,73.58,7.35,23.41,7.65,99.1,9.91,-,-,-,-,-,-
3,88,Spotsylvania County ,510,Riverbend High ,HS,90.21,Meets Expectations,TSI,43.41,50,-,0,33.05,35,13.75,15,103.13,15.47,98.3,14.74,98.18,9.81,33.75,3.37,-,-,-,-,22.91,3.85,-,-,95.87,4.79,97.61,24.4,91.71,13.75
3,88,Spotsylvania County ,503,Riverview Elementary,ES,84.19,Meets Expectations,,55.19,65,20.5,25,8.49,10,-,0,88.29,19.86,89.64,20.16,89.4,8.94,62.17,6.21,80.11,10.01,83.89,10.48,15,8.49,-,-,-,-,-,-,-,-
3,88,Spotsylvania County ,60,Salem Elementary,ES,85.74,Approaching Expectations,TSI,53.8,65,23.43,25,8.49,10,-,0,83.24,18.72,85.72,19.28,95.68,9.56,62.21,6.22,92.18,11.52,95.31,11.91,15.03,8.49,-,-,-,-,-,-,-,-
3,88,Spotsylvania County ,390,Smith Station Elementary,ES,88.36,Meets Expectations,,56.79,65,22.62,25,8.94,10,-,0,89.73,20.19,89.42,20.11,97.61,9.76,67.22,6.72,87.67,10.95,93.34,11.66,10.54,8.94,-,-,-,-,-,-,-,-
3,88,Spotsylvania County ,360,Spotswood Elementary,ES,84.94,Approaching Expectations,TSI,54.55,65,21.65,25,8.73,10,-,0,82.61,18.58,86.82,19.53,95.31,9.53,68.97,6.89,84.41,10.55,88.85,11.1,12.68,8.73,-,-,-,-,-,-,-,-
3,88,Spotsylvania County ,130,Spotsylvania Elementary,ES,80.77,Approaching Expectations,TSI,52.29,65,19.89,25,8.58,10,-,0,82.94,18.66,85.12,19.15,88.36,8.83,56.41,5.64,70.77,8.84,88.34,11.04,14.12,8.58,-,-,-,-,-,-,-,-
3,88,Spotsylvania County ,370,Spotsylvania High,HS,90.96,Distinguished,,45.16,50,-,0,32.02,35,13.76,15,103.4,15.51,100.53,15.08,96.25,9.62,49.5,4.95,-,-,-,-,23.28,3.83,-,-,92.33,4.61,94.31,23.57,91.78,13.76
3,88,Spotsylvania County ,330,Spotsylvania Middle,MS,82.42,Meets Expectations,,49.2,60,15.46,20,17.75,20,-,0,89.05,17.81,85.18,17.03,91.17,9.11,52.38,5.23,79.94,7.99,74.74,7.47,18.69,8.13,96.26,9.62,-,-,-,-,-,-
3,88,Spotsylvania County ,502,Thornburg Middle,MS,80.23,Approaching Expectations,TSI,47.68,60,14.62,20,17.92,20,-,0,89.56,17.91,79.57,15.91,90.7,9.07,47.82,4.78,81.21,8.12,65.05,6.5,15.76,8.42,95.04,9.5,-,-,-,-,-,-
3,88,Spotsylvania County ,504,Wilderness Elementary,ES,80.83,Approaching Expectations,TSI,53.86,65,18.58,25,8.39,10,-,0,86.15,19.38,85.36,19.2,88.81,8.88,63.88,6.38,77.47,9.68,71.18,8.89,16.09,8.39,-,-,-,-,-,-,-,-
3,89,Stafford County ,40,Andrew G. Wright Middle,MS,85.09,Meets Expectations,,50.7,60,16.19,20,18.19,20,-,0,93.43,18.68,90.75,18.15,93.34,9.33,45.28,4.52,83.78,8.37,78.14,7.81,12.87,8.71,94.87,9.48,-,-,-,-,-,-
3,89,Stafford County ,260,Anne E. Moncure Elementary,ES,83.57,Approaching Expectations,TSI,53.74,65,20.89,25,8.93,10,-,0,83.82,18.86,84.79,19.07,88.14,8.81,69.93,6.99,83.36,10.42,83.75,10.46,10.6,8.93,-,-,-,-,-,-,-,-
3,89,Stafford County ,433,Anthony Burns Elementary,ES,83.99,Approaching Expectations,TSI,55.58,65,19.61,25,8.79,10,-,0,88.32,19.87,88.69,19.95,91.28,9.12,66.23,6.62,78.77,9.84,78.16,9.77,12.01,8.79,-,-,-,-,-,-,-,-
3,89,Stafford County ,421,Brooke Point High,HS,93.07,Meets Expectations,TSI,46.28,50,-,0,33.23,35,13.55,15,102.74,15.41,98.05,14.7,95.25,9.52,66.44,6.64,-,-,-,-,24.53,3.77,-,-,94.11,4.7,99,24.75,90.37,13.55
3,89,Stafford County ,424,Colonial Forge High,HS,93.22,Distinguished,,46.84,50,-,0,33.04,35,13.33,15,104.62,15.69,100.44,15.06,97.11,9.71,63.75,6.37,-,-,-,-,21.48,3.92,-,-,95.56,4.77,97.35,24.33,88.9,13.33
3,89,Stafford County ,431,Conway Elementary,ES,85.50,Approaching Expectations,TSI,55.34,65,21.07,25,9.08,10,-,0,87.42,19.66,87.65,19.72,93.22,9.32,66.31,6.63,84.57,10.57,84.04,10.5,9.15,9.08,-,-,-,-,-,-,-,-
3,89,Stafford County ,432,Donald B. Dixon-Lyle R. Smith Middle,MS,90.69,Distinguished,,55.43,60,17.4,20,17.84,20,-,0,93.83,18.76,94.53,18.9,93.01,9.3,84.61,8.46,83.8,8.38,90.28,9.02,15.2,8.47,93.66,9.36,-,-,-,-,-,-
3,89,Stafford County ,10,Edward E. Drew Jr. Middle,MS,85.91,Meets Expectations,,51.37,60,16.67,20,17.85,20,-,0,90.91,18.18,90.95,18.19,90.21,9.02,59.83,5.98,82.28,8.22,84.49,8.44,15.72,8.42,94.3,9.43,-,-,-,-,-,-
3,89,Stafford County ,280,Falmouth Elementary,ES,84.48,Meets Expectations,,54.27,65,21.81,25,8.39,10,-,0,86.13,19.38,87.53,19.69,94.91,9.49,57.11,5.71,84.93,10.61,89.57,11.19,16.04,8.39,-,-,-,-,-,-,-,-
3,89,Stafford County ,230,Ferry Farm Elementary,ES,88.85,Meets Expectations,,57.62,65,22.5,25,8.72,10,-,0,92.25,20.75,93.48,21.03,97.84,9.78,60.5,6.05,91.84,11.48,88.21,11.02,12.73,8.72,-,-,-,-,-,-,-,-
3,89,Stafford County ,41,Garrisonville Elementary,ES,88.23,Approaching Expectations,TSI,57.72,65,21.62,25,8.88,10,-,0,90.58,20.38,94.16,21.18,99.07,9.9,62.5,6.25,84.18,10.52,88.77,11.09,11.14,8.88,-,-,-,-,-,-,-,-
3,89,Stafford County ,270,Grafton Village Elementary,ES,90.85,Meets Expectations,TSI,59.39,65,22.18,25,9.27,10,-,0,91.52,20.59,94.37,21.23,100.2,10.02,75.43,7.54,88.59,11.07,88.86,11.1,7.25,9.27,-,-,-,-,-,-,-,-
3,89,Stafford County ,422,H.H. Poole Middle,MS,83.64,Meets Expectations,,49.72,60,15.89,20,18.03,20,-,0,90.76,18.15,88.51,17.7,89.55,8.95,49.18,4.91,80.59,8.05,78.3,7.83,17.46,8.25,97.76,9.77,-,-,-,-,-,-
3,89,Stafford County ,320,Hampton Oaks Elementary,ES,85.17,Approaching Expectations,TSI,55.35,65,20.95,25,8.86,10,-,0,90.3,20.31,88.92,20,92.28,9.22,58.01,5.8,85.39,10.67,82.25,10.28,11.39,8.86,-,-,-,-,-,-,-,-
3,89,Stafford County ,250,Hartwood Elementary,ES,92.44,Distinguished,,60.69,65,22.65,25,9.09,10,-,0,96.52,21.71,98.45,22.15,98.8,9.88,69.44,6.94,90.02,11.25,91.21,11.4,9.01,9.09,-,-,-,-,-,-,-,-
3,89,Stafford County ,427,Kate Waller Barrett Elementary,ES,82.98,Approaching Expectations,TSI,54.42,65,20.11,25,8.44,10,-,0,84.72,19.06,84.46,19,90.06,9,73.48,7.34,85.47,10.68,75.45,9.43,15.55,8.44,-,-,-,-,-,-,-,-
3,89,Stafford County ,429,Margaret Brent Elementary ,ES,92.36,Meets Expectations,TSI,61.62,65,21.56,25,9.17,10,-,0,96.65,21.74,97.52,21.94,99.5,9.95,79.87,7.98,87.54,10.94,85,10.62,8.29,9.17,-,-,-,-,-,-,-,-
3,89,Stafford County ,430,Mountain View High ,HS,95.53,Distinguished,,45.65,50,-,0,35.49,35,14.38,15,106.32,15.94,99.82,14.97,98.93,9.89,48.34,4.83,-,-,-,-,16.97,4.15,-,-,97.02,4.85,105.98,26.49,95.88,14.38
3,89,Stafford County ,30,North Stafford High,HS,88.63,Approaching Expectations,TSI,45.33,50,-,0,29.79,35,13.5,15,102.29,15.34,99.47,14.92,98.25,9.82,52.46,5.24,-,-,-,-,18.27,4.08,-,-,93.6,4.68,84.11,21.02,90.01,13.5
3,89,Stafford County ,300,Park Ridge Elementary,ES,88.50,Approaching Expectations,TSI,57.14,65,22.22,25,9.13,10,-,0,91.81,20.65,92.48,20.81,91.61,9.16,65.18,6.51,85.6,10.7,92.19,11.52,8.68,9.13,-,-,-,-,-,-,-,-
3,89,Stafford County ,60,Rockhill Elementary,ES,86.88,Approaching Expectations,TSI,57.78,65,20.01,25,9.08,10,-,0,92.15,20.73,93.65,21.07,92.5,9.25,67.24,6.72,80.04,10,80.07,10,9.11,9.08,-,-,-,-,-,-,-,-
3,89,Stafford County ,425,Rocky Run Elementary,ES,85.45,Approaching Expectations,TSI,55.73,65,21.16,25,8.54,10,-,0,84.46,19,88.51,19.91,94.47,9.44,73.68,7.36,79.45,9.93,89.87,11.23,14.51,8.54,-,-,-,-,-,-,-,-
3,89,Stafford County ,426,Rodney E. Thompson Middle,MS,90.49,Distinguished,,53.69,60,18.09,20,18.7,20,-,0,98.84,19.76,96.01,19.2,97.2,9.72,50,5,92.44,9.24,88.52,8.85,9.43,9.05,96.46,9.64,-,-,-,-,-,-
3,89,Stafford County ,440,Shirley C. Heim Middle,MS,81.62,Approaching Expectations,TSI,48.05,60,15.55,20,18,20,-,0,87.77,17.55,83.55,16.71,88.5,8.85,49.36,4.93,77.89,7.78,77.68,7.76,15.99,8.4,96.08,9.6,-,-,-,-,-,-
3,89,Stafford County ,111,Stafford Elementary,ES,91.09,Distinguished,,59.95,65,22.43,25,8.7,10,-,0,93.27,20.98,94.16,21.18,95.2,9.52,82.58,8.25,88.86,11.1,90.63,11.32,12.95,8.7,-,-,-,-,-,-,-,-
3,89,Stafford County ,112,Stafford Middle,MS,83.37,Approaching Expectations,TSI,49.28,60,16.16,20,17.91,20,-,0,88.27,17.65,87.35,17.47,88.87,8.88,52.72,5.27,80.29,8.02,81.39,8.13,15.49,8.45,94.66,9.46,-,-,-,-,-,-
3,89,Stafford County ,20,Stafford Senior High,HS,89.39,Meets Expectations,,44.11,50,-,0,31.81,35,13.46,15,102.1,15.31,97.78,14.66,96.41,9.64,44.87,4.48,-,-,-,-,27.59,3.62,-,-,92.07,4.6,94.35,23.58,89.79,13.46
3,89,Stafford County ,162,T. Benton Gayle Middle,MS,85.08,Meets Expectations,,51.14,60,16.25,20,17.69,20,-,0,92.36,18.47,92.73,18.54,92.57,9.25,48.64,4.86,80.38,8.03,82.13,8.21,15.25,8.47,92.17,9.21,-,-,-,-,-,-
3,89,Stafford County ,50,Widewater Elementary,ES,85.70,Approaching Expectations,TSI,55.4,65,21.5,25,8.79,10,-,0,88.33,19.87,89.3,20.09,94.14,9.41,60.17,6.01,84.21,10.52,87.82,10.97,12.04,8.79,-,-,-,-,-,-,-,-
3,89,Stafford County ,423,Winding Creek Elementary,ES,89.65,Distinguished,,58.22,65,22.32,25,9.11,10,-,0,91.77,20.64,93.31,20.99,96.75,9.67,69,6.9,88.58,11.07,89.98,11.24,8.83,9.11,-,-,-,-,-,-,-,-
5,126,Staunton City ,40,Arthur R. Ware Elementary,ES,92.57,Distinguished,,61.09,65,22.13,25,9.35,10,-,0,95.11,21.4,98.85,22.24,99.55,9.95,75,7.5,86.73,10.84,90.3,11.28,6.49,9.35,-,-,-,-,-,-,-,-
5,126,Staunton City ,70,Bessie Weller Elementary,ES,91.07,Distinguished,,59.92,65,22.07,25,9.06,10,-,0,93.35,21,95.98,21.59,100,10,73.27,7.32,87.39,10.92,89.2,11.15,9.33,9.06,-,-,-,-,-,-,-,-
5,126,Staunton City ,110,Shelburne Middle,MS,84.33,Meets Expectations,,49.75,60,16.36,20,18.2,20,-,0,93.33,18.66,89.98,17.99,97.62,9.76,33.33,3.33,85.08,8.5,78.59,7.85,15.45,8.45,97.5,9.75,-,-,-,-,-,-
5,126,Staunton City ,30,Staunton High,HS,95.09,Meets Expectations,TSI,46.22,50,-,0,34.71,35,14.15,15,102.28,15.34,98.25,14.73,96.57,9.65,64.86,6.48,-,-,-,-,17.17,4.14,-,-,94.73,4.73,103.35,25.83,94.33,14.15
5,126,Staunton City ,90,Thomas C. McSwain Elementary,ES,96.12,Distinguished,,55.47,55,31.57,35,9.07,10,-,0,98.14,22.08,101.34,22.8,105.95,10.59,^,^,90.05,15.76,90.35,15.81,9.23,9.07,-,-,-,-,-,-,-,-
2,127,Suffolk City ,50,Booker T. Washington Elementary,ES,89.84,Distinguished,,50.35,55,31.07,35,8.42,10,-,0,91.19,20.51,90.22,20.3,95.28,9.52,^,^,91.09,15.94,86.46,15.13,15.78,8.42,-,-,-,-,-,-,-,-
2,127,Suffolk City ,397,Colonel Fred Cherry Middle,MS,91.89,Distinguished,,46.87,50,25.92,30,19.08,20,-,0,92.97,18.59,94.14,18.82,94.54,9.45,^,^,84.58,12.68,88.25,13.23,8.42,9.15,99.31,9.93,-,-,-,-,-,-
2,127,Suffolk City ,440,Creekside Elementary,ES,92.42,Meets Expectations,TSI,51.27,55,32.18,35,8.96,10,-,0,91.03,20.48,93.8,21.1,96.9,9.69,^,^,91.3,15.97,92.59,16.2,10.32,8.96,-,-,-,-,-,-,-,-
2,127,Suffolk City ,210,Elephant's Fork Elementary,ES,81.78,Approaching Expectations,TSI,47.43,55,25.96,35,8.38,10,-,0,86.59,19.48,84.35,18.97,89.7,8.97,^,^,82.84,14.49,65.5,11.46,16.1,8.38,-,-,-,-,-,-,-,-
2,127,Suffolk City ,90,Florence Bowser Elementary,ES,89.28,Approaching Expectations,TSI,58.01,65,22.12,25,9.13,10,-,0,91.18,20.51,93.42,21.02,97.24,9.72,67.56,6.75,90.64,11.33,86.36,10.79,8.6,9.13,-,-,-,-,-,-,-,-
2,127,Suffolk City ,390,Forest Glen Middle,MS,88.88,Meets Expectations,,45.84,50,24.91,30,18.11,20,-,0,91.92,18.38,91.62,18.32,91.36,9.13,^,^,82.71,12.4,83.41,12.51,15.1,8.48,96.29,9.62,-,-,-,-,-,-
2,127,Suffolk City ,450,Hillpoint Elementary,ES,85.63,Approaching Expectations,TSI,47.79,55,29.65,35,8.18,10,-,0,85.7,19.28,86.95,19.56,89.46,8.94,^,^,84.97,14.87,84.46,14.78,18.14,8.18,-,-,-,-,-,-,-,-
2,127,Suffolk City ,370,John F. Kennedy Middle,MS,86.12,Approaching Expectations,TSI,44.43,50,24.67,30,17.01,20,-,0,89.04,17.8,88.44,17.68,89.38,8.93,^,^,81.33,12.2,83.13,12.47,25.75,7.42,95.91,9.59,-,-,-,-,-,-
2,127,Suffolk City ,380,John Yeates Middle,MS,93.97,Distinguished,,48.55,50,25.96,30,19.45,20,-,0,98.39,19.67,95.62,19.12,97.51,9.75,^,^,89.51,13.42,83.55,12.53,5.43,9.45,100,10,-,-,-,-,-,-
2,127,Suffolk City ,230,Kilby Shores Elementary,ES,86.62,Approaching Expectations,TSI,50.05,55,27.48,35,9.08,10,-,0,90.02,20.25,91.59,20.6,91.92,9.19,^,^,81.37,14.24,75.67,13.24,9.13,9.08,-,-,-,-,-,-,-,-
2,127,Suffolk City ,395,King's Fork High,HS,84.59,Meets Expectations,,44.45,50,-,0,26.24,35,13.89,15,102.01,15.3,97.58,14.63,92.77,9.27,52.38,5.23,-,-,-,-,20.84,3.95,-,-,87.5,4.37,71.64,17.91,92.62,13.89
2,127,Suffolk City ,393,King's Fork Middle,MS,84.61,Approaching Expectations,TSI,43.29,50,23.42,30,17.9,20,-,0,89.65,17.93,85.61,17.12,82.41,8.24,^,^,79.95,11.99,76.19,11.42,18.68,8.13,97.7,9.77,-,-,-,-,-,-
2,127,Suffolk City ,300,Lakeland High,HS,96.18,Meets Expectations,TSI,44.28,44.45,-,0,37.41,38.9,14.48,16.67,102.11,17.01,98.11,16.35,98.18,10.9,^,^,-,-,-,-,30.44,3.86,-,-,88.97,4.94,102.99,28.6,86.92,14.48
2,127,Suffolk City ,330,Mack Benn Jr. Elementary,ES,82.12,Meets Expectations,CSI,52.77,65,21.49,25,7.85,10,-,0,87.42,19.66,87.74,19.74,92.28,9.22,41.37,4.13,88.62,11.07,83.33,10.41,21.49,7.85,-,-,-,-,-,-,-,-
2,127,Suffolk City ,220,Nansemond Parkway Elementary,ES,89.34,Approaching Expectations,TSI,48.96,55,31.56,35,8.82,10,-,0,85.93,19.33,89.71,20.18,94.44,9.44,^,^,88.16,15.42,92.17,16.13,11.76,8.82,-,-,-,-,-,-,-,-
2,127,Suffolk City ,240,Nansemond River High,HS,97.61,Distinguished,,44.83,50,-,0,38.4,35,14.36,15,105.01,15.75,98.52,14.77,98.08,9.8,45,4.5,-,-,-,-,22.58,3.87,-,-,94.85,4.74,119.16,29.79,95.79,14.36
2,127,Suffolk City ,391,Northern Shores Elementary,ES,92.41,Meets Expectations,TSI,61.35,65,21.76,25,9.28,10,-,0,95.75,21.54,97.42,21.91,102.43,10.24,76.47,7.64,86.99,10.87,87.14,10.89,7.1,9.28,-,-,-,-,-,-,-,-
2,127,Suffolk City ,70,Oakland Elementary,ES,93.84,Distinguished,,53.69,55,31.34,35,8.81,10,-,0,96.94,21.81,98.4,22.14,97.38,9.73,^,^,84.64,14.81,94.44,16.52,11.86,8.81,-,-,-,-,-,-,-,-
2,127,Suffolk City ,47,Southwestern Elementary,ES,94.25,Distinguished,,52.74,55,33.01,35,8.49,10,-,0,93.32,20.99,96.1,21.62,101.25,10.12,^,^,90.45,15.82,98.19,17.18,15.08,8.49,-,-,-,-,-,-,-,-
1,90,Surry County ,30,Luther P. Jackson Middle,MS,88.53,Meets Expectations,,52.57,56.25,26.1,32.5,9.85,11.25,-,0,93.65,21.07,91.79,20.65,96.46,10.85,^,^,80.39,13.06,80.23,13.03,12.37,9.85,^,^,-,-,-,-,-,-
1,90,Surry County ,10,Surry County High,HS,102.60,Distinguished,,44.8,44.45,-,0,43.3,38.9,14.49,16.67,101.78,16.96,100,16.66,100.59,11.17,^,^,-,-,-,-,13.04,4.83,-,-,96.61,5.36,119.18,33.1,86.95,14.49
1,90,Surry County ,20,Surry Elementary,ES,87.88,Meets Expectations,,49.84,55,30.02,35,8.01,10,-,0,90.25,24.81,91,25.02,^,^,^,^,86.76,15.18,84.8,14.84,19.85,8.01,-,-,-,-,-,-,-,-
1,91,Sussex County ,483,Sussex Central Elementary,ES,84.80,Approaching Expectations,TSI,48.87,55,26.96,35,8.95,10,-,0,86.2,19.39,87.26,19.63,98.48,9.84,^,^,79.47,13.9,74.62,13.05,10.45,8.95,-,-,-,-,-,-,-,-
1,91,Sussex County ,340,Sussex Central High,HS,93.78,Distinguished,,44.91,44.45,-,0,34.75,38.9,14.11,16.67,103.89,17.31,100.64,16.77,97.4,10.82,^,^,-,-,-,-,14,4.77,-,-,82.35,4.57,91.43,25.39,84.7,14.11
1,91,Sussex County ,482,Sussex Central Middle,MS,80.67,Meets Expectations,,42.3,50,20.07,30,18.29,20,-,0,89.05,17.81,79.29,15.85,86.36,8.63,^,^,77.7,11.65,56.1,8.41,11.76,8.82,94.73,9.47,-,-,-,-,-,-
7,92,Tazewell County ,1020,Abb's Valley-Boissevain Elementary,ES,90.71,Distinguished,,51.69,55,30.45,35,8.56,10,-,0,94.69,21.3,91.79,20.65,97.36,9.73,^,^,89.02,15.57,85,14.87,14.39,8.56,-,-,-,-,-,-,-,-
7,92,Tazewell County ,830,Cedar Bluff Elementary,ES,87.38,Meets Expectations,,51.42,55,27.97,35,7.98,10,-,0,96.81,21.78,89.78,20.2,94.38,9.43,^,^,85.1,14.89,74.75,13.08,20.13,7.98,-,-,-,-,-,-,-,-
7,92,Tazewell County ,750,Dudley Primary,ES,86.67,Approaching Expectations,TSI,51.65,55,28.57,35,6.44,10,-,0,92.2,20.74,92.12,20.72,101.86,10.18,^,^,84.51,14.78,78.78,13.78,35.58,6.44,-,-,-,-,-,-,-,-
7,92,Tazewell County ,940,Graham High,HS,100.31,Meets Expectations,TSI,45.37,44.45,-,0,40.5,38.9,14.44,16.67,106.01,17.66,100.92,16.82,97.91,10.87,^,^,-,-,-,-,30.22,3.87,-,-,93.89,5.21,113.07,31.4,86.66,14.44
7,92,Tazewell County ,960,Graham Intermediate,ES,88.82,Approaching Expectations,TSI,51.65,55,28.57,35,8.58,10,-,0,92.2,20.74,92.12,20.72,101.86,10.18,^,^,84.51,14.78,78.78,13.78,14.14,8.58,-,-,-,-,-,-,-,-
7,92,Tazewell County ,10,Graham Middle,MS,95.55,Distinguished,,49.14,50,27.77,30,18.63,20,-,0,98.15,19.63,98.76,19.75,97.64,9.76,^,^,90.57,13.58,94.59,14.18,13.63,8.63,100,10,-,-,-,-,-,-
7,92,Tazewell County ,822,Richlands Elementary,ES,92.40,Distinguished,,52.92,55,31.45,35,8.01,10,-,0,96.75,21.77,95.37,21.45,96.97,9.69,^,^,90.67,15.86,89.07,15.58,19.83,8.01,-,-,-,-,-,-,-,-
7,92,Tazewell County ,821,Richlands High,HS,113.24,Distinguished,,45.29,44.45,-,0,52.04,38.9,15.91,16.67,106,17.66,100.76,16.79,97.46,10.82,^,^,-,-,-,-,26.4,4.08,-,-,97.5,5.41,153.12,42.53,95.48,15.91
7,92,Tazewell County ,823,Richlands Middle,MS,89.00,Approaching Expectations,TSI,46.61,50,25.2,30,17.18,20,-,0,93.48,18.69,92.07,18.41,95.03,9.5,^,^,82.75,12.41,85.29,12.79,25.55,7.44,97.36,9.73,-,-,-,-,-,-
7,92,Tazewell County ,890,Tazewell High,HS,102.88,Meets Expectations,TSI,44.39,44.45,-,0,44.11,38.9,14.37,16.67,101.93,16.98,99.36,16.56,97.62,10.84,^,^,-,-,-,-,19.46,4.47,-,-,99.2,5.51,122.86,34.12,86.25,14.37
7,92,Tazewell County ,450,Tazewell Intermediate,ES,90.36,Distinguished,,51.52,55,30.2,35,8.63,10,-,0,93.49,21.03,92.43,20.79,96.92,9.69,^,^,86.89,15.2,85.68,14.99,13.6,8.63,-,-,-,-,-,-,-,-
7,92,Tazewell County ,100,Tazewell Middle,MS,90.29,Distinguished,,46.76,50,25.82,30,17.7,20,-,0,96.04,19.2,90.68,18.13,94.18,9.41,^,^,87.46,13.11,84.69,12.7,19.07,8.09,96.15,9.61,-,-,-,-,-,-
7,92,Tazewell County ,1030,Tazewell Primary,ES,89.33,Meets Expectations,,51.52,55,30.2,35,7.61,10,-,0,93.49,21.03,92.43,20.79,96.92,9.69,^,^,86.89,15.2,85.68,14.99,23.89,7.61,-,-,-,-,-,-,-,-
2,128,Virginia Beach City ,590,Alanton Elementary,ES,97.30,Distinguished,,55.48,55,32.91,35,8.91,10,-,0,100.24,22.55,100.79,22.67,102.47,10.24,^,^,92.21,16.13,95.85,16.77,10.83,8.91,-,-,-,-,-,-,-,-
2,128,Virginia Beach City ,550,Arrowhead Elementary,ES,93.11,Distinguished,,52.7,55,31.3,35,9.1,10,-,0,95.75,21.54,94.72,21.31,98.45,9.84,^,^,93.44,16.35,85.41,14.94,8.91,9.1,-,-,-,-,-,-,-,-
2,128,Virginia Beach City ,280,Bayside Elementary,ES,80.93,Approaching Expectations,TSI,53.86,65,17.92,25,9.14,10,-,0,85.02,19.13,81.15,18.25,89.72,8.97,75,7.5,78.3,9.78,65.07,8.13,8.52,9.14,-,-,-,-,-,-,-,-
2,128,Virginia Beach City ,530,Bayside High,HS,90.22,Meets Expectations,TSI,45.67,50,-,0,30.25,35,14.29,15,103.01,15.45,100.65,15.09,99.17,9.91,52.11,5.21,-,-,-,-,10.77,4.46,-,-,97,4.85,83.77,20.94,95.29,14.29
2,128,Virginia Beach City ,700,Bayside Middle,MS,82.79,Approaching Expectations,TSI,48.31,60,16.2,20,18.27,20,-,0,89.17,17.83,86.59,17.31,86.3,8.63,45.31,4.53,79.75,7.97,82.31,8.23,12.03,8.79,94.73,9.47,-,-,-,-,-,-
2,128,Virginia Beach City ,60,Birdneck Elementary,ES,81.72,Approaching Expectations,TSI,54.41,65,18.88,25,8.42,10,-,0,86.23,19.4,84,18.9,94.44,9.44,66.66,6.66,77.79,9.72,73.26,9.15,15.72,8.42,-,-,-,-,-,-,-,-
2,128,Virginia Beach City ,790,Brandon Middle,MS,84.03,Meets Expectations,,50.18,60,15.55,20,18.28,20,-,0,94.01,18.8,86.54,17.3,92.5,9.25,48.27,4.82,85.63,8.56,69.96,6.99,12.6,8.73,95.47,9.54,-,-,-,-,-,-
2,128,Virginia Beach City ,630,Brookwood Elementary,ES,86.81,Approaching Expectations,TSI,57.09,65,20.77,25,8.94,10,-,0,90.31,20.32,91.58,20.6,95,9.5,66.66,6.66,83.64,10.45,82.52,10.31,10.54,8.94,-,-,-,-,-,-,-,-
2,128,Virginia Beach City ,40,Centerville Elementary,ES,97.93,Distinguished,,55.49,55,32.92,35,9.51,10,-,0,98.84,22.23,101.35,22.8,104.49,10.44,^,^,91.71,16.05,96.4,16.87,4.84,9.51,-,-,-,-,-,-,-,-
2,128,Virginia Beach City ,990,Christopher Farms Elementary,ES,90.13,Distinguished,,59.15,65,21.88,25,9.08,10,-,0,95.6,21.51,97.68,21.97,97.15,9.71,59.45,5.94,83.33,10.41,91.76,11.47,9.1,9.08,-,-,-,-,-,-,-,-
2,128,Virginia Beach City ,720,College Park Elementary,ES,88.71,Approaching Expectations,TSI,59.58,65,20.32,25,8.81,10,-,0,92.47,20.8,90.11,20.27,97.5,9.75,87.5,8.75,87.75,10.96,74.82,9.35,11.86,8.81,-,-,-,-,-,-,-,-
2,128,Virginia Beach City ,1041,Corporate Landing Elementary,ES,87.78,Approaching Expectations,TSI,51.39,55,27.3,35,9.08,10,-,0,92.79,20.87,91.16,20.51,100,10,^,^,79.01,13.82,77.02,13.47,9.18,9.08,-,-,-,-,-,-,-,-
2,128,Virginia Beach City ,980,Corporate Landing Middle,MS,88.87,Meets Expectations,,53.59,60,16.94,20,18.33,20,-,0,95.73,19.14,90.16,18.03,90,9,74.19,7.41,89.16,8.91,80.26,8.02,12.38,8.76,95.72,9.57,-,-,-,-,-,-
2,128,Virginia Beach City ,230,Creeds Elementary,ES,96.38,Distinguished,,54.94,55,31.85,35,9.58,10,-,0,99.85,22.46,100.85,22.69,97.8,9.78,^,^,90.22,15.78,91.81,16.06,4.1,9.58,-,-,-,-,-,-,-,-
2,128,Virginia Beach City ,106,Diamond Springs Elementary,ES,79.02,Needs Intensive Support,TSI,52.47,65,18.2,25,8.35,10,-,0,84.33,18.97,77.45,17.42,90.31,9.03,70.37,7.03,79.16,9.89,66.48,8.31,16.48,8.35,-,-,-,-,-,-,-,-
2,128,Virginia Beach City ,780,Fairfield Elementary,ES,89.25,Approaching Expectations,TSI,58.36,65,21.6,25,9.28,10,-,0,95.1,21.39,94.03,21.15,93.42,9.34,64.7,6.47,88.13,11.01,84.67,10.58,7.12,9.28,-,-,-,-,-,-,-,-
2,128,Virginia Beach City ,610,First Colonial High,HS,91.13,Distinguished,,45.02,50,-,0,31.86,35,14.23,15,107.13,16.07,101.16,15.17,100.06,10,37.77,3.77,-,-,-,-,7.21,4.63,-,-,95.5,4.77,89.81,22.45,94.92,14.23
2,128,Virginia Beach City ,440,Floyd Kellam High,HS,103.36,Distinguished,,46.15,44.45,-,0,40.85,38.9,16.35,16.67,108.08,18.01,101.78,16.96,100.54,11.17,^,^,-,-,-,-,9.86,5,-,-,98.61,5.47,109.32,30.36,98.14,16.35
2,128,Virginia Beach City ,30,Frank W. Cox High,HS,98.01,Meets Expectations,TSI,47.4,50,-,0,36.29,35,14.31,15,106.81,16.02,96.98,14.54,99.73,9.97,68.57,6.85,-,-,-,-,14.64,4.26,-,-,95.79,4.78,108.94,27.23,95.44,14.31
2,128,Virginia Beach City ,870,Glenwood Elementary,ES,92.92,Meets Expectations,TSI,60.57,65,23.04,25,9.3,10,-,0,97.38,21.91,98.31,22.12,102.59,10.25,62.85,6.28,92.16,11.52,92.16,11.52,6.96,9.3,-,-,-,-,-,-,-,-
2,128,Virginia Beach City ,430,Great Neck Middle,MS,92.30,Distinguished,,54.96,60,18.13,20,19.2,20,-,0,99.92,19.98,97.74,19.54,98.75,9.87,55.55,5.55,90.61,9.06,90.75,9.07,7.24,9.27,99.31,9.93,-,-,-,-,-,-
2,128,Virginia Beach City ,1050,Green Run Collegiate,HS,102.65,Distinguished,,45.98,44.45,-,0,40,38.9,16.66,16.67,108.63,18.1,100.59,16.76,100,11.11,^,^,-,-,-,-,8.92,5.05,-,-,100,5.55,105.79,29.38,100,16.66
2,128,Virginia Beach City ,770,Green Run Elementary,ES,84.53,Approaching Expectations,TSI,55.59,65,19.97,25,8.96,10,-,0,85.52,19.24,86.84,19.53,93.13,9.31,75,7.5,70.95,8.86,88.8,11.1,10.35,8.96,-,-,-,-,-,-,-,-
2,128,Virginia Beach City ,10,Green Run High,HS,89.13,Approaching Expectations,TSI,48.74,50,-,0,26.93,35,13.44,15,101.98,15.29,100.29,15.04,96.57,9.65,87.5,8.75,-,-,-,-,22.38,3.88,-,-,97.14,4.85,72.8,18.2,89.63,13.44
2,128,Virginia Beach City ,540,Hermitage Elementary,ES,90.47,Distinguished,,52,55,29.29,35,9.18,10,-,0,93.92,21.13,94.45,21.25,96.15,9.61,^,^,82.67,14.46,84.71,14.82,8.19,9.18,-,-,-,-,-,-,-,-
2,128,Virginia Beach City ,600,Holland Elementary,ES,85.99,Approaching Expectations,TSI,56.67,65,20.37,25,8.94,10,-,0,89.76,20.19,91.62,20.61,88.6,8.86,70,7,85.43,10.67,77.55,9.69,10.53,8.94,-,-,-,-,-,-,-,-
2,128,Virginia Beach City ,740,Independence Middle,MS,87.35,Meets Expectations,,52.63,60,15.91,20,18.8,20,-,0,95.62,19.12,87.15,17.43,94.1,9.41,66.66,6.66,86.79,8.67,72.35,7.23,8.36,9.16,96.44,9.64,-,-,-,-,-,-
2,128,Virginia Beach City ,800,Indian Lakes Elementary,ES,91.79,Meets Expectations,TSI,51.37,55,31,35,9.41,10,-,0,92.06,20.71,91.98,20.69,99.67,9.96,^,^,84.51,14.79,92.64,16.21,5.83,9.41,-,-,-,-,-,-,-,-
2,128,Virginia Beach City ,360,John B. Dey Elementary,ES,98.53,Distinguished,,55.8,55,33.34,35,9.38,10,-,0,100.4,22.59,103.17,23.21,100,10,^,^,93.42,16.34,97.11,16.99,6.19,9.38,-,-,-,-,-,-,-,-
2,128,Virginia Beach City ,450,Kempsville Elementary,ES,88.47,Meets Expectations,,59.03,65,20.08,25,9.35,10,-,0,93.53,21.04,92.91,20.9,93.05,9.3,77.77,7.77,81.63,10.2,79.07,9.88,6.44,9.35,-,-,-,-,-,-,-,-
2,128,Virginia Beach City ,620,Kempsville High,HS,96.04,Meets Expectations,TSI,46.72,50,-,0,35.24,35,14.07,15,105.27,15.79,99.94,14.99,98.31,9.83,61.11,6.11,-,-,-,-,13.97,4.3,-,-,95.53,4.77,104.65,26.16,93.86,14.07
2,128,Virginia Beach City ,410,Kempsville Meadows Elementary,ES,87.42,Meets Expectations,,49.01,55,29.18,35,9.22,10,-,0,89.72,20.18,86.8,19.53,92.91,9.29,^,^,85.16,14.9,81.62,14.28,7.74,9.22,-,-,-,-,-,-,-,-
2,128,Virginia Beach City ,690,Kempsville Middle,MS,87.11,Meets Expectations,,52.39,60,16.04,20,18.68,20,-,0,94.03,18.8,90.29,18.05,94.14,9.41,61.11,6.11,84.12,8.41,76.27,7.62,10.52,8.94,97.35,9.73,-,-,-,-,-,-
2,128,Virginia Beach City ,420,King's Grant Elementary,ES,91.78,Distinguished,,60.01,65,22.56,25,9.2,10,-,0,95.48,21.48,94.38,21.23,96.91,9.69,76,7.6,89.28,11.16,91.2,11.4,7.9,9.2,-,-,-,-,-,-,-,-
2,128,Virginia Beach City ,580,Kingston Elementary,ES,99.02,Distinguished,,56.11,55,33.2,35,9.7,10,-,0,101.49,22.83,101.79,22.9,103.79,10.37,^,^,92.73,16.22,97,16.97,2.96,9.7,-,-,-,-,-,-,-,-
2,128,Virginia Beach City ,932,Landstown Elementary,ES,86.32,Approaching Expectations,TSI,56.7,65,20.38,25,9.23,10,-,0,91.05,20.48,91.34,20.55,92.77,9.27,63.88,6.38,85.67,10.7,77.37,9.67,7.66,9.23,-,-,-,-,-,-,-,-
2,128,Virginia Beach City ,1030,Landstown High,HS,91.20,Meets Expectations,TSI,47.96,50,-,0,29.62,35,13.61,15,106.64,15.99,102.81,15.42,101.02,10.1,64.4,6.44,-,-,-,-,12.54,4.37,-,-,94.71,4.73,82.04,20.51,90.79,13.61
2,128,Virginia Beach City ,931,Landstown Middle,MS,87.50,Meets Expectations,,51.89,60,16.85,20,18.76,20,-,0,95.85,19.17,91.8,18.36,91.78,9.17,51.85,5.18,87.56,8.75,80.93,8.09,9.83,9.01,97.47,9.74,-,-,-,-,-,-
2,128,Virginia Beach City ,970,Larkspur Middle,MS,85.80,Meets Expectations,,51.65,60,16.22,20,17.92,20,-,0,91.37,18.27,88.35,17.67,92.54,9.25,64.52,6.45,82.08,8.2,80.21,8.02,15.69,8.43,94.91,9.49,-,-,-,-,-,-
2,128,Virginia Beach City ,330,Linkhorn Park Elementary,ES,92.40,Meets Expectations,TSI,61.33,65,22.16,25,8.9,10,-,0,100.42,22.59,97.04,21.83,100.33,10.03,68.75,6.87,87.85,10.98,89.43,11.17,10.98,8.9,-,-,-,-,-,-,-,-
2,128,Virginia Beach City ,460,Luxford Elementary,ES,88.17,Approaching Expectations,TSI,56.9,65,22.45,25,8.81,10,-,0,91.01,20.47,88.28,19.86,90.62,9.06,75,7.5,89.02,11.12,90.6,11.32,11.84,8.81,-,-,-,-,-,-,-,-
2,128,Virginia Beach City ,520,Lynnhaven Elementary,ES,88.92,Meets Expectations,,50.55,55,29.02,35,9.34,10,-,0,93.18,20.96,91.23,20.52,90.62,9.06,^,^,84.55,14.79,81.31,14.22,6.57,9.34,-,-,-,-,-,-,-,-
2,128,Virginia Beach City ,730,Lynnhaven Middle,MS,89.96,Distinguished,,54.56,60,16.83,20,18.56,20,-,0,96,19.2,90.49,18.09,93.44,9.34,79.16,7.91,90.09,9,78.29,7.82,11.76,8.82,97.36,9.73,-,-,-,-,-,-
2,128,Virginia Beach City ,500,Malibu Elementary,ES,86.78,Approaching Expectations,TSI,56.08,65,21.56,25,9.13,10,-,0,95.73,21.53,89.87,20.22,96.55,9.65,46.66,4.66,88.63,11.07,83.86,10.48,8.65,9.13,-,-,-,-,-,-,-,-
2,128,Virginia Beach City ,1020,New Castle Elementary,ES,95.61,Distinguished,,63.08,65,23.03,25,9.49,10,-,0,101.59,22.85,104.34,23.47,103.84,10.38,63.63,6.36,90.87,11.35,93.41,11.67,5.05,9.49,-,-,-,-,-,-,-,-
2,128,Virginia Beach City ,710,Newtown Elementary,ES,80.57,Approaching Expectations,TSI,53.95,65,18.2,25,8.41,10,-,0,83.47,18.78,83.72,18.83,90.31,9.03,73.07,7.3,79.16,9.89,66.48,8.31,15.85,8.41,-,-,-,-,-,-,-,-
2,128,Virginia Beach City ,760,North Landing Elementary,ES,98.38,Distinguished,,55.86,55,33.23,35,9.28,10,-,0,103.71,23.33,100.79,22.67,98.48,9.84,^,^,96.21,16.83,93.7,16.39,7.12,9.28,-,-,-,-,-,-,-,-
2,128,Virginia Beach City ,880,Ocean Lakes Elementary,ES,96.29,Distinguished,,53.35,55,33.65,35,9.29,10,-,0,95.65,21.52,99.36,22.35,94.7,9.47,^,^,92.12,16.12,100.17,17.52,7.04,9.29,-,-,-,-,-,-,-,-
2,128,Virginia Beach City ,960,Ocean Lakes High,HS,94.50,Meets Expectations,TSI,48.91,50,-,0,31.29,35,14.29,15,108.87,16.33,103.23,15.48,102.17,10.21,68.75,6.87,-,-,-,-,13.24,4.33,-,-,96.78,4.83,88.49,22.12,95.3,14.29
2,128,Virginia Beach City ,80,Old Donation School,ES-MS,106.71,Distinguished,,56.15,50,35.69,35,14.87,15,-,0,112.68,22.53,112.25,22.45,111.64,11.16,^,^,101.15,17.7,102.79,17.98,1.11,9.88,99.63,4.98,-,-,-,-,-,-
2,128,Virginia Beach City ,820,Parkway Elementary,ES,85.69,Approaching Expectations,TSI,56.23,65,20.63,25,8.82,10,-,0,88.49,19.91,86.33,19.42,94.04,9.4,75,7.5,85.25,10.65,79.82,9.97,11.75,8.82,-,-,-,-,-,-,-,-
2,128,Virginia Beach City ,490,Pembroke Elementary,ES,83.12,Meets Expectations,,56.2,65,18.48,25,8.43,10,-,0,90.36,20.33,85.93,19.33,90.38,9.03,75,7.5,76.26,9.53,71.63,8.95,15.69,8.43,-,-,-,-,-,-,-,-
2,128,Virginia Beach City ,660,Pembroke Meadows Elementary,ES,91.94,Meets Expectations,TSI,59.59,65,23.19,25,9.14,10,-,0,95.96,21.59,95.83,21.56,101.29,10.12,63.15,6.31,91.19,11.39,94.36,11.79,8.54,9.14,-,-,-,-,-,-,-,-
2,128,Virginia Beach City ,640,Plaza Middle,MS,89.60,Distinguished,,52.76,60,17.85,20,18.98,20,-,0,100.15,20.03,94.1,18.82,98.19,9.81,40.9,4.09,91.87,9.18,86.71,8.67,10.13,8.98,100,10,-,-,-,-,-,-
2,128,Virginia Beach City ,680,Point O' View Elementary,ES,77.49,Needs Intensive Support,TSI,50.36,65,18.64,25,8.48,10,-,0,80.96,18.21,80.17,18.04,88.57,8.85,52.52,5.25,77.54,9.69,71.58,8.94,15.18,8.48,-,-,-,-,-,-,-,-
2,128,Virginia Beach City ,340,Princess Anne Elementary,ES,98.23,Meets Expectations,TSI,56.18,55,32.42,35,9.62,10,-,0,100.91,22.7,104.1,23.42,100.58,10.05,^,^,91.34,15.98,93.93,16.43,3.73,9.62,-,-,-,-,-,-,-,-
2,128,Virginia Beach City ,321,Princess Anne High,HS,90.13,Meets Expectations,TSI,47.96,50,-,0,28.52,35,13.63,15,107.7,16.15,102.77,15.41,100.33,10.03,63.63,6.36,-,-,-,-,13.4,4.32,-,-,94.28,4.71,77.91,19.47,90.93,13.63
2,128,Virginia Beach City ,750,Princess Anne Middle,MS,98.50,Distinguished,,50.87,50,28.15,30,19.47,20,-,0,102.69,20.53,101.5,20.3,100.3,10.03,^,^,93.5,14.02,94.22,14.13,4.3,9.56,99.03,9.9,-,-,-,-,-,-
2,128,Virginia Beach City ,692,Providence Elementary,ES,91.24,Meets Expectations,TSI,60.38,65,21.63,25,9.22,10,-,0,94.46,21.25,96.05,21.61,98.67,9.86,76.47,7.64,85.83,10.72,87.2,10.9,7.72,9.22,-,-,-,-,-,-,-,-
2,128,Virginia Beach City ,900,Red Mill Elementary,ES,97.77,Distinguished,,56.66,55,31.45,35,9.65,10,-,0,101.49,22.83,103.34,23.25,105.75,10.57,^,^,90.18,15.78,89.58,15.67,3.44,9.65,-,-,-,-,-,-,-,-
2,128,Virginia Beach City ,810,Rosemont Elementary,ES,90.93,Distinguished,,51.2,55,31.01,35,8.71,10,-,0,93.09,20.94,90.03,20.25,100,10,^,^,87,15.22,90.19,15.78,12.81,8.71,-,-,-,-,-,-,-,-
2,128,Virginia Beach City ,840,Rosemont Forest Elementary,ES,94.61,Meets Expectations,TSI,53.13,55,31.81,35,9.66,10,-,0,96.85,21.79,95.7,21.53,98.14,9.81,^,^,91.1,15.94,90.7,15.87,3.39,9.66,-,-,-,-,-,-,-,-
2,128,Virginia Beach City ,830,Salem Elementary,ES,95.25,Meets Expectations,TSI,61.9,65,23.86,25,9.49,10,-,0,100.41,22.59,99.59,22.4,99,9.9,70,7,95.27,11.9,95.63,11.95,5.04,9.49,-,-,-,-,-,-,-,-
2,128,Virginia Beach City ,850,Salem High,HS,94.94,Distinguished,,47.41,50,-,0,32.97,35,14.55,15,106.91,16.03,101.44,15.21,99.66,9.96,61.9,6.19,-,-,-,-,10.27,4.48,-,-,97.2,4.86,94.52,23.63,97.06,14.55
2,128,Virginia Beach City ,50,Salem Middle,MS,88.84,Meets Expectations,,52.47,60,17.05,20,19.31,20,-,0,97.22,19.44,93.62,18.72,96.35,9.63,46.66,4.66,88.63,8.86,81.94,8.19,5.65,9.43,98.83,9.88,-,-,-,-,-,-
2,128,Virginia Beach City ,290,Seatack Elementary an Achievable Dream Academy,ES,83.88,Meets Expectations,,54.13,65,20.15,25,9.58,10,-,0,86.64,19.49,84.94,19.11,86,8.6,69.31,6.93,79.07,9.88,82.16,10.27,4.11,9.58,-,-,-,-,-,-,-,-
2,128,Virginia Beach City ,300,Shelton Park Elementary,ES,93.69,Distinguished,,53.68,55,30.47,35,9.54,10,-,0,96.33,21.67,96.42,21.69,103.12,10.31,^,^,87.64,15.33,86.47,15.13,4.59,9.54,-,-,-,-,-,-,-,-
2,128,Virginia Beach City ,940,Strawbridge Elementary,ES,98.25,Distinguished,,56.08,55,32.64,35,9.53,10,-,0,101.67,22.87,102.3,23.01,101.9,10.19,^,^,94.38,16.51,92.13,16.12,4.69,9.53,-,-,-,-,-,-,-,-
2,128,Virginia Beach City ,910,Tallwood Elementary,ES,93.14,Meets Expectations,TSI,62.26,65,21.65,25,9.22,10,-,0,95.92,21.58,96.28,21.66,98.85,9.88,91.3,9.13,84.03,10.5,89.2,11.15,7.73,9.22,-,-,-,-,-,-,-,-
2,128,Virginia Beach City ,920,Tallwood High,HS,98.33,Distinguished,,46.09,50,-,0,37.83,35,14.39,15,105.35,15.8,100.59,15.08,98.96,9.89,53.07,5.3,-,-,-,-,16.59,4.17,-,-,98.08,4.9,115.04,28.76,95.99,14.39
2,128,Virginia Beach City ,350,Thalia Elementary,ES,88.58,Meets Expectations,,57.95,65,21.74,25,8.88,10,-,0,89.77,20.19,91,20.47,94.23,9.42,78.57,7.85,83.97,10.49,90,11.25,11.14,8.88,-,-,-,-,-,-,-,-
2,128,Virginia Beach City ,400,Thoroughgood Elementary,ES,100.13,Distinguished,,66.06,65,24.39,25,9.66,10,-,0,101.69,22.88,104.61,23.53,108.01,10.8,88.46,8.84,96.09,12.01,99.04,12.38,3.3,9.66,-,-,-,-,-,-,-,-
2,128,Virginia Beach City ,100,Three Oaks Elementary,ES,98.82,Distinguished,,56.08,55,33.24,35,9.49,10,-,0,101.66,22.87,103.04,23.18,100.23,10.02,^,^,93.36,16.33,96.61,16.9,5.05,9.49,-,-,-,-,-,-,-,-
2,128,Virginia Beach City ,510,Trantwood Elementary,ES,97.98,Distinguished,,55.9,55,32.74,35,9.33,10,-,0,102.19,22.99,102.19,22.99,99.15,9.91,^,^,95.25,16.66,91.87,16.07,6.61,9.33,-,-,-,-,-,-,-,-
2,128,Virginia Beach City ,140,Virginia Beach Middle,MS,91.41,Distinguished,,55.18,60,17.83,20,18.39,20,-,0,96.62,19.32,95.42,19.08,96.33,9.63,71.42,7.14,88.51,8.85,89.8,8.98,14.49,8.55,98.46,9.84,-,-,-,-,-,-
2,128,Virginia Beach City ,130,W.T. Cooke Elementary,ES,91.85,Distinguished,,60.38,65,22.35,25,9.12,10,-,0,93.35,21,96.96,21.81,96.56,9.65,79.1,7.91,90.02,11.25,88.77,11.09,8.79,9.12,-,-,-,-,-,-,-,-
2,128,Virginia Beach City ,20,White Oaks Elementary,ES,89.23,Meets Expectations,,58,65,22.32,25,8.9,10,-,0,92.29,20.76,92.23,20.75,94.84,9.48,70,7,91.66,11.45,86.91,10.86,10.94,8.9,-,-,-,-,-,-,-,-
2,128,Virginia Beach City ,470,Williams Elementary,ES,79.05,Needs Intensive Support,TSI,52.47,65,18.2,25,8.37,10,-,0,84.33,18.97,77.45,17.42,90.31,9.03,70.37,7.03,79.16,9.89,66.48,8.31,16.24,8.37,-,-,-,-,-,-,-,-
2,128,Virginia Beach City ,670,Windsor Oaks Elementary,ES,88.39,Approaching Expectations,TSI,58.25,65,21.16,25,8.97,10,-,0,92.68,20.85,92.31,20.77,96.34,9.63,70,7,85.86,10.73,83.43,10.42,10.26,8.97,-,-,-,-,-,-,-,-
2,128,Virginia Beach City ,560,Windsor Woods Elementary,ES,92.07,Meets Expectations,TSI,53.52,55,28.98,35,9.56,10,-,0,97.68,21.97,96.37,21.68,98.64,9.86,^,^,87.13,15.24,78.49,13.73,4.33,9.56,-,-,-,-,-,-,-,-
2,128,Virginia Beach City ,390,Woodstock Elementary,ES,86.23,Approaching Expectations,TSI,56.29,65,20.82,25,9.11,10,-,0,93.8,21.1,92.3,20.76,94.18,9.41,50,5,86.3,10.78,80.3,10.03,8.84,9.11,-,-,-,-,-,-,-,-
4,93,Warren County ,90,A.S. Rhodes Elementary,ES,92.54,Distinguished,,52.38,55,31.19,35,8.96,10,-,0,94.48,21.25,95.27,21.43,96.87,9.68,^,^,90.43,15.82,87.8,15.36,10.31,8.96,-,-,-,-,-,-,-,-
4,93,Warren County ,140,E. Wilson Morrison Elementary,ES,82.10,Approaching Expectations,TSI,54.16,65,19.62,25,8.31,10,-,0,86.48,19.45,86.23,19.4,95.56,9.55,57.5,5.75,80.69,10.08,76.29,9.53,16.89,8.31,-,-,-,-,-,-,-,-
4,93,Warren County ,371,Hilda J. Barbour Elementary,ES,85.85,Approaching Expectations,TSI,55.44,65,22,25,8.4,10,-,0,90,20.25,90.74,20.41,92.58,9.25,55.17,5.51,84.01,10.5,91.98,11.49,15.93,8.4,-,-,-,-,-,-,-,-
4,93,Warren County ,20,Leslie Fox Keyser Elementary,ES,81.03,Approaching Expectations,TSI,54.76,65,18.48,25,7.77,10,-,0,88.63,19.94,85.48,19.23,98.21,9.82,57.69,5.76,77.25,9.65,70.65,8.83,22.27,7.77,-,-,-,-,-,-,-,-
4,93,Warren County ,240,Ressie Jeffries Elementary,ES,83.42,Approaching Expectations,TSI,56.45,65,18.69,25,8.26,10,-,0,87.5,19.68,87.58,19.7,90.62,9.06,80,8,81.04,10.13,68.51,8.56,17.3,8.26,-,-,-,-,-,-,-,-
4,93,Warren County ,250,Skyline High,HS,88.23,Approaching Expectations,TSI,45.97,50,-,0,29.08,35,13.17,15,101.8,15.27,99.76,14.96,95.81,9.58,61.6,6.16,-,-,-,-,31.79,3.41,-,-,92.82,4.64,84.12,21.03,87.82,13.17
4,93,Warren County ,260,Skyline Middle,MS,79.62,Approaching Expectations,TSI,47.12,60,14.93,20,17.56,20,-,0,88.93,17.78,81.42,16.28,93.04,9.3,37.5,3.75,78.1,7.81,71.19,7.11,22.22,7.77,97.87,9.78,-,-,-,-,-,-
4,93,Warren County ,230,Warren County High,HS,88.66,Approaching Expectations,TSI,44.99,50,-,0,29.81,35,13.86,15,103.87,15.58,102.43,15.36,94.28,9.42,46.15,4.61,-,-,-,-,32.63,3.36,-,-,93.4,4.67,87.09,21.77,92.41,13.86
4,93,Warren County ,280,Warren County Middle,MS,86.91,Meets Expectations,,51.96,60,16.98,20,17.96,20,-,0,92.2,18.44,92.74,18.54,92.07,9.2,57.69,5.76,83.93,8.39,85.94,8.59,19.26,8.07,98.9,9.89,-,-,-,-,-,-
7,94,Washington County ,1080,Abingdon Elementary,ES,96.68,Distinguished,,55.37,55,32.04,35,9.26,10,-,0,99.63,22.41,100.24,22.55,104.03,10.4,^,^,92.75,16.23,90.34,15.81,7.36,9.26,-,-,-,-,-,-,-,-
7,94,Washington County ,1030,Abingdon High,HS,113.81,Meets Expectations,TSI,45.31,44.45,-,0,53.47,38.9,15.02,16.67,106.51,17.75,100.11,16.68,97.88,10.87,^,^,-,-,-,-,12.18,4.87,-,-,92.38,5.13,156.47,43.46,90.12,15.02
7,94,Washington County ,40,Damascus Middle,MS,92.69,Distinguished,,47.25,50,26.11,30,19.32,20,-,0,94.68,18.93,94.62,18.92,93.96,9.39,^,^,85.89,12.88,88.2,13.23,6.77,9.32,100,10,-,-,-,-,-,-
7,94,Washington County ,1110,E.B. Stanley Middle,MS,93.58,Distinguished,,49.01,50,25.97,30,18.6,20,-,0,98.85,19.77,97.12,19.42,98.15,9.81,^,^,86.96,13.04,86.18,12.92,13.96,8.6,100,10,-,-,-,-,-,-
7,94,Washington County ,1090,Glade Spring Middle,MS,88.58,Meets Expectations,,46.56,50,23.74,30,18.27,20,-,0,92.35,18.47,91.8,18.36,97.28,9.72,^,^,78.67,11.8,79.63,11.94,13.52,8.64,96.29,9.62,-,-,-,-,-,-
7,94,Washington County ,260,Greendale Elementary,ES,97.05,Distinguished,,54.42,55,33.49,35,9.13,10,-,0,96.45,21.7,98.75,22.21,105,10.5,^,^,95.51,16.71,95.88,16.78,8.62,9.13,-,-,-,-,-,-,-,-
7,94,Washington County ,1070,High Point Elementary,ES,92.68,Distinguished,,52.61,55,31.18,35,8.88,10,-,0,94.56,21.27,94.71,21.31,100.26,10.02,^,^,84.57,14.79,93.6,16.38,11.13,8.88,-,-,-,-,-,-,-,-
7,94,Washington County ,1060,Holston High,HS,117.69,Distinguished,,45.83,44.45,-,0,55.53,38.9,16.33,16.67,108,18,101,16.83,99,11,^,^,-,-,-,-,13.63,4.79,-,-,98.18,5.45,163,45.27,98,16.33
7,94,Washington County ,1040,John S. Battle High,HS,114.14,Distinguished,,45.72,44.45,-,0,53.35,38.9,15.06,16.67,106.11,17.68,102.95,17.15,97.88,10.87,^,^,-,-,-,-,15.51,4.69,-,-,94.21,5.23,156.33,43.42,90.38,15.06
7,94,Washington County ,20,Meadowview Elementary,ES,93.59,Distinguished,,52.67,55,31.8,35,9.11,10,-,0,95.11,21.39,97.22,21.87,94.03,9.4,^,^,89.16,15.6,92.59,16.2,8.87,9.11,-,-,-,-,-,-,-,-
7,94,Washington County ,1050,Patrick Henry High,HS,110.78,Distinguished,,45.58,44.45,-,0,49.59,38.9,15.6,16.67,108.42,18.07,99.16,16.52,98.91,10.99,^,^,-,-,-,-,20.66,4.4,-,-,98.91,5.49,142.89,39.69,93.61,15.6
7,94,Washington County ,50,Rhea Valley Elementary,ES,91.71,Distinguished,,52.43,55,30.68,35,8.59,10,-,0,94.67,21.3,94.7,21.3,98.21,9.82,^,^,86.72,15.17,88.61,15.5,14.04,8.59,-,-,-,-,-,-,-,-
7,94,Washington County ,1020,Valley Institute Elementary,ES,95.52,Distinguished,,54.2,55,32.3,35,9.01,10,-,0,100,22.5,95.54,21.49,102.12,10.21,^,^,92.8,16.24,91.78,16.06,9.83,9.01,-,-,-,-,-,-,-,-
7,94,Washington County ,620,Wallace Middle,MS,92.39,Distinguished,,47.86,50,25.61,30,18.91,20,-,0,96.43,19.28,95.15,19.03,95.45,9.54,^,^,89.06,13.35,81.73,12.25,9.17,9.08,98.3,9.83,-,-,-,-,-,-
7,94,Washington County ,1120,Washington County Virtual School,ES-MS-HS,^,Too Small,,^,40,^,15,25,25,^,0,^,^,^,^,^,^,^,^,^,^,^,^,0,25,^,^,^,^,^,^,^,^
7,94,Washington County ,70,Watauga Elementary,ES,98.32,Distinguished,,56.85,55,32.17,35,9.3,10,-,0,102.9,23.15,102.9,23.15,105.41,10.54,^,^,90.19,15.78,93.64,16.38,6.99,9.3,-,-,-,-,-,-,-,-
5,130,Waynesboro City ,650,Berkeley Glenn Elementary ,ES,83.41,Meets Expectations,,56.23,65,18.46,25,8.7,10,-,0,89.52,20.14,84.95,19.11,91.66,9.16,78.12,7.81,84.61,10.57,63.14,7.89,12.97,8.7,-,-,-,-,-,-,-,-
5,130,Waynesboro City ,640,Kate Collins Middle ,MS,81.94,Approaching Expectations,ATSI,49.27,60,15.1,20,17.56,20,-,0,86.18,17.23,78.1,15.62,83.33,8.33,80.88,8.08,80.77,8.07,70.27,7.02,20.36,7.96,96,9.6,-,-,-,-,-,-
5,130,Waynesboro City ,600,Waynesboro High ,HS,73.94,Needs Intensive Support,TSI,42.21,50,-,0,19.27,35,12.45,15,96.39,14.45,97.51,14.62,93.66,9.36,37.63,3.76,-,-,-,-,29.44,3.52,-,-,89.25,4.46,45.13,11.28,83,12.45
5,130,Waynesboro City ,580,Wenonah Elementary ,ES,88.13,Meets Expectations,,53.82,65,25.24,25,9.05,10,-,0,79.87,17.97,89.1,20.04,95.83,9.58,62.22,6.22,95.56,11.94,106.41,13.3,9.4,9.05,-,-,-,-,-,-,-,-
5,130,Waynesboro City ,630,Westwood Hills Elementary ,ES,85.90,Approaching Expectations,TSI,55.7,65,21.21,25,8.99,10,-,0,88.36,19.88,86.63,19.49,97.58,9.75,65.69,6.56,83.66,10.45,86.02,10.75,10.07,8.99,-,-,-,-,-,-,-,-
5,130,Waynesboro City ,751,William Perry Elementary ,ES,77.76,Needs Intensive Support,TSI,49.11,65,19.65,25,8.99,10,-,0,80.36,18.08,79.1,17.79,82.87,8.28,49.46,4.94,77.25,9.65,79.95,9.99,10.02,8.99,-,-,-,-,-,-,-,-
3,207,West Point ,280,West Point Elementary,ES,96.22,Distinguished,,55.53,55,31.46,35,9.23,10,-,0,100.26,22.55,100.38,22.58,103.84,10.38,^,^,94.44,16.52,85.35,14.93,7.69,9.23,-,-,-,-,-,-,-,-
3,207,West Point ,290,West Point Middle/High,MS-HS,96.47,Distinguished,,38.63,40,16.02,20,32.83,30,8.98,10,98.43,14.76,93.54,14.03,98.39,9.83,^,^,84,8.4,76.21,7.62,13.83,4.3,97.05,4.85,94.44,4.72,126.33,18.94,89.87,8.98
3,95,Westmoreland County ,210,Cople Elementary,ES,78.69,Needs Intensive Support,TSI,52.53,65,17.06,25,9.1,10,-,0,84.8,19.08,83.85,18.86,95.83,9.58,50,5,71.02,8.87,65.47,8.18,8.97,9.1,-,-,-,-,-,-,-,-
3,95,Westmoreland County ,300,Montross Middle,MS,91.44,Distinguished,,54.71,60,18.29,20,18.43,20,-,0,94.07,18.81,97.27,19.45,93.86,9.38,70.58,7.05,87.3,8.73,95.63,9.56,15.66,8.43,100,10,-,-,-,-,-,-
3,95,Westmoreland County ,310,Washington District Elementary,ES,88.33,Meets Expectations,,58.62,65,21.06,25,8.64,10,-,0,95.31,21.44,98.17,22.08,97.61,9.76,53.26,5.32,82.69,10.33,85.85,10.73,13.57,8.64,-,-,-,-,-,-,-,-
3,95,Westmoreland County ,120,Westmoreland High,HS,108.61,Distinguished,,44.13,44.45,-,0,49.66,38.9,14.81,16.67,103.18,17.19,98.62,16.43,94.49,10.49,^,^,-,-,-,-,22.77,4.29,-,-,93.75,5.2,144.59,40.16,88.88,14.81
2,131,Williamsburg-James City County ,60,Berkeley Middle,MS,88.24,Meets Expectations,,52.73,60,16.44,20,19.06,20,-,0,94.21,18.84,93.39,18.67,95.5,9.55,56.66,5.66,84.64,8.46,79.77,7.97,6.88,9.31,97.54,9.75,-,-,-,-,-,-
2,131,Williamsburg-James City County ,40,Clara Byrd Baker Elementary,ES,91.40,Distinguished,,59.19,65,23.18,25,9.02,10,-,0,97.55,21.95,96.41,21.69,101.38,10.13,54.16,5.41,93.5,11.68,92,11.5,9.77,9.02,-,-,-,-,-,-,-,-
2,131,Williamsburg-James City County ,80,D.J. Montague Elementary,ES,90.08,Meets Expectations,TSI,60.74,65,20.45,25,8.88,10,-,0,91.02,20.48,93.24,20.98,98.73,9.87,94.11,9.41,82.82,10.35,80.82,10.1,11.13,8.88,-,-,-,-,-,-,-,-
2,131,Williamsburg-James City County ,190,J. Blaine Blayton Elementary,ES,89.38,Meets Expectations,,57.81,65,22.59,25,8.97,10,-,0,94.33,21.22,93.62,21.06,95.23,9.52,60,6,90.73,11.34,90.05,11.25,10.23,8.97,-,-,-,-,-,-,-,-
2,131,Williamsburg-James City County ,25,James Blair Middle,MS,88.10,Meets Expectations,,52.23,60,16.71,20,19.16,20,-,0,95.64,19.12,91.26,18.25,93.19,9.31,55.3,5.53,88.92,8.89,78.18,7.81,6.68,9.33,98.31,9.83,-,-,-,-,-,-
2,131,Williamsburg-James City County ,201,James River Elementary,ES,81.84,Approaching Expectations,TSI,51.54,65,21.27,25,9.01,10,-,0,78.88,17.74,84.11,18.92,89.86,8.98,58.88,5.88,81.8,10.22,88.43,11.05,9.86,9.01,-,-,-,-,-,-,-,-
2,131,Williamsburg-James City County ,202,Jamestown High,HS,99.35,Distinguished,,46.5,50,-,0,38.55,35,14.28,15,109.55,16.43,100.77,15.11,101.63,10.16,47.94,4.79,-,-,-,-,4.23,4.78,-,-,96.16,4.8,115.84,28.96,95.25,14.28
2,131,Williamsburg-James City County ,90,Lafayette High,HS,92.50,Meets Expectations,TSI,45.69,50,-,0,33.15,35,13.64,15,104.21,15.63,98.79,14.81,98.41,9.84,54.04,5.4,-,-,-,-,10.08,4.49,-,-,93.46,4.67,95.94,23.98,90.98,13.64
2,131,Williamsburg-James City County ,50,Laurel Lane Elementary,ES,89.06,Meets Expectations,,57.04,65,22.69,25,9.32,10,-,0,93.1,20.94,96.1,21.62,103.04,10.3,41.66,4.16,92.64,11.58,88.94,11.11,6.74,9.32,-,-,-,-,-,-,-,-
2,131,Williamsburg-James City County ,191,Lois Hornsby Middle,MS,88.28,Meets Expectations,,52.22,60,17.29,20,18.77,20,-,0,97.56,19.51,92.33,18.46,96.96,9.69,45.45,4.54,90.14,9.01,82.75,8.27,8.76,9.12,96.48,9.64,-,-,-,-,-,-
2,131,Williamsburg-James City County ,205,Matoaka Elementary,ES,98.21,Distinguished,,63.58,65,25.3,25,9.32,10,-,0,99.91,22.48,101.87,22.92,106.86,10.68,75,7.5,98.9,12.36,103.53,12.94,6.79,9.32,-,-,-,-,-,-,-,-
2,131,Williamsburg-James City County ,10,Matthew Whaley Elementary,ES,91.14,Distinguished,,58.78,65,23.12,25,9.23,10,-,0,92.85,20.89,95.21,21.42,98.55,9.85,66.12,6.61,92.22,11.52,92.75,11.59,7.65,9.23,-,-,-,-,-,-,-,-
2,131,Williamsburg-James City County ,70,Norge Elementary,ES,88.37,Meets Expectations,,58.06,65,21.41,25,8.89,10,-,0,92.42,20.79,91.54,20.59,97.52,9.75,69.16,6.91,85.38,10.67,85.96,10.74,11.07,8.89,-,-,-,-,-,-,-,-
2,131,Williamsburg-James City County ,203,Stonehouse Elementary,ES,94.77,Distinguished,,62.18,65,23.07,25,9.52,10,-,0,99.31,22.34,101.13,22.75,102.02,10.2,68.75,6.87,89.61,11.2,94.98,11.87,4.78,9.52,-,-,-,-,-,-,-,-
2,131,Williamsburg-James City County ,100,Toano Middle,MS,90.64,Distinguished,,47.25,50,24.64,30,18.73,20,-,0,96.36,19.27,91.79,18.35,96.26,9.62,^,^,85.6,12.84,78.72,11.8,7.18,9.28,94.51,9.45,-,-,-,-,-,-
2,131,Williamsburg-James City County ,204,Warhill High,HS,94.51,Distinguished,,48.35,50,-,0,32.27,35,13.89,15,104.32,15.64,97.57,14.63,97.79,9.77,82.85,8.28,-,-,-,-,9.48,4.52,-,-,95.63,4.78,91.86,22.96,92.61,13.89
4,132,Winchester City ,75,Daniel Morgan Intermediate,ES,80.64,Approaching Expectations,TSI,51.57,65,20.06,25,9.01,10,-,0,83.76,18.84,89.14,20.05,91.05,9.1,35.6,3.56,76.88,9.61,83.61,10.45,9.85,9.01,-,-,-,-,-,-,-,-
4,132,Winchester City ,70,Daniel Morgan Middle,MS,81.83,Approaching Expectations,TSI,46.91,60,16.57,20,18.34,20,-,0,83.49,16.69,90.05,18.01,90.13,9.01,31.94,3.19,78.89,7.88,86.83,8.68,15.18,8.48,98.6,9.86,-,-,-,-,-,-
4,132,Winchester City ,80,Frederick Douglass Elementary,ES,88.34,Meets Expectations,,55.75,65,23.4,25,9.18,10,-,0,91.8,25.24,91.39,25.13,^,^,53.75,5.37,97.76,12.22,89.47,11.18,8.17,9.18,-,-,-,-,-,-,-,-
4,132,Winchester City ,50,Garland R. Quarles Elementary,ES,84.47,Meets Expectations,,53.7,65,21.43,25,9.34,10,-,0,83.89,23.07,88.83,24.42,^,^,62.02,6.2,89.49,11.18,81.98,10.24,6.57,9.34,-,-,-,-,-,-,-,-
4,132,Winchester City ,40,John Handley High,HS,99.36,Distinguished,,45.09,50,-,0,40.04,35,14.22,15,101.38,15.2,99.62,14.94,96.95,9.69,52.51,5.25,-,-,-,-,25.38,3.73,-,-,92.85,4.64,126.69,31.67,94.81,14.22
4,132,Winchester City ,90,John Kerr Elementary,ES,85.60,Approaching Expectations,TSI,54.55,65,21.94,25,9.1,10,-,0,87.56,24.07,89.12,24.5,^,^,59.69,5.96,90.65,11.33,84.9,10.61,8.94,9.1,-,-,-,-,-,-,-,-
4,132,Winchester City ,20,Virginia Avenue Charlotte Dehart Elementary ,ES,82.20,Meets Expectations,,50.01,65,22.86,25,9.32,10,-,0,75.99,20.89,83.14,22.86,^,^,62.5,6.25,82.38,10.29,100.54,12.56,6.75,9.32,-,-,-,-,-,-,-,-
7,96,Wise County ,1000,Central High,HS,115.39,Distinguished,,45.85,44.45,-,0,53.1,38.9,16.44,16.67,107.04,17.84,101.76,16.96,99.47,11.05,^,^,-,-,-,-,12.66,4.85,-,-,99.3,5.51,153.83,42.73,98.65,16.44
7,96,Wise County ,651,Coeburn Middle,MS,94.42,Distinguished,,49.19,50,25.67,30,19.54,20,-,0,98.79,19.75,97.65,19.53,99.08,9.9,^,^,87.5,13.12,83.69,12.55,4.52,9.54,100,10,-,-,-,-,-,-
7,96,Wise County ,653,Coeburn Primary,ES,100.77,Distinguished,,56.49,55,35.11,35,9.16,10,-,0,101.69,27.96,103.75,28.53,^,^,^,^,103.47,18.1,97.18,17,8.39,9.16,-,-,-,-,-,-,-,-
7,96,Wise County ,652,Eastside High,HS,115.87,Distinguished,,45.27,44.45,-,0,55.01,38.9,15.58,16.67,105.61,17.6,99.5,16.58,99.75,11.08,^,^,-,-,-,-,9.21,5.04,-,-,96.87,5.38,160.52,44.59,93.51,15.58
7,96,Wise County ,73,J.W. Adams Combined,ES-MS,96.83,Distinguished,,53.34,52.95,33.4,36.48,10.07,10.59,-,0,100.62,21.3,100.8,21.34,100.94,10.68,^,^,91.07,16.6,92.13,16.8,4.8,10.07,^,^,-,-,-,-,-,-
7,96,Wise County ,320,L.F. Addington Middle,MS,97.77,Distinguished,,50.3,50,27.98,30,19.48,20,-,0,99.6,19.92,102.05,20.41,99.72,9.97,^,^,91.29,13.69,95.25,14.28,5.14,9.48,100,10,-,-,-,-,-,-
7,96,Wise County ,871,St. Paul Elementary,ES-MS,101.13,Distinguished,,52.8,50,34.19,35,14.14,15,-,0,103.28,20.65,105.9,21.18,109.64,10.96,^,^,95.53,16.71,99.87,17.47,8.58,9.14,100,5,-,-,-,-,-,-
7,96,Wise County ,1010,Union High,HS,105.89,Distinguished,,45.23,44.45,-,0,45.07,38.9,15.57,16.67,105.24,17.54,99.61,16.6,99.8,11.08,^,^,-,-,-,-,12.85,4.84,-,-,96.06,5.33,125.64,34.9,93.47,15.57
7,96,Wise County ,1013,Union Middle,MS,95.00,Distinguished,,49.4,50,26.5,30,19.09,20,-,0,99.01,19.8,98.46,19.69,99.08,9.9,^,^,88.05,13.2,88.64,13.29,7.45,9.25,98.41,9.84,-,-,-,-,-,-
7,96,Wise County ,1012,Union Primary,ES,97.83,Distinguished,,54.55,55,34.15,35,9.13,10,-,0,98.67,27.13,99.69,27.41,^,^,^,^,97.47,17.05,97.66,17.09,8.67,9.13,-,-,-,-,-,-,-,-
7,96,Wise County ,1020,Wise Primary,ES,96.49,Distinguished,,52.89,55,33.86,35,9.73,10,-,0,96.96,26.66,95.37,26.22,^,^,^,^,97.72,17.1,95.78,16.76,2.62,9.73,-,-,-,-,-,-,-,-
7,97,Wythe County ,760,Fort Chiswell High,HS,110.96,Distinguished,,45.96,44.45,-,0,49.4,38.9,15.6,16.67,108.7,18.11,100,16.66,100.58,11.17,^,^,-,-,-,-,6.19,5.21,-,-,97.39,5.41,139.6,38.77,93.61,15.6
7,97,Wythe County ,1073,Fort Chiswell Middle,MS,88.58,Approaching Expectations,TSI,52.02,56.25,26.55,32.5,9.99,11.25,-,0,93.39,21.01,90.57,20.38,94.53,10.63,^,^,81.66,13.26,81.75,13.28,11.11,9.99,^,^,-,-,-,-,-,-
7,97,Wythe County ,721,George Wythe High,HS,117.16,Distinguished,,45.67,44.45,-,0,56.09,38.9,15.38,16.67,104.33,17.38,102.04,17,101.54,11.28,^,^,-,-,-,-,11.08,4.93,-,-,95.08,5.28,165.15,45.87,92.3,15.38
7,97,Wythe County ,730,Jackson Memorial Elementary,ES,89.23,Meets Expectations,,50.16,55,29.35,35,9.71,10,-,0,89.35,20.1,92.15,20.73,93.26,9.32,^,^,87.5,15.31,80.24,14.04,2.89,9.71,-,-,-,-,-,-,-,-
7,97,Wythe County ,100,Max Meadows Elementary,ES,94.73,Distinguished,,52.81,55,32.41,35,9.5,10,-,0,96.51,21.71,95.05,21.38,97.11,9.71,^,^,93.85,16.42,91.36,15.98,4.92,9.5,-,-,-,-,-,-,-,-
7,97,Wythe County ,201,Rural Retreat Elementary,ES,90.89,Distinguished,,53.75,55,28.14,35,9,10,-,0,98.81,22.23,97.76,21.99,95.2,9.52,^,^,82.96,14.51,77.85,13.62,10,9,-,-,-,-,-,-,-,-
7,97,Wythe County ,202,Rural Retreat High,HS,112.84,Distinguished,,46.26,44.45,-,0,50.55,38.9,16.01,16.67,107.43,17.9,102.33,17.05,101.73,11.3,^,^,-,-,-,-,7.74,5.12,-,-,97.29,5.4,144.09,40.02,96.1,16.01
7,97,Wythe County ,1074,Rural Retreat Middle,MS,90.11,Distinguished,,52.32,56.25,26.92,32.5,10.86,11.25,-,0,93.41,21.01,91.28,20.53,95.72,10.76,^,^,80.55,13.09,85.12,13.83,3.38,10.86,^,^,-,-,-,-,-,-
7,97,Wythe County ,1075,Scott Memorial Middle,MS,92.43,Distinguished,,47.78,50,25.85,30,18.8,20,-,0,96.1,19.22,94.1,18.82,97.39,9.73,^,^,89.8,13.47,82.52,12.37,7.18,9.28,95.23,9.52,-,-,-,-,-,-
7,97,Wythe County ,740,Sheffey Elementary,ES,89.35,Meets Expectations,,52.47,55,27.26,35,9.6,10,-,0,94.82,21.33,93.58,21.05,100.8,10.08,^,^,89.87,15.72,65.93,11.53,3.9,9.6,-,-,-,-,-,-,-,-
7,97,Wythe County ,440,Speedwell Elementary,ES,97.51,Distinguished,,54.03,55,33.66,35,9.81,10,-,0,98.33,22.12,100,22.5,94.11,9.41,^,^,97.91,17.13,94.44,16.52,1.88,9.81,-,-,-,-,-,-,-,-
7,97,Wythe County ,190,Spiller Elementary,ES,91.47,Meets Expectations,TSI,51.64,55,30.65,35,9.17,10,-,0,92.72,20.86,95.41,21.46,93.13,9.31,^,^,82.42,14.42,92.72,16.22,8.22,9.17,-,-,-,-,-,-,-,-
2,98,York County ,180,Bethel Manor Elementary,ES,98.43,Distinguished,,55.65,55,33.35,35,9.42,10,-,0,100.67,22.65,100.68,22.65,103.52,10.35,^,^,94.04,16.45,96.57,16.9,5.78,9.42,-,-,-,-,-,-,-,-
2,98,York County ,20,Bruton High,HS,101.79,Distinguished,,45.11,44.45,-,0,40.66,38.9,16.01,16.67,106.76,17.79,98.8,16.46,97.69,10.85,^,^,-,-,-,-,9.64,5.01,-,-,97.77,5.43,108.77,30.21,96.06,16.01
2,98,York County ,90,Coventry Elementary,ES,93.37,Distinguished,,60.53,65,23.36,25,9.48,10,-,0,99.84,22.46,101.46,22.82,104.08,10.4,48.27,4.82,89.6,11.2,97.29,12.16,5.17,9.48,-,-,-,-,-,-,-,-
2,98,York County ,160,Dare Elementary,ES,97.48,Distinguished,,55.03,55,32.62,35,9.82,10,-,0,100.32,22.57,99.66,22.42,100.36,10.03,^,^,89.96,15.74,96.45,16.87,1.77,9.82,-,-,-,-,-,-,-,-
2,98,York County ,140,Grafton Bethel Elementary,ES,93.97,Distinguished,,61.55,65,23.34,25,9.07,10,-,0,99.61,22.41,100,22.5,102.77,10.27,63.63,6.36,90.83,11.35,95.89,11.98,9.25,9.07,-,-,-,-,-,-,-,-
2,98,York County ,332,Grafton High,HS,93.32,Meets Expectations,TSI,47.4,50,-,0,31.67,35,14.24,15,109.34,16.4,100.87,15.13,99.64,9.96,59.09,5.9,-,-,-,-,8.96,4.55,-,-,98.91,4.94,88.72,22.18,94.95,14.24
2,98,York County ,333,Grafton Middle,MS,92.63,Distinguished,,56.36,60,17.6,20,18.66,20,-,0,99.92,19.98,97.57,19.51,99.91,9.99,68.75,6.87,89.45,8.94,86.59,8.65,9.01,9.09,95.62,9.56,-,-,-,-,-,-
2,98,York County ,10,Magruder Elementary,ES,91.66,Distinguished,,60.81,65,21.84,25,9.01,10,-,0,98.05,22.06,97.63,21.96,99.75,9.97,68.05,6.8,87.29,10.91,87.43,10.92,9.83,9.01,-,-,-,-,-,-,-,-
2,98,York County ,80,Mount Vernon Elementary ,ES,99.13,Distinguished,,65.03,65,24.51,25,9.58,10,-,0,101.54,22.84,103.28,23.23,106.93,10.69,82.6,8.26,96.09,12.01,100,12.5,4.14,9.58,-,-,-,-,-,-,-,-
2,98,York County ,200,Queens Lake Middle,MS,93.28,Distinguished,,48.37,50,25.98,30,18.93,20,-,0,98.54,19.7,95.31,19.06,95.99,9.59,^,^,87.82,13.17,85.39,12.8,8.02,9.19,97.35,9.73,-,-,-,-,-,-
2,98,York County ,170,Seaford Elementary,ES,97.62,Distinguished,,55.9,55,31.98,35,9.73,10,-,0,101.26,22.78,101.8,22.9,102.16,10.21,^,^,91.12,15.94,91.62,16.03,2.64,9.73,-,-,-,-,-,-,-,-
2,98,York County ,50,Tabb Elementary,ES,98.19,Distinguished,,64.9,65,23.65,25,9.64,10,-,0,102.94,23.16,105.26,23.68,108.33,10.83,72.22,7.22,92.43,11.55,96.78,12.09,3.58,9.64,-,-,-,-,-,-,-,-
2,98,York County ,230,Tabb High,HS,99.52,Distinguished,,48.28,50,-,0,36.71,35,14.52,15,108.72,16.3,102.89,15.43,100.66,10.06,64.7,6.47,-,-,-,-,8.66,4.56,-,-,98.81,4.94,108.81,27.2,96.86,14.52
2,98,York County ,190,Tabb Middle,MS,95.14,Distinguished,,57.05,60,18.86,20,19.22,20,-,0,102.05,20.41,103.14,20.62,100.14,10.01,60,6,92.35,9.23,96.29,9.62,7,9.29,99.26,9.92,-,-,-,-,-,-
2,98,York County ,220,Waller Mill Elementary,ES,91.65,Distinguished,,60.32,65,22.01,25,9.3,10,-,0,100,22.5,99.11,22.3,98.1,9.81,57.14,5.71,90.98,11.37,85.17,10.64,6.91,9.3,-,-,-,-,-,-,-,-
2,98,York County ,30,York High,HS,102.47,Distinguished,,45.29,44.45,-,0,41.06,38.9,16.11,16.67,106.75,17.79,99.33,16.55,98.53,10.94,^,^,-,-,-,-,7.85,5.11,-,-,95.98,5.33,110.2,30.61,96.69,16.11
2,98,York County ,335,York River Academy,HS,97.51,Distinguished,,46.27,47.05,-,0,34.42,35.29,16.8,17.64,98.75,17.42,98.68,17.41,97.22,11.43,^,^,-,-,-,-,8.19,5.4,-,-,^,^,98.68,29.02,95.23,16.8
2,98,York County ,210,Yorktown Elementary,ES,93.54,Meets Expectations,TSI,62.23,65,21.81,25,9.5,10,-,0,95.95,21.58,95.49,21.48,101.06,10.1,90.47,9.04,88.09,11.01,86.38,10.79,4.99,9.5,-,-,-,-,-,-,-,-
2,98,York County ,60,Yorktown Middle,MS,91.53,Distinguished,,47.89,50,25.3,30,18.33,20,-,0,96.49,19.29,94.56,18.91,96.86,9.68,^,^,85.63,12.84,83.03,12.45,8.2,9.17,91.57,9.15,-,-,-,-,-,-
